subject_id,project_id,workflow_id,subject_set_id,metadata,locations,classifications_count,retired_at,retirement_reason,created_at,updated_at
117259622,31802,31161,134130,"{""Filename"":""102021498_NEG625122780479687709_gz_arcsinh_vis_y.jpg""}","{""0"":""https://panoptes-uploads.zooniverse.org/subject_location/d6d90d15-7770-49e1-a34c-d8f8a76d10e7.jpeg""}",0,,,2026-02-02 07:44:27 UTC,2026-02-02 07:44:27 UTC
117259623,31802,31161,134130,"{""Filename"":""102021991_NEG659987474472671705_gz_arcsinh_vis_y.jpg""}","{""0"":""https://panoptes-uploads.zooniverse.org/subject_location/e46ba16e-e19d-4ab5-8746-9538c33edaae.jpeg""}",0,,,2026-02-02 07:44:29 UTC,2026-02-02 07:44:29 UTC
117259624,31802,31161,134130,"{""Filename"":""102158586_2701005542650309395_gz_arcsinh_vis_y.jpg""}","{""0"":""https://panoptes-uploads.zooniverse.org/subject_location/664a8bb1-9f0c-4a26-9d27-2c7644596216.jpeg""}",0,,,2026-02-02 07:44:29 UTC,2026-02-02 07:44:29 UTC
117259625,31802,31161,134130,"{""Filename"":""102158896_2761001933654755696_gz_arcsinh_vis_y.jpg""}","{""0"":""https://panoptes-uploads.zooniverse.org/subject_location/d729a6c1-0e0a-4ae0-b3a9-c5b6cd61d877.jpeg""}",0,,,2026-02-02 07:44:30 UTC,2026-02-02 07:44:30 UTC
117259626,31802,31161,134130,"{""Filename"":""102023479_NEG635410571457680531_gz_arcsinh_vis_y.jpg""}","{""0"":""https://panoptes-uploads.zooniverse.org/subject_location/309d7f93-17bb-4c61-82bd-f5587afbe96e.jpeg""}",0,,,2026-02-02 07:44:30 UTC,2026-02-02 07:44:30 UTC
117259627,31802,31161,134130,"{""Filename"":""102045470_NEG545211232272476411_gz_arcsinh_vis_y.jpg""}","{""0"":""https://panoptes-uploads.zooniverse.org/subject_location/205761bf-b7cc-4504-a3d8-5ed7189b3881.jpeg""}",0,,,2026-02-02 07:44:30 UTC,2026-02-02 07:44:30 UTC
117259628,31802,31161,134130,"{""Filename"":""102158584_2683878338648795844_gz_arcsinh_vis_y.jpg""}","{""0"":""https://panoptes-uploads.zooniverse.org/subject_location/0b5ec92e-6fda-4d78-9a88-7a05404cca3c.jpeg""}",0,,,2026-02-02 07:44:31 UTC,2026-02-02 07:44:31 UTC
117259629,31802,31161,134130,"{""Filename"":""102160055_2648560519677368279_gz_arcsinh_vis_y.jpg""}","{""0"":""https://panoptes-uploads.zooniverse.org/subject_location/1e543c0a-8e44-4755-80ba-56470074d596.jpeg""}",0,,,2026-02-02 07:44:31 UTC,2026-02-02 07:44:31 UTC
117259630,31802,31161,134130,"{""Filename"":""102022977_NEG635909936465036217_gz_arcsinh_vis_y.jpg""}","{""0"":""https://panoptes-uploads.zooniverse.org/subject_location/f050bcde-6b42-46b8-b2ef-acd985e7af86.jpeg""}",0,,,2026-02-02 07:44:32 UTC,2026-02-02 07:44:32 UTC
117259631,31802,31161,134130,"{""Filename"":""102157953_2665654454639231565_gz_arcsinh_vis_y.jpg""}","{""0"":""https://panoptes-uploads.zooniverse.org/subject_location/70d94bd0-d72c-45a3-97a5-115b7f0ce214.jpeg""}",0,,,2026-02-02 07:44:32 UTC,2026-02-02 07:44:32 UTC
117259632,31802,31161,134130,"{""Filename"":""102021014_NEG613915352486095867_gz_arcsinh_vis_y.jpg""}","{""0"":""https://panoptes-uploads.zooniverse.org/subject_location/e00954ae-dc72-49c1-9678-a965d9c676d6.jpeg""}",0,,,2026-02-02 07:44:33 UTC,2026-02-02 07:44:33 UTC
117259633,31802,31161,134130,"{""Filename"":""102160335_2684496291681428097_gz_arcsinh_vis_y.jpg""}","{""0"":""https://panoptes-uploads.zooniverse.org/subject_location/996dfde6-898e-43ba-91f5-a964e661ffb7.jpeg""}",0,,,2026-02-02 07:44:33 UTC,2026-02-02 07:44:33 UTC
117259634,31802,31161,134130,"{""Filename"":""102044187_NEG540936462278290074_gz_arcsinh_vis_y.jpg""}","{""0"":""https://panoptes-uploads.zooniverse.org/subject_location/ec310555-6c1e-41eb-934c-d9ea13761525.jpeg""}",0,,,2026-02-02 07:44:34 UTC,2026-02-02 07:44:34 UTC
117259635,31802,31161,134130,"{""Filename"":""102046111_NEG522772837266129823_gz_arcsinh_vis_y.jpg""}","{""0"":""https://panoptes-uploads.zooniverse.org/subject_location/bfc20ec6-3e03-433b-990e-4331ad59243b.jpeg""}",0,,,2026-02-02 07:44:34 UTC,2026-02-02 07:44:34 UTC
117259636,31802,31161,134130,"{""Filename"":""102021011_NEG592172475486518161_gz_arcsinh_vis_y.jpg""}","{""0"":""https://panoptes-uploads.zooniverse.org/subject_location/0a2876d8-8e7e-488a-aac3-9daccbe6f1c8.jpeg""}",0,,,2026-02-02 07:44:35 UTC,2026-02-02 07:44:35 UTC
117259637,31802,31161,134130,"{""Filename"":""102022976_NEG629506874462605376_gz_arcsinh_vis_y.jpg""}","{""0"":""https://panoptes-uploads.zooniverse.org/subject_location/9b84ad39-85e2-465a-9d5b-b9149e9c9684.jpeg""}",0,,,2026-02-02 07:44:35 UTC,2026-02-02 07:44:35 UTC
117259638,31802,31161,134130,"{""Filename"":""102043552_NEG547719543286634431_gz_arcsinh_vis_y.jpg""}","{""0"":""https://panoptes-uploads.zooniverse.org/subject_location/18bae152-b997-4413-bd2b-30067e103575.jpeg""}",0,,,2026-02-02 07:44:36 UTC,2026-02-02 07:44:36 UTC
117259639,31802,31161,134130,"{""Filename"":""102020056_NEG573336206495691424_gz_arcsinh_vis_y.jpg""}","{""0"":""https://panoptes-uploads.zooniverse.org/subject_location/056e395c-a6b8-4644-97fe-9f963fe4cd20.jpeg""}",0,,,2026-02-02 07:44:36 UTC,2026-02-02 07:44:36 UTC
117259640,31802,31161,134130,"{""Filename"":""102021015_NEG620548183482972439_gz_arcsinh_vis_y.jpg""}","{""0"":""https://panoptes-uploads.zooniverse.org/subject_location/d2e09e46-4ee3-490a-924c-29238579ff09.jpeg""}",0,,,2026-02-02 07:44:36 UTC,2026-02-02 07:44:36 UTC
117259641,31802,31161,134130,"{""Filename"":""102022477_NEG611304742472139916_gz_arcsinh_vis_y.jpg""}","{""0"":""https://panoptes-uploads.zooniverse.org/subject_location/b26980b8-c2e2-4203-bb90-f93c876651ff.jpeg""}",0,,,2026-02-02 07:44:37 UTC,2026-02-02 07:44:37 UTC
117259642,31802,31161,134130,"{""Filename"":""102044182_NEG510238637279976004_gz_arcsinh_vis_y.jpg""}","{""0"":""https://panoptes-uploads.zooniverse.org/subject_location/35c92aed-455b-4ca4-981f-36f349909d0f.jpeg""}",0,,,2026-02-02 07:44:37 UTC,2026-02-02 07:44:37 UTC
117259643,31802,31161,134130,"{""Filename"":""102044824_NEG526894322276359395_gz_arcsinh_vis_y.jpg""}","{""0"":""https://panoptes-uploads.zooniverse.org/subject_location/4a0c4c6b-a4c5-4396-9e57-74ae3b639104.jpeg""}",0,,,2026-02-02 07:44:38 UTC,2026-02-02 07:44:38 UTC
117259644,31802,31161,134130,"{""Filename"":""102021988_NEG639579070474688811_gz_arcsinh_vis_y.jpg""}","{""0"":""https://panoptes-uploads.zooniverse.org/subject_location/1187d85b-e273-4d15-ae70-94ea7a2bddc0.jpeg""}",0,,,2026-02-02 07:44:38 UTC,2026-02-02 07:44:38 UTC
117259645,31802,31161,134130,"{""Filename"":""102044828_NEG548165154275324219_gz_arcsinh_vis_y.jpg""}","{""0"":""https://panoptes-uploads.zooniverse.org/subject_location/0897318c-cde0-45db-b2be-28a5cc161fcd.jpeg""}",0,,,2026-02-02 07:44:39 UTC,2026-02-02 07:44:39 UTC
117259646,31802,31161,134130,"{""Filename"":""102158888_2656245381655251901_gz_arcsinh_vis_y.jpg""}","{""0"":""https://panoptes-uploads.zooniverse.org/subject_location/111609dd-2fe9-4fb9-8038-dd5a5c1b8a92.jpeg""}",0,,,2026-02-02 07:44:39 UTC,2026-02-02 07:44:39 UTC
117259647,31802,31161,134130,"{""Filename"":""102041657_NEG527803766297261816_gz_arcsinh_vis_y.jpg""}","{""0"":""https://panoptes-uploads.zooniverse.org/subject_location/8b07fb63-62e7-4171-800f-2c4e7400300d.jpeg""}",0,,,2026-02-02 07:44:40 UTC,2026-02-02 07:44:40 UTC
117259648,31802,31161,134130,"{""Filename"":""102042286_NEG538493447292957713_gz_arcsinh_vis_y.jpg""}","{""0"":""https://panoptes-uploads.zooniverse.org/subject_location/8721bdfc-8d7c-4a38-a986-66dc51eb81df.jpeg""}",0,,,2026-02-02 07:44:40 UTC,2026-02-02 07:44:40 UTC
117259649,31802,31161,134130,"{""Filename"":""102160335_2673235220682088751_gz_arcsinh_vis_y.jpg""}","{""0"":""https://panoptes-uploads.zooniverse.org/subject_location/55e41c12-1978-4c7e-b834-c597bd7cffa1.jpeg""}",0,,,2026-02-02 07:44:41 UTC,2026-02-02 07:44:41 UTC
117259650,31802,31161,134130,"{""Filename"":""102021503_NEG662123503480016749_gz_arcsinh_vis_y.jpg""}","{""0"":""https://panoptes-uploads.zooniverse.org/subject_location/734b1a3a-9013-4527-8812-6adf3cc414b6.jpeg""}",0,,,2026-02-02 07:44:41 UTC,2026-02-02 07:44:41 UTC
117259651,31802,31161,134130,"{""Filename"":""102160337_2698950974679666358_gz_arcsinh_vis_y.jpg""}","{""0"":""https://panoptes-uploads.zooniverse.org/subject_location/8aac40af-dbda-47ce-9a15-b5bb613e8f2b.jpeg""}",0,,,2026-02-02 07:44:42 UTC,2026-02-02 07:44:42 UTC
117259652,31802,31161,134130,"{""Filename"":""102046113_NEG533841230266689550_gz_arcsinh_vis_y.jpg""}","{""0"":""https://panoptes-uploads.zooniverse.org/subject_location/aabef6b9-2dc3-4c02-a7ae-0902ede02f76.jpeg""}",0,,,2026-02-02 07:44:42 UTC,2026-02-02 07:44:42 UTC
117259653,31802,31161,134130,"{""Filename"":""102022972_NEG600236268465587053_gz_arcsinh_vis_y.jpg""}","{""0"":""https://panoptes-uploads.zooniverse.org/subject_location/720136f7-5d52-4448-8942-1350f540df41.jpeg""}",0,,,2026-02-02 07:44:43 UTC,2026-02-02 07:44:43 UTC
117259654,31802,31161,134130,"{""Filename"":""102071571_NEG859644645080449200_gz_arcsinh_vis_y.jpg""}","{""0"":""https://panoptes-uploads.zooniverse.org/subject_location/c2940069-b88a-43dd-8df9-4acf65ba5cd1.jpeg""}",0,,,2026-02-02 07:44:43 UTC,2026-02-02 07:44:43 UTC
117259655,31802,31161,134130,"{""Filename"":""102046115_NEG543697300265709923_gz_arcsinh_vis_y.jpg""}","{""0"":""https://panoptes-uploads.zooniverse.org/subject_location/f2683695-7044-46cd-a062-bd3f5b28650f.jpeg""}",0,,,2026-02-02 07:44:44 UTC,2026-02-02 07:44:44 UTC
117259656,31802,31161,134130,"{""Filename"":""102042915_NEG527637946288878979_gz_arcsinh_vis_y.jpg""}","{""0"":""https://panoptes-uploads.zooniverse.org/subject_location/a35d0720-c98a-4471-942f-4236fabcfaf0.jpeg""}",0,,,2026-02-02 07:44:44 UTC,2026-02-02 07:44:44 UTC
117259657,31802,31161,134130,"{""Filename"":""102158885_2629863652655123458_gz_arcsinh_vis_y.jpg""}","{""0"":""https://panoptes-uploads.zooniverse.org/subject_location/a1a14fe2-75e2-4ad0-816d-f309ff052d92.jpeg""}",0,,,2026-02-02 07:44:45 UTC,2026-02-02 07:44:45 UTC
117259658,31802,31161,134130,"{""Filename"":""102043547_NEG520015207286503856_gz_arcsinh_vis_y.jpg""}","{""0"":""https://panoptes-uploads.zooniverse.org/subject_location/57f0fdbd-ca6a-4430-b9f8-9a41e0ec5ce7.jpeg""}",0,,,2026-02-02 07:44:45 UTC,2026-02-02 07:44:45 UTC
117259659,31802,31161,134130,"{""Filename"":""102158270_2662142566645801796_gz_arcsinh_vis_y.jpg""}","{""0"":""https://panoptes-uploads.zooniverse.org/subject_location/8a809fa5-fa46-4e05-9072-755bae4732d8.jpeg""}",0,,,2026-02-02 07:44:45 UTC,2026-02-02 07:44:45 UTC
117259660,31802,31161,134130,"{""Filename"":""102158273_2693642042646039747_gz_arcsinh_vis_y.jpg""}","{""0"":""https://panoptes-uploads.zooniverse.org/subject_location/3532d705-539f-48ea-bf1f-01d9f89382bc.jpeg""}",0,,,2026-02-02 07:44:46 UTC,2026-02-02 07:44:46 UTC
117259661,31802,31161,134130,"{""Filename"":""102043550_NEG536317452284031888_gz_arcsinh_vis_y.jpg""}","{""0"":""https://panoptes-uploads.zooniverse.org/subject_location/ace29296-ee68-49d5-b897-11ae5615aff7.jpeg""}",0,,,2026-02-02 07:44:46 UTC,2026-02-02 07:44:46 UTC
117259662,31802,31161,134130,"{""Filename"":""102157633_2701262208635134917_gz_arcsinh_vis_y.jpg""}","{""0"":""https://panoptes-uploads.zooniverse.org/subject_location/b7986719-3c92-4a37-9baa-094ac660d0c4.jpeg""}",0,,,2026-02-02 07:44:47 UTC,2026-02-02 07:44:47 UTC
117259663,31802,31161,134130,"{""Filename"":""102160339_2725721751681106088_gz_arcsinh_vis_y.jpg""}","{""0"":""https://panoptes-uploads.zooniverse.org/subject_location/afa00f4c-2183-4ce9-a758-532bda515646.jpeg""}",0,,,2026-02-02 07:44:47 UTC,2026-02-02 07:44:47 UTC
117259664,31802,31161,134130,"{""Filename"":""102020539_NEG643347302489690370_gz_arcsinh_vis_y.jpg""}","{""0"":""https://panoptes-uploads.zooniverse.org/subject_location/7cd36cf0-c18f-4d0a-aab4-cc91781aaa4e.jpeg""}",0,,,2026-02-02 07:44:48 UTC,2026-02-02 07:44:48 UTC
117259665,31802,31161,134130,"{""Filename"":""102019129_NEG617845573502749004_gz_arcsinh_vis_y.jpg""}","{""0"":""https://panoptes-uploads.zooniverse.org/subject_location/754175e7-a7d6-40ea-80a2-7377c7fbb5a3.jpeg""}",0,,,2026-02-02 07:44:48 UTC,2026-02-02 07:44:48 UTC
117259666,31802,31161,134130,"{""Filename"":""102022480_NEG630822077468375375_gz_arcsinh_vis_y.jpg""}","{""0"":""https://panoptes-uploads.zooniverse.org/subject_location/a0e173bf-cfe1-48bf-ad0a-b8a5860f2265.jpeg""}",0,,,2026-02-02 07:44:49 UTC,2026-02-02 07:44:49 UTC
117259667,31802,31161,134130,"{""Filename"":""102022976_NEG624798356466155201_gz_arcsinh_vis_y.jpg""}","{""0"":""https://panoptes-uploads.zooniverse.org/subject_location/6b41a7ec-7218-4ef3-b2c1-3473b8847a40.jpeg""}",0,,,2026-02-02 07:44:49 UTC,2026-02-02 07:44:49 UTC
117259668,31802,31161,134130,"{""Filename"":""102019590_NEG594827778502436409_gz_arcsinh_vis_y.jpg""}","{""0"":""https://panoptes-uploads.zooniverse.org/subject_location/46a1fd43-f687-4bc0-9476-80dccd51a517.jpeg""}",0,,,2026-02-02 07:44:50 UTC,2026-02-02 07:44:50 UTC
117259669,31802,31161,134130,"{""Filename"":""102020056_NEG569699992494101467_gz_arcsinh_vis_y.jpg""}","{""0"":""https://panoptes-uploads.zooniverse.org/subject_location/743e86be-3640-4ee7-8846-7ea4474b258a.jpeg""}",0,,,2026-02-02 07:44:50 UTC,2026-02-02 07:44:50 UTC
117259670,31802,31161,134130,"{""Filename"":""102043551_NEG543042968282862900_gz_arcsinh_vis_y.jpg""}","{""0"":""https://panoptes-uploads.zooniverse.org/subject_location/ae737cfb-9e5d-41f6-8d11-2e2e5e841383.jpeg""}",0,,,2026-02-02 07:44:51 UTC,2026-02-02 07:44:51 UTC
117259671,31802,31161,134130,"{""Filename"":""102021499_NEG628140970478607283_gz_arcsinh_vis_y.jpg""}","{""0"":""https://panoptes-uploads.zooniverse.org/subject_location/c0841316-16ba-449a-9222-4bb4afd84ee2.jpeg""}",0,,,2026-02-02 07:44:51 UTC,2026-02-02 07:44:51 UTC
117259672,31802,31161,134130,"{""Filename"":""102021504_NEG665444295479316303_gz_arcsinh_vis_y.jpg""}","{""0"":""https://panoptes-uploads.zooniverse.org/subject_location/4ea98b06-ec8b-4fc8-b0d6-2b1ceac379d6.jpeg""}",0,,,2026-02-02 07:44:52 UTC,2026-02-02 07:44:52 UTC
117259673,31802,31161,134130,"{""Filename"":""102041658_NEG537104185299265628_gz_arcsinh_vis_y.jpg""}","{""0"":""https://panoptes-uploads.zooniverse.org/subject_location/83340ea3-a889-490f-bdb7-6e42f767351a.jpeg""}",0,,,2026-02-02 07:44:52 UTC,2026-02-02 07:44:52 UTC
117259674,31802,31161,134130,"{""Filename"":""102023480_NEG642951535462227061_gz_arcsinh_vis_y.jpg""}","{""0"":""https://panoptes-uploads.zooniverse.org/subject_location/5728a951-1bb7-4dc9-b1b1-c02b63e57fbb.jpeg""}",0,,,2026-02-02 07:44:53 UTC,2026-02-02 07:44:53 UTC
117259675,31802,31161,134130,"{""Filename"":""102159492_2763935993664898195_gz_arcsinh_vis_y.jpg""}","{""0"":""https://panoptes-uploads.zooniverse.org/subject_location/b70a43c3-989f-4ad8-8afc-3f8cc8afc66b.jpeg""}",0,,,2026-02-02 07:44:53 UTC,2026-02-02 07:44:53 UTC
117259676,31802,31161,134130,"{""Filename"":""102042285_NEG532132648293106431_gz_arcsinh_vis_y.jpg""}","{""0"":""https://panoptes-uploads.zooniverse.org/subject_location/55287792-5075-4de3-bafe-1d5c6fd50003.jpeg""}",0,,,2026-02-02 07:44:54 UTC,2026-02-02 07:44:54 UTC
117259677,31802,31161,134130,"{""Filename"":""102021499_NEG630926373479426163_gz_arcsinh_vis_y.jpg""}","{""0"":""https://panoptes-uploads.zooniverse.org/subject_location/5f63252f-a990-43ef-ae20-82cd1e345f76.jpeg""}",0,,,2026-02-02 07:44:54 UTC,2026-02-02 07:44:54 UTC
117259678,31802,31161,134130,"{""Filename"":""102022976_NEG628745477466453055_gz_arcsinh_vis_y.jpg""}","{""0"":""https://panoptes-uploads.zooniverse.org/subject_location/ca13998c-3daf-42c8-8483-26e9ec52ebcd.jpeg""}",0,,,2026-02-02 07:44:55 UTC,2026-02-02 07:44:55 UTC
117259679,31802,31161,134130,"{""Filename"":""102041656_NEG521146233300355665_gz_arcsinh_vis_y.jpg""}","{""0"":""https://panoptes-uploads.zooniverse.org/subject_location/cd5b1665-7808-4166-9237-c6b8df7f4dc0.jpeg""}",0,,,2026-02-02 07:44:55 UTC,2026-02-02 07:44:55 UTC
117259680,31802,31161,134130,"{""Filename"":""102020063_NEG623167277495037561_gz_arcsinh_vis_y.jpg""}","{""0"":""https://panoptes-uploads.zooniverse.org/subject_location/36e183b2-1bfc-483c-968f-cc042db364c2.jpeg""}",0,,,2026-02-02 07:44:56 UTC,2026-02-02 07:44:56 UTC
117259681,31802,31161,134130,"{""Filename"":""102044187_NEG542102917280541306_gz_arcsinh_vis_y.jpg""}","{""0"":""https://panoptes-uploads.zooniverse.org/subject_location/198352b0-261e-4298-a7a3-3ae233bb245a.jpeg""}",0,,,2026-02-02 07:44:56 UTC,2026-02-02 07:44:56 UTC
117259682,31802,31161,134130,"{""Filename"":""102020056_NEG575310498492634381_gz_arcsinh_vis_y.jpg""}","{""0"":""https://panoptes-uploads.zooniverse.org/subject_location/a385a2b0-1773-4b06-862f-2ee5295065ed.jpeg""}",0,,,2026-02-02 07:44:57 UTC,2026-02-02 07:44:57 UTC
117259683,31802,31161,134130,"{""Filename"":""102020541_NEG654927682489860266_gz_arcsinh_vis_y.jpg""}","{""0"":""https://panoptes-uploads.zooniverse.org/subject_location/489fbc15-78c9-4c03-bd9a-50fdde97c064.jpeg""}",0,,,2026-02-02 07:44:57 UTC,2026-02-02 07:44:57 UTC
117259684,31802,31161,134130,"{""Filename"":""102020536_NEG617326542492432015_gz_arcsinh_vis_y.jpg""}","{""0"":""https://panoptes-uploads.zooniverse.org/subject_location/8d8c60fa-57d7-4285-be57-166914fd0b43.jpeg""}",0,,,2026-02-02 07:44:58 UTC,2026-02-02 07:44:58 UTC
117259685,31802,31161,134130,"{""Filename"":""102159193_2712978862660764834_gz_arcsinh_vis_y.jpg""}","{""0"":""https://panoptes-uploads.zooniverse.org/subject_location/08526deb-8d61-4cc9-9380-5d1c2b634be4.jpeg""}",0,,,2026-02-02 07:44:58 UTC,2026-02-02 07:44:58 UTC
117259686,31802,31161,134130,"{""Filename"":""102158887_2652980498655493114_gz_arcsinh_vis_y.jpg""}","{""0"":""https://panoptes-uploads.zooniverse.org/subject_location/7f689fd3-978f-47d6-ad09-afe2b3141837.jpeg""}",0,,,2026-02-02 07:44:58 UTC,2026-02-02 07:44:58 UTC
117259687,31802,31161,134130,"{""Filename"":""102158278_2744271308646586638_gz_arcsinh_vis_y.jpg""}","{""0"":""https://panoptes-uploads.zooniverse.org/subject_location/0b0e01da-077f-4c12-ae04-0059aa09f598.jpeg""}",0,,,2026-02-02 07:44:59 UTC,2026-02-02 07:44:59 UTC
117259688,31802,31161,134130,"{""Filename"":""102021015_NEG623705155486275651_gz_arcsinh_vis_y.jpg""}","{""0"":""https://panoptes-uploads.zooniverse.org/subject_location/b1cd1f4e-4638-4d0d-b03d-c9e929ccb3aa.jpeg""}",0,,,2026-02-02 07:44:59 UTC,2026-02-02 07:44:59 UTC
117259689,31802,31161,134130,"{""Filename"":""102042286_NEG535400897293039457_gz_arcsinh_vis_y.jpg""}","{""0"":""https://panoptes-uploads.zooniverse.org/subject_location/536e57e3-3ef0-460d-a800-4e022588bf47.jpeg""}",0,,,2026-02-02 07:45:00 UTC,2026-02-02 07:45:00 UTC
117259690,31802,31161,134130,"{""Filename"":""102160060_2708440170677107741_gz_arcsinh_vis_y.jpg""}","{""0"":""https://panoptes-uploads.zooniverse.org/subject_location/1be110d7-c986-4797-8612-c961f0687942.jpeg""}",0,,,2026-02-02 07:45:00 UTC,2026-02-02 07:45:00 UTC
117259691,31802,31161,134130,"{""Filename"":""102023476_NEG613576467461477711_gz_arcsinh_vis_y.jpg""}","{""0"":""https://panoptes-uploads.zooniverse.org/subject_location/c86d160b-5bfe-4359-a4e4-374c0bfdb120.jpeg""}",0,,,2026-02-02 07:45:01 UTC,2026-02-02 07:45:01 UTC
117259692,31802,31161,134130,"{""Filename"":""102159485_2676113415663546167_gz_arcsinh_vis_y.jpg""}","{""0"":""https://panoptes-uploads.zooniverse.org/subject_location/a7a34ffd-948a-408f-b6f6-91949c7ad99e.jpeg""}",0,,,2026-02-02 07:45:01 UTC,2026-02-02 07:45:01 UTC
117259693,31802,31161,134130,"{""Filename"":""102045469_NEG544650273269037507_gz_arcsinh_vis_y.jpg""}","{""0"":""https://panoptes-uploads.zooniverse.org/subject_location/cb94f1e5-c85c-4caf-97d6-0829adb5e3cc.jpeg""}",0,,,2026-02-02 07:45:02 UTC,2026-02-02 07:45:02 UTC
117259694,31802,31161,134130,"{""Filename"":""102159190_2672281233658290703_gz_arcsinh_vis_y.jpg""}","{""0"":""https://panoptes-uploads.zooniverse.org/subject_location/a277a3ba-a534-4723-806a-439279240692.jpeg""}",0,,,2026-02-02 07:45:02 UTC,2026-02-02 07:45:02 UTC
117259695,31802,31161,134130,"{""Filename"":""102021015_NEG619383493487235664_gz_arcsinh_vis_y.jpg""}","{""0"":""https://panoptes-uploads.zooniverse.org/subject_location/139daf0b-1fec-4de2-ab83-d9fcbd8d5f02.jpeg""}",0,,,2026-02-02 07:45:03 UTC,2026-02-02 07:45:03 UTC
117259696,31802,31161,134130,"{""Filename"":""102020533_NEG593289116488310727_gz_arcsinh_vis_y.jpg""}","{""0"":""https://panoptes-uploads.zooniverse.org/subject_location/37e754a9-0e8e-4cd2-8e19-80418779f45f.jpeg""}",0,,,2026-02-02 07:45:03 UTC,2026-02-02 07:45:03 UTC
117259697,31802,31161,134130,"{""Filename"":""102158275_2715476929644158392_gz_arcsinh_vis_y.jpg""}","{""0"":""https://panoptes-uploads.zooniverse.org/subject_location/f0af808a-d45d-46a3-ba57-9e919ad9207a.jpeg""}",0,,,2026-02-02 07:45:04 UTC,2026-02-02 07:45:04 UTC
117259698,31802,31161,134130,"{""Filename"":""102021498_NEG621877815479658137_gz_arcsinh_vis_y.jpg""}","{""0"":""https://panoptes-uploads.zooniverse.org/subject_location/3442802c-41a4-4248-b9af-8d8e769bfe37.jpeg""}",0,,,2026-02-02 07:45:04 UTC,2026-02-02 07:45:04 UTC
117259699,31802,31161,134130,"{""Filename"":""102159195_2742903750658137671_gz_arcsinh_vis_y.jpg""}","{""0"":""https://panoptes-uploads.zooniverse.org/subject_location/f06be3f9-ccb8-4e09-a758-38b9f2adfc9e.jpeg""}",0,,,2026-02-02 07:45:04 UTC,2026-02-02 07:45:04 UTC
117259700,31802,31161,134130,"{""Filename"":""102158893_2715699161656124397_gz_arcsinh_vis_y.jpg""}","{""0"":""https://panoptes-uploads.zooniverse.org/subject_location/2ad07be3-8cc5-4ae1-a964-70537d62cee5.jpeg""}",0,,,2026-02-02 07:45:05 UTC,2026-02-02 07:45:05 UTC
117259701,31802,31161,134130,"{""Filename"":""102023478_NEG629382801461552199_gz_arcsinh_vis_y.jpg""}","{""0"":""https://panoptes-uploads.zooniverse.org/subject_location/972cb99b-eee7-44ad-ac80-0be0060b6992.jpeg""}",0,,,2026-02-02 07:45:05 UTC,2026-02-02 07:45:05 UTC
117259702,31802,31161,134130,"{""Filename"":""102158269_2642082314646494918_gz_arcsinh_vis_y.jpg""}","{""0"":""https://panoptes-uploads.zooniverse.org/subject_location/813b0477-01ae-4b36-9996-2fc21bda357a.jpeg""}",0,,,2026-02-02 07:45:06 UTC,2026-02-02 07:45:06 UTC
117259703,31802,31161,134130,"{""Filename"":""102042284_NEG526433611292719827_gz_arcsinh_vis_y.jpg""}","{""0"":""https://panoptes-uploads.zooniverse.org/subject_location/922e469d-b945-43cc-b7ba-6856a1840cf8.jpeg""}",0,,,2026-02-02 07:45:06 UTC,2026-02-02 07:45:06 UTC
117259704,31802,31161,134130,"{""Filename"":""102044185_NEG531742517280975722_gz_arcsinh_vis_y.jpg""}","{""0"":""https://panoptes-uploads.zooniverse.org/subject_location/6990ebc7-a71b-4f71-96da-931b777fbde5.jpeg""}",0,,,2026-02-02 07:45:07 UTC,2026-02-02 07:45:07 UTC
117259705,31802,31161,134130,"{""Filename"":""102020065_NEG637933738494438368_gz_arcsinh_vis_y.jpg""}","{""0"":""https://panoptes-uploads.zooniverse.org/subject_location/2e28abbe-959d-4275-b296-22d396bc7020.jpeg""}",0,,,2026-02-02 07:45:07 UTC,2026-02-02 07:45:07 UTC
117259706,31802,31161,134130,"{""Filename"":""102021008_NEG567139858482665643_gz_arcsinh_vis_y.jpg""}","{""0"":""https://panoptes-uploads.zooniverse.org/subject_location/cd40ac02-71b1-4108-9dee-f92e9e4d16aa.jpeg""}",0,,,2026-02-02 07:45:08 UTC,2026-02-02 07:45:08 UTC
117259707,31802,31161,134130,"{""Filename"":""102020065_NEG639719917495157474_gz_arcsinh_vis_y.jpg""}","{""0"":""https://panoptes-uploads.zooniverse.org/subject_location/3eb1c25f-e4f3-484d-861f-e332b317b412.jpeg""}",0,,,2026-02-02 07:45:08 UTC,2026-02-02 07:45:08 UTC
117259708,31802,31161,134130,"{""Filename"":""102021009_NEG577377046483790151_gz_arcsinh_vis_y.jpg""}","{""0"":""https://panoptes-uploads.zooniverse.org/subject_location/5c1b2f48-445b-44ce-8f32-2d617fc93783.jpeg""}",0,,,2026-02-02 07:45:09 UTC,2026-02-02 07:45:09 UTC
117259709,31802,31161,134130,"{""Filename"":""102020055_NEG561714002496827930_gz_arcsinh_vis_y.jpg""}","{""0"":""https://panoptes-uploads.zooniverse.org/subject_location/0ef7e6e7-a2f8-4807-b951-b67a500d6686.jpeg""}",0,,,2026-02-02 07:45:09 UTC,2026-02-02 07:45:09 UTC
117259710,31802,31161,134130,"{""Filename"":""102021503_NEG657479575479909044_gz_arcsinh_vis_y.jpg""}","{""0"":""https://panoptes-uploads.zooniverse.org/subject_location/75b07195-16b3-4169-a30d-09e9aa8e34b1.jpeg""}",0,,,2026-02-02 07:45:10 UTC,2026-02-02 07:45:10 UTC
117259711,31802,31161,134130,"{""Filename"":""102044184_NEG525243709280263860_gz_arcsinh_vis_y.jpg""}","{""0"":""https://panoptes-uploads.zooniverse.org/subject_location/64dbafe9-e106-41be-a6b1-6154278901a6.jpeg""}",0,,,2026-02-02 07:45:10 UTC,2026-02-02 07:45:10 UTC
117259712,31802,31161,134130,"{""Filename"":""102045467_NEG533351335269509626_gz_arcsinh_vis_y.jpg""}","{""0"":""https://panoptes-uploads.zooniverse.org/subject_location/df7a7f15-b1ec-413d-93af-64006a557d05.jpeg""}",0,,,2026-02-02 07:45:10 UTC,2026-02-02 07:45:10 UTC
117259713,31802,31161,134130,"{""Filename"":""102022481_NEG636493145469740646_gz_arcsinh_vis_y.jpg""}","{""0"":""https://panoptes-uploads.zooniverse.org/subject_location/fda1cd35-f072-4c81-9678-d3b9c441279a.jpeg""}",0,,,2026-02-02 07:45:11 UTC,2026-02-02 07:45:11 UTC
117259714,31802,31161,134130,"{""Filename"":""102019593_NEG614275561498736748_gz_arcsinh_vis_y.jpg""}","{""0"":""https://panoptes-uploads.zooniverse.org/subject_location/7ae37df1-8344-4dbd-98b9-b15d077e2d34.jpeg""}",0,,,2026-02-02 07:45:11 UTC,2026-02-02 07:45:11 UTC
117259715,31802,31161,134130,"{""Filename"":""102019124_NEG576733438503517072_gz_arcsinh_vis_y.jpg""}","{""0"":""https://panoptes-uploads.zooniverse.org/subject_location/978a4586-6ec1-4677-ad3d-1dc36be1f99d.jpeg""}",0,,,2026-02-02 07:45:12 UTC,2026-02-02 07:45:12 UTC
117259716,31802,31161,134130,"{""Filename"":""102019591_NEG604150266500869937_gz_arcsinh_vis_y.jpg""}","{""0"":""https://panoptes-uploads.zooniverse.org/subject_location/cf85a97f-10b2-4d84-ade6-3c95aa892207.jpeg""}",0,,,2026-02-02 07:45:12 UTC,2026-02-02 07:45:12 UTC
117259717,31802,31161,134130,"{""Filename"":""102022480_NEG634399989470115768_gz_arcsinh_vis_y.jpg""}","{""0"":""https://panoptes-uploads.zooniverse.org/subject_location/e14439be-c287-43b5-9b13-26eeeae12d30.jpeg""}",0,,,2026-02-02 07:45:13 UTC,2026-02-02 07:45:13 UTC
117259718,31802,31161,134130,"{""Filename"":""102021006_NEG553941002486981536_gz_arcsinh_vis_y.jpg""}","{""0"":""https://panoptes-uploads.zooniverse.org/subject_location/2f13ffd2-300b-4cb6-8756-3b2429af38a9.jpeg""}",0,,,2026-02-02 07:45:13 UTC,2026-02-02 07:45:13 UTC
117259719,31802,31161,134130,"{""Filename"":""102046114_NEG536975993263144637_gz_arcsinh_vis_y.jpg""}","{""0"":""https://panoptes-uploads.zooniverse.org/subject_location/b78b3063-4588-4946-b9b5-6c0cc67e602c.jpeg""}",0,,,2026-02-02 07:45:14 UTC,2026-02-02 07:45:14 UTC
117259720,31802,31161,134130,"{""Filename"":""102045470_NEG545731430270799992_gz_arcsinh_vis_y.jpg""}","{""0"":""https://panoptes-uploads.zooniverse.org/subject_location/d949ce50-117b-4301-9e7c-91d34a41b708.jpeg""}",0,,,2026-02-02 07:45:14 UTC,2026-02-02 07:45:14 UTC
117259721,31802,31161,134130,"{""Filename"":""102160335_2679379402679599797_gz_arcsinh_vis_y.jpg""}","{""0"":""https://panoptes-uploads.zooniverse.org/subject_location/d1b3d2b6-898c-4c22-becc-0f313037bf3c.jpeg""}",0,,,2026-02-02 07:45:15 UTC,2026-02-02 07:45:15 UTC
117259722,31802,31161,134130,"{""Filename"":""102043552_NEG547803738283659845_gz_arcsinh_vis_y.jpg""}","{""0"":""https://panoptes-uploads.zooniverse.org/subject_location/e91d6894-73ff-493e-bf42-f39dfb8b328f.jpeg""}",0,,,2026-02-02 07:45:15 UTC,2026-02-02 07:45:15 UTC
117259723,31802,31161,134130,"{""Filename"":""102041658_NEG531795980299127503_gz_arcsinh_vis_y.jpg""}","{""0"":""https://panoptes-uploads.zooniverse.org/subject_location/be7e25b6-0dc7-48fb-852f-abaeafc05d7f.jpeg""}",0,,,2026-02-02 07:45:16 UTC,2026-02-02 07:45:16 UTC
117259724,31802,31161,134130,"{""Filename"":""102159485_2685191780663502312_gz_arcsinh_vis_y.jpg""}","{""0"":""https://panoptes-uploads.zooniverse.org/subject_location/e3e22a9f-d704-457c-a430-773d99708a04.jpeg""}",0,,,2026-02-02 07:45:16 UTC,2026-02-02 07:45:16 UTC
117259725,31802,31161,134130,"{""Filename"":""102043550_NEG535330813285753866_gz_arcsinh_vis_y.jpg""}","{""0"":""https://panoptes-uploads.zooniverse.org/subject_location/0e71dcab-8ed0-4463-a2cd-71fadac270ac.jpeg""}",0,,,2026-02-02 07:45:17 UTC,2026-02-02 07:45:17 UTC
117259726,31802,31161,134130,"{""Filename"":""102159482_2639009928664978432_gz_arcsinh_vis_y.jpg""}","{""0"":""https://panoptes-uploads.zooniverse.org/subject_location/09866ef2-de5f-4551-89bd-77cdeead2646.jpeg""}",0,,,2026-02-02 07:45:17 UTC,2026-02-02 07:45:17 UTC
117259727,31802,31161,134130,"{""Filename"":""102158896_2757139848654657680_gz_arcsinh_vis_y.jpg""}","{""0"":""https://panoptes-uploads.zooniverse.org/subject_location/17b9918b-14d5-4df2-8d4f-12a77b26f8f8.jpeg""}",0,,,2026-02-02 07:45:17 UTC,2026-02-02 07:45:17 UTC
117259728,31802,31161,134130,"{""Filename"":""102046760_NEG526186815261926146_gz_arcsinh_vis_y.jpg""}","{""0"":""https://panoptes-uploads.zooniverse.org/subject_location/ffc8e280-ef31-49fc-997a-a6e8fea67034.jpeg""}",0,,,2026-02-02 07:45:18 UTC,2026-02-02 07:45:18 UTC
117259729,31802,31161,134130,"{""Filename"":""102045467_NEG530974965269114647_gz_arcsinh_vis_y.jpg""}","{""0"":""https://panoptes-uploads.zooniverse.org/subject_location/bb2374bd-b3b7-4334-9151-e5dfb809173f.jpeg""}",0,,,2026-02-02 07:45:18 UTC,2026-02-02 07:45:18 UTC
117259730,31802,31161,134130,"{""Filename"":""102159485_2685801885666271708_gz_arcsinh_vis_y.jpg""}","{""0"":""https://panoptes-uploads.zooniverse.org/subject_location/018c546c-b758-4d17-a331-86d83a961403.jpeg""}",0,,,2026-02-02 07:45:19 UTC,2026-02-02 07:45:19 UTC
117259731,31802,31161,134130,"{""Filename"":""102023986_NEG645696572455974182_gz_arcsinh_vis_y.jpg""}","{""0"":""https://panoptes-uploads.zooniverse.org/subject_location/1d456173-8782-4978-a758-6416d4e1e8a7.jpeg""}",0,,,2026-02-02 07:45:19 UTC,2026-02-02 07:45:19 UTC
117259732,31802,31161,134130,"{""Filename"":""102020059_NEG595648979495390190_gz_arcsinh_vis_y.jpg""}","{""0"":""https://panoptes-uploads.zooniverse.org/subject_location/46543750-1acb-4cb9-a15c-3876b41e8d05.jpeg""}",0,,,2026-02-02 07:45:20 UTC,2026-02-02 07:45:20 UTC
117259733,31802,31161,134130,"{""Filename"":""102160058_2689723205672940318_gz_arcsinh_vis_y.jpg""}","{""0"":""https://panoptes-uploads.zooniverse.org/subject_location/831913b7-d5dd-47d7-a422-14f0a0316e28.jpeg""}",0,,,2026-02-02 07:45:20 UTC,2026-02-02 07:45:20 UTC
117259734,31802,31161,134130,"{""Filename"":""102021496_NEG605572413482147610_gz_arcsinh_vis_y.jpg""}","{""0"":""https://panoptes-uploads.zooniverse.org/subject_location/b5e7b8e1-30fb-4d99-b3b1-116bbf686e7a.jpeg""}",0,,,2026-02-02 07:45:21 UTC,2026-02-02 07:45:21 UTC
117259735,31802,31161,134130,"{""Filename"":""102022484_NEG657693680467687465_gz_arcsinh_vis_y.jpg""}","{""0"":""https://panoptes-uploads.zooniverse.org/subject_location/7d1952ee-4c40-4362-83d4-76e96b0704e5.jpeg""}",0,,,2026-02-02 07:45:21 UTC,2026-02-02 07:45:21 UTC
117259736,31802,31161,134130,"{""Filename"":""102159197_2758649542659602651_gz_arcsinh_vis_y.jpg""}","{""0"":""https://panoptes-uploads.zooniverse.org/subject_location/00e1444b-578c-4a1b-9725-233acec5c645.jpeg""}",0,,,2026-02-02 07:45:22 UTC,2026-02-02 07:45:22 UTC
117259737,31802,31161,134130,"{""Filename"":""102159483_2651393877664523417_gz_arcsinh_vis_y.jpg""}","{""0"":""https://panoptes-uploads.zooniverse.org/subject_location/2ed8ca46-fa10-4e5f-a942-28b09d1d48d7.jpeg""}",0,,,2026-02-02 07:45:22 UTC,2026-02-02 07:45:22 UTC
117259738,31802,31161,134130,"{""Filename"":""102160333_2656442750678619561_gz_arcsinh_vis_y.jpg""}","{""0"":""https://panoptes-uploads.zooniverse.org/subject_location/48f23846-d384-4362-98e7-67855f709ca3.jpeg""}",0,,,2026-02-02 07:45:23 UTC,2026-02-02 07:45:23 UTC
117259739,31802,31161,134130,"{""Filename"":""102043546_NEG513729503283628127_gz_arcsinh_vis_y.jpg""}","{""0"":""https://panoptes-uploads.zooniverse.org/subject_location/5aa2afe7-42a6-471e-953b-8314258fa651.jpeg""}",0,,,2026-02-02 07:45:23 UTC,2026-02-02 07:45:23 UTC
117259740,31802,31161,134130,"{""Filename"":""102160611_2741608173683303074_gz_arcsinh_vis_y.jpg""}","{""0"":""https://panoptes-uploads.zooniverse.org/subject_location/e3e9034e-47d5-4ac6-964c-b172028168f8.jpeg""}",0,,,2026-02-02 07:45:24 UTC,2026-02-02 07:45:24 UTC
117259741,31802,31161,134130,"{""Filename"":""102021991_NEG658085178474693169_gz_arcsinh_vis_y.jpg""}","{""0"":""https://panoptes-uploads.zooniverse.org/subject_location/010511ef-ce0f-42cf-83fe-06403bd4287b.jpeg""}",0,,,2026-02-02 07:45:24 UTC,2026-02-02 07:45:24 UTC
117259742,31802,31161,134130,"{""Filename"":""102020534_NEG600193534490848985_gz_arcsinh_vis_y.jpg""}","{""0"":""https://panoptes-uploads.zooniverse.org/subject_location/dcb9017a-46fe-4c76-a3d4-8a6d37683561.jpeg""}",0,,,2026-02-02 07:45:24 UTC,2026-02-02 07:45:24 UTC
117259743,31802,31161,134130,"{""Filename"":""102022475_NEG594923655469719231_gz_arcsinh_vis_y.jpg""}","{""0"":""https://panoptes-uploads.zooniverse.org/subject_location/170b3008-068a-459c-8a66-1ffe90a0c65f.jpeg""}",0,,,2026-02-02 07:45:25 UTC,2026-02-02 07:45:25 UTC
117259744,31802,31161,134130,"{""Filename"":""102019591_NEG597399000498239226_gz_arcsinh_vis_y.jpg""}","{""0"":""https://panoptes-uploads.zooniverse.org/subject_location/18649516-ec22-4908-a9b6-6732591bec2b.jpeg""}",0,,,2026-02-02 07:45:26 UTC,2026-02-02 07:45:26 UTC
117259745,31802,31161,134130,"{""Filename"":""102042916_NEG534859646290443951_gz_arcsinh_vis_y.jpg""}","{""0"":""https://panoptes-uploads.zooniverse.org/subject_location/f3e40128-a779-423d-8580-31ba3c0178ef.jpeg""}",0,,,2026-02-02 07:45:26 UTC,2026-02-02 07:45:26 UTC
117259746,31802,31161,134130,"{""Filename"":""102046112_NEG529292884262517677_gz_arcsinh_vis_y.jpg""}","{""0"":""https://panoptes-uploads.zooniverse.org/subject_location/b7446362-2e5a-4268-a8b0-b3710e5bab0b.jpeg""}",0,,,2026-02-02 07:45:26 UTC,2026-02-02 07:45:26 UTC
117259747,31802,31161,134130,"{""Filename"":""102021008_NEG566036270482914779_gz_arcsinh_vis_y.jpg""}","{""0"":""https://panoptes-uploads.zooniverse.org/subject_location/ea5c9b26-8cc6-4421-a906-2f5bb82b2a68.jpeg""}",0,,,2026-02-02 07:45:27 UTC,2026-02-02 07:45:27 UTC
117259748,31802,31161,134130,"{""Filename"":""102044826_NEG539214188273463838_gz_arcsinh_vis_y.jpg""}","{""0"":""https://panoptes-uploads.zooniverse.org/subject_location/b91ed159-b040-48bf-a4cd-4863ea1ffccb.jpeg""}",0,,,2026-02-02 07:45:27 UTC,2026-02-02 07:45:27 UTC
117259749,31802,31161,134130,"{""Filename"":""102044823_NEG523902929274227663_gz_arcsinh_vis_y.jpg""}","{""0"":""https://panoptes-uploads.zooniverse.org/subject_location/63a5adaa-f928-4678-81f2-d8f62ccb058a.jpeg""}",0,,,2026-02-02 07:45:28 UTC,2026-02-02 07:45:28 UTC
117259750,31802,31161,134130,"{""Filename"":""102022484_NEG663496597472425021_gz_arcsinh_vis_y.jpg""}","{""0"":""https://panoptes-uploads.zooniverse.org/subject_location/0a61befa-1ecb-40c1-885c-f6f34bda0c3a.jpeg""}",0,,,2026-02-02 07:45:28 UTC,2026-02-02 07:45:28 UTC
117259751,31802,31161,134130,"{""Filename"":""102158586_2709865530652218087_gz_arcsinh_vis_y.jpg""}","{""0"":""https://panoptes-uploads.zooniverse.org/subject_location/8a80c16c-0cb8-4706-8629-e60278063bef.jpeg""}",0,,,2026-02-02 07:45:29 UTC,2026-02-02 07:45:29 UTC
117259752,31802,31161,134130,"{""Filename"":""102158890_2688922273657323220_gz_arcsinh_vis_y.jpg""}","{""0"":""https://panoptes-uploads.zooniverse.org/subject_location/e6325cb6-ea21-4892-b78e-d8827aa0d7fe.jpeg""}",0,,,2026-02-02 07:45:29 UTC,2026-02-02 07:45:29 UTC
117259753,31802,31161,134130,"{""Filename"":""102043546_NEG514348524286203910_gz_arcsinh_vis_y.jpg""}","{""0"":""https://panoptes-uploads.zooniverse.org/subject_location/412fff44-c2c0-40e2-a4d5-84ff98e177c3.jpeg""}",0,,,2026-02-02 07:45:30 UTC,2026-02-02 07:45:30 UTC
117259754,31802,31161,134130,"{""Filename"":""102041656_NEG521287029298965988_gz_arcsinh_vis_y.jpg""}","{""0"":""https://panoptes-uploads.zooniverse.org/subject_location/5c7495ec-4f49-4cf5-a659-bddbc0aa9bdd.jpeg""}",0,,,2026-02-02 07:45:30 UTC,2026-02-02 07:45:30 UTC
117259755,31802,31161,134130,"{""Filename"":""102021012_NEG599711752485291398_gz_arcsinh_vis_y.jpg""}","{""0"":""https://panoptes-uploads.zooniverse.org/subject_location/54239fd0-90fd-4c03-b890-565d11bb7f82.jpeg""}",0,,,2026-02-02 07:45:31 UTC,2026-02-02 07:45:31 UTC
117259756,31802,31161,134130,"{""Filename"":""102021011_NEG587218735485832597_gz_arcsinh_vis_y.jpg""}","{""0"":""https://panoptes-uploads.zooniverse.org/subject_location/66c95e29-52de-42d0-9739-4d3589bf0b00.jpeg""}",0,,,2026-02-02 07:45:31 UTC,2026-02-02 07:45:31 UTC
117259757,31802,31161,134130,"{""Filename"":""102022980_NEG654182752466664192_gz_arcsinh_vis_y.jpg""}","{""0"":""https://panoptes-uploads.zooniverse.org/subject_location/c42f9664-da7d-4f63-9315-34c46c41ce87.jpeg""}",0,,,2026-02-02 07:45:32 UTC,2026-02-02 07:45:32 UTC
117259758,31802,31161,134130,"{""Filename"":""102042912_NEG512682105289037723_gz_arcsinh_vis_y.jpg""}","{""0"":""https://panoptes-uploads.zooniverse.org/subject_location/84120d72-8737-41cf-9a7b-641961d945a7.jpeg""}",0,,,2026-02-02 07:45:32 UTC,2026-02-02 07:45:32 UTC
117259759,31802,31161,134130,"{""Filename"":""102159485_2679242205665816240_gz_arcsinh_vis_y.jpg""}","{""0"":""https://panoptes-uploads.zooniverse.org/subject_location/e7bf1b03-f25f-409b-88cb-afc678eedfd0.jpeg""}",0,,,2026-02-02 07:45:33 UTC,2026-02-02 07:45:33 UTC
117259760,31802,31161,134130,"{""Filename"":""102043549_NEG530298796285139718_gz_arcsinh_vis_y.jpg""}","{""0"":""https://panoptes-uploads.zooniverse.org/subject_location/933cfe46-5edb-4184-b6ec-9710e17f09dd.jpeg""}",0,,,2026-02-02 07:45:33 UTC,2026-02-02 07:45:33 UTC
117259761,31802,31161,134130,"{""Filename"":""102046112_NEG527778833263134848_gz_arcsinh_vis_y.jpg""}","{""0"":""https://panoptes-uploads.zooniverse.org/subject_location/235baaa0-e56f-42ea-bf1e-2ce69861d36e.jpeg""}",0,,,2026-02-02 07:45:34 UTC,2026-02-02 07:45:34 UTC
117259762,31802,31161,134130,"{""Filename"":""102158893_2724917386653072037_gz_arcsinh_vis_y.jpg""}","{""0"":""https://panoptes-uploads.zooniverse.org/subject_location/44102c1b-dfa5-4f0d-8c30-c6a00af7f0b2.jpeg""}",0,,,2026-02-02 07:45:34 UTC,2026-02-02 07:45:34 UTC
117259763,31802,31161,134130,"{""Filename"":""102160611_2736331795684251437_gz_arcsinh_vis_y.jpg""}","{""0"":""https://panoptes-uploads.zooniverse.org/subject_location/84f7d0af-520e-4bba-9136-932b5eb0b62b.jpeg""}",0,,,2026-02-02 07:45:34 UTC,2026-02-02 07:45:34 UTC
117259764,31802,31161,134130,"{""Filename"":""102158277_2734017357645994736_gz_arcsinh_vis_y.jpg""}","{""0"":""https://panoptes-uploads.zooniverse.org/subject_location/d094bb6f-00b6-4c2b-8419-44a936b55147.jpeg""}",0,,,2026-02-02 07:45:35 UTC,2026-02-02 07:45:35 UTC
117259765,31802,31161,134130,"{""Filename"":""102044184_NEG521857649281375561_gz_arcsinh_vis_y.jpg""}","{""0"":""https://panoptes-uploads.zooniverse.org/subject_location/a7d4d8d2-f350-4708-9419-d07856f5da00.jpeg""}",0,,,2026-02-02 07:45:35 UTC,2026-02-02 07:45:35 UTC
117259766,31802,31161,134130,"{""Filename"":""102160335_2681980447681214418_gz_arcsinh_vis_y.jpg""}","{""0"":""https://panoptes-uploads.zooniverse.org/subject_location/6cdc4fe6-a45b-4e2e-8bda-0236deea36c2.jpeg""}",0,,,2026-02-02 07:45:36 UTC,2026-02-02 07:45:36 UTC
117259767,31802,31161,134130,"{""Filename"":""102042286_NEG537647740297360716_gz_arcsinh_vis_y.jpg""}","{""0"":""https://panoptes-uploads.zooniverse.org/subject_location/7d97b1e3-a62f-4266-8ffb-d85434428e61.jpeg""}",0,,,2026-02-02 07:45:36 UTC,2026-02-02 07:45:36 UTC
117259768,31802,31161,134130,"{""Filename"":""102044825_NEG535703697276604925_gz_arcsinh_vis_y.jpg""}","{""0"":""https://panoptes-uploads.zooniverse.org/subject_location/30c4e7b7-6cbd-4d45-ad77-5d4ce7963de0.jpeg""}",0,,,2026-02-02 07:45:37 UTC,2026-02-02 07:45:37 UTC
117259769,31802,31161,134130,"{""Filename"":""102042283_NEG522397810297272562_gz_arcsinh_vis_y.jpg""}","{""0"":""https://panoptes-uploads.zooniverse.org/subject_location/46d1a3dd-cc65-4444-87f1-e4c2a3ed0446.jpeg""}",0,,,2026-02-02 07:45:37 UTC,2026-02-02 07:45:37 UTC
117259770,31802,31161,134130,"{""Filename"":""102019124_NEG574797820504150958_gz_arcsinh_vis_y.jpg""}","{""0"":""https://panoptes-uploads.zooniverse.org/subject_location/7c4dc6ef-d131-4607-9751-d4a7756cbc0c.jpeg""}",0,,,2026-02-02 07:45:38 UTC,2026-02-02 07:45:38 UTC
117259771,31802,31161,134130,"{""Filename"":""102159190_2672508494660285468_gz_arcsinh_vis_y.jpg""}","{""0"":""https://panoptes-uploads.zooniverse.org/subject_location/d8cd2d16-c2f9-439b-ac96-ede02d5b7095.jpeg""}",0,,,2026-02-02 07:45:38 UTC,2026-02-02 07:45:38 UTC
117259772,31802,31161,134130,"{""Filename"":""102159190_2681093594659809691_gz_arcsinh_vis_y.jpg""}","{""0"":""https://panoptes-uploads.zooniverse.org/subject_location/39e654aa-9fa2-4e1e-8605-4096e14950da.jpeg""}",0,,,2026-02-02 07:45:39 UTC,2026-02-02 07:45:39 UTC
117259773,31802,31161,134130,"{""Filename"":""102019590_NEG591940958500342779_gz_arcsinh_vis_y.jpg""}","{""0"":""https://panoptes-uploads.zooniverse.org/subject_location/b61c1fa2-3c37-4079-a5e0-04fd18ba039a.jpeg""}",0,,,2026-02-02 07:45:39 UTC,2026-02-02 07:45:39 UTC
117259774,31802,31161,134130,"{""Filename"":""102045468_NEG534880094271857022_gz_arcsinh_vis_y.jpg""}","{""0"":""https://panoptes-uploads.zooniverse.org/subject_location/2bd17e6a-8b9a-4a83-b105-bd1a26dcd615.jpeg""}",0,,,2026-02-02 07:45:39 UTC,2026-02-02 07:45:39 UTC
117259775,31802,31161,134130,"{""Filename"":""102022980_NEG656653712464393587_gz_arcsinh_vis_y.jpg""}","{""0"":""https://panoptes-uploads.zooniverse.org/subject_location/8e87e1f4-5c8d-41da-8154-8a2c5dd0310d.jpeg""}",0,,,2026-02-02 07:45:40 UTC,2026-02-02 07:45:40 UTC
117259776,31802,31161,134130,"{""Filename"":""102019591_NEG599163390497503370_gz_arcsinh_vis_y.jpg""}","{""0"":""https://panoptes-uploads.zooniverse.org/subject_location/42f28831-d621-49a2-b800-e2ca3d4c1596.jpeg""}",0,,,2026-02-02 07:45:40 UTC,2026-02-02 07:45:40 UTC
117259777,31802,31161,134130,"{""Filename"":""102159189_2670134702658945712_gz_arcsinh_vis_y.jpg""}","{""0"":""https://panoptes-uploads.zooniverse.org/subject_location/72b1f60a-e63b-417e-a8c3-2378b0faad22.jpeg""}",0,,,2026-02-02 07:45:41 UTC,2026-02-02 07:45:41 UTC
117259778,31802,31161,134130,"{""Filename"":""102020541_NEG655141750488682620_gz_arcsinh_vis_y.jpg""}","{""0"":""https://panoptes-uploads.zooniverse.org/subject_location/6c0b1424-30fa-47f2-9fb9-de220a5ec083.jpeg""}",0,,,2026-02-02 07:45:41 UTC,2026-02-02 07:45:41 UTC
117259779,31802,31161,134130,"{""Filename"":""102019590_NEG591392593500529342_gz_arcsinh_vis_y.jpg""}","{""0"":""https://panoptes-uploads.zooniverse.org/subject_location/63e9fce0-edff-44a7-b210-50de6aa9eb42.jpeg""}",0,,,2026-02-02 07:45:42 UTC,2026-02-02 07:45:42 UTC
117259780,31802,31161,134130,"{""Filename"":""102044184_NEG521611399278522142_gz_arcsinh_vis_y.jpg""}","{""0"":""https://panoptes-uploads.zooniverse.org/subject_location/1aaf5a7c-4f9e-4e0c-bf37-4013cb8edebf.jpeg""}",0,,,2026-02-02 07:45:42 UTC,2026-02-02 07:45:42 UTC
117259781,31802,31161,134130,"{""Filename"":""102021502_NEG651926165479680122_gz_arcsinh_vis_y.jpg""}","{""0"":""https://panoptes-uploads.zooniverse.org/subject_location/852f8422-90bb-4c0d-9ab9-95584323b026.jpeg""}",0,,,2026-02-02 07:45:43 UTC,2026-02-02 07:45:43 UTC
117259782,31802,31161,134130,"{""Filename"":""102023478_NEG629703781462453988_gz_arcsinh_vis_y.jpg""}","{""0"":""https://panoptes-uploads.zooniverse.org/subject_location/7b99c615-f4af-4488-b6a2-7f4b2794689e.jpeg""}",0,,,2026-02-02 07:45:43 UTC,2026-02-02 07:45:43 UTC
117259783,31802,31161,134130,"{""Filename"":""102018212_NEG589854177513497081_gz_arcsinh_vis_y.jpg""}","{""0"":""https://panoptes-uploads.zooniverse.org/subject_location/c079088b-54a5-486e-bde1-7600e2202568.jpeg""}",0,,,2026-02-02 07:45:44 UTC,2026-02-02 07:45:44 UTC
117259784,31802,31161,134130,"{""Filename"":""102157954_2680484173640349360_gz_arcsinh_vis_y.jpg""}","{""0"":""https://panoptes-uploads.zooniverse.org/subject_location/52de6fa4-5861-4679-bd8e-3b7bdd321c73.jpeg""}",0,,,2026-02-02 07:45:44 UTC,2026-02-02 07:45:44 UTC
117259785,31802,31161,134130,"{""Filename"":""102022475_NEG596164185471004458_gz_arcsinh_vis_y.jpg""}","{""0"":""https://panoptes-uploads.zooniverse.org/subject_location/b0190af8-61c4-44c3-a0df-9fe435011948.jpeg""}",0,,,2026-02-02 07:45:45 UTC,2026-02-02 07:45:45 UTC
117259786,31802,31161,134130,"{""Filename"":""102022979_NEG649204100466194203_gz_arcsinh_vis_y.jpg""}","{""0"":""https://panoptes-uploads.zooniverse.org/subject_location/104f6eb7-4320-4d8f-85cf-4697ffee1a6d.jpeg""}",0,,,2026-02-02 07:45:45 UTC,2026-02-02 07:45:45 UTC
117259787,31802,31161,134130,"{""Filename"":""102022973_NEG607433993466826429_gz_arcsinh_vis_y.jpg""}","{""0"":""https://panoptes-uploads.zooniverse.org/subject_location/710a631a-6d9b-4119-ba24-230ceb953e25.jpeg""}",0,,,2026-02-02 07:45:45 UTC,2026-02-02 07:45:45 UTC
117259788,31802,31161,134130,"{""Filename"":""102042915_NEG527750656291237723_gz_arcsinh_vis_y.jpg""}","{""0"":""https://panoptes-uploads.zooniverse.org/subject_location/793cb135-152f-48c9-80ca-c570b5ff9d3b.jpeg""}",0,,,2026-02-02 07:45:46 UTC,2026-02-02 07:45:46 UTC
117259789,31802,31161,134130,"{""Filename"":""102021498_NEG624614097482123633_gz_arcsinh_vis_y.jpg""}","{""0"":""https://panoptes-uploads.zooniverse.org/subject_location/3f8d5ef4-75dd-4123-a590-6ec92823cc24.jpeg""}",0,,,2026-02-02 07:45:46 UTC,2026-02-02 07:45:46 UTC
117259790,31802,31161,134130,"{""Filename"":""102018665_NEG575423992509277564_gz_arcsinh_vis_y.jpg""}","{""0"":""https://panoptes-uploads.zooniverse.org/subject_location/0e4b32f0-1cb1-4c65-9cc6-61c57ab71a92.jpeg""}",0,,,2026-02-02 07:45:47 UTC,2026-02-02 07:45:47 UTC
117259791,31802,31161,134130,"{""Filename"":""102044182_NEG513846715278593108_gz_arcsinh_vis_y.jpg""}","{""0"":""https://panoptes-uploads.zooniverse.org/subject_location/a6488589-3c33-49b1-a043-5addae75fa62.jpeg""}",0,,,2026-02-02 07:45:47 UTC,2026-02-02 07:45:47 UTC
117259792,31802,31161,134130,"{""Filename"":""102022485_NEG665785859472012863_gz_arcsinh_vis_y.jpg""}","{""0"":""https://panoptes-uploads.zooniverse.org/subject_location/722c2cef-655c-48bb-b2c4-d47b5a0f9853.jpeg""}",0,,,2026-02-02 07:45:48 UTC,2026-02-02 07:45:48 UTC
117259793,31802,31161,134130,"{""Filename"":""102021982_NEG595913549476174901_gz_arcsinh_vis_y.jpg""}","{""0"":""https://panoptes-uploads.zooniverse.org/subject_location/31d9c3f5-7238-4e08-bb2a-6867cfb92a03.jpeg""}",0,,,2026-02-02 07:45:48 UTC,2026-02-02 07:45:48 UTC
117259794,31802,31161,134130,"{""Filename"":""102044825_NEG531947663275419836_gz_arcsinh_vis_y.jpg""}","{""0"":""https://panoptes-uploads.zooniverse.org/subject_location/b762420a-a189-430d-b6c7-44c33d2f6219.jpeg""}",0,,,2026-02-02 07:45:49 UTC,2026-02-02 07:45:49 UTC
117259795,31802,31161,134130,"{""Filename"":""102042283_NEG521759578292811424_gz_arcsinh_vis_y.jpg""}","{""0"":""https://panoptes-uploads.zooniverse.org/subject_location/c4d2feff-8d1b-42c2-a75d-ae942a8ea0b8.jpeg""}",0,,,2026-02-02 07:45:49 UTC,2026-02-02 07:45:49 UTC
117259796,31802,31161,134130,"{""Filename"":""102042918_NEG544704517290311386_gz_arcsinh_vis_y.jpg""}","{""0"":""https://panoptes-uploads.zooniverse.org/subject_location/8e2f610d-5137-4abb-801d-b2b6ee20ddb1.jpeg""}",0,,,2026-02-02 07:45:50 UTC,2026-02-02 07:45:50 UTC
117259797,31802,31161,134130,"{""Filename"":""102158582_2659552438651709548_gz_arcsinh_vis_y.jpg""}","{""0"":""https://panoptes-uploads.zooniverse.org/subject_location/1c831d39-8f63-4c96-ab25-49a0a06e57e5.jpeg""}",0,,,2026-02-02 07:45:50 UTC,2026-02-02 07:45:50 UTC
117259798,31802,31161,134130,"{""Filename"":""102021991_NEG659218026474584903_gz_arcsinh_vis_y.jpg""}","{""0"":""https://panoptes-uploads.zooniverse.org/subject_location/4e7a65b7-34a5-4498-a320-c7da84ffec33.jpeg""}",0,,,2026-02-02 07:45:51 UTC,2026-02-02 07:45:51 UTC
117259799,31802,31161,134130,"{""Filename"":""102021504_NEG665979666481048844_gz_arcsinh_vis_y.jpg""}","{""0"":""https://panoptes-uploads.zooniverse.org/subject_location/6adf76e0-11ca-4eda-ab22-077b9561e112.jpeg""}",0,,,2026-02-02 07:45:51 UTC,2026-02-02 07:45:51 UTC
117259800,31802,31161,134130,"{""Filename"":""102045468_NEG534287723270388859_gz_arcsinh_vis_y.jpg""}","{""0"":""https://panoptes-uploads.zooniverse.org/subject_location/10342ac5-96e4-48b6-b975-5c4097de8904.jpeg""}",0,,,2026-02-02 07:45:52 UTC,2026-02-02 07:45:52 UTC
117259801,31802,31161,134130,"{""Filename"":""102021981_NEG584855220476418910_gz_arcsinh_vis_y.jpg""}","{""0"":""https://panoptes-uploads.zooniverse.org/subject_location/706dc8ea-edf1-4c9b-a465-1e90aadd81c3.jpeg""}",0,,,2026-02-02 07:45:52 UTC,2026-02-02 07:45:52 UTC
117259802,31802,31161,134130,"{""Filename"":""102021012_NEG596790226485939291_gz_arcsinh_vis_y.jpg""}","{""0"":""https://panoptes-uploads.zooniverse.org/subject_location/cdfd0d0b-1ca9-4975-995f-1736cac9477d.jpeg""}",0,,,2026-02-02 07:45:52 UTC,2026-02-02 07:45:52 UTC
117259803,31802,31161,134130,"{""Filename"":""102160336_2694656720681663710_gz_arcsinh_vis_y.jpg""}","{""0"":""https://panoptes-uploads.zooniverse.org/subject_location/a877b5d9-22ba-403b-992e-7fe92672eaee.jpeg""}",0,,,2026-02-02 07:45:53 UTC,2026-02-02 07:45:53 UTC
117259804,31802,31161,134130,"{""Filename"":""102023477_NEG623450289460196053_gz_arcsinh_vis_y.jpg""}","{""0"":""https://panoptes-uploads.zooniverse.org/subject_location/d9e16644-5f6a-4a87-87fc-e2e688c6acb7.jpeg""}",0,,,2026-02-02 07:45:53 UTC,2026-02-02 07:45:53 UTC
117259805,31802,31161,134130,"{""Filename"":""102157953_2671652387640041826_gz_arcsinh_vis_y.jpg""}","{""0"":""https://panoptes-uploads.zooniverse.org/subject_location/773d2592-f210-401e-8c52-71e9d1383d42.jpeg""}",0,,,2026-02-02 07:45:54 UTC,2026-02-02 07:45:54 UTC
117259806,31802,31161,134130,"{""Filename"":""102042282_NEG517067598294602880_gz_arcsinh_vis_y.jpg""}","{""0"":""https://panoptes-uploads.zooniverse.org/subject_location/0150be8c-ab19-4906-86b9-99945968480c.jpeg""}",0,,,2026-02-02 07:45:54 UTC,2026-02-02 07:45:54 UTC
117259807,31802,31161,134130,"{""Filename"":""102020539_NEG640680460491924660_gz_arcsinh_vis_y.jpg""}","{""0"":""https://panoptes-uploads.zooniverse.org/subject_location/11af90c2-5362-46b1-97e1-8f1399eff169.jpeg""}",0,,,2026-02-02 07:45:55 UTC,2026-02-02 07:45:55 UTC
117259808,31802,31161,134130,"{""Filename"":""102020536_NEG620339410491703996_gz_arcsinh_vis_y.jpg""}","{""0"":""https://panoptes-uploads.zooniverse.org/subject_location/73688563-96c2-4fdd-863b-1e15f6292e82.jpeg""}",0,,,2026-02-02 07:45:55 UTC,2026-02-02 07:45:55 UTC
117259809,31802,31161,134130,"{""Filename"":""102157956_2695048304638688779_gz_arcsinh_vis_y.jpg""}","{""0"":""https://panoptes-uploads.zooniverse.org/subject_location/63490ba2-2d48-46d2-a9eb-9f7515eef8de.jpeg""}",0,,,2026-02-02 07:45:56 UTC,2026-02-02 07:45:56 UTC
117259810,31802,31161,134130,"{""Filename"":""102021499_NEG628844545479700618_gz_arcsinh_vis_y.jpg""}","{""0"":""https://panoptes-uploads.zooniverse.org/subject_location/0d33dcae-22b7-4bff-926d-2f8e085a84fc.jpeg""}",0,,,2026-02-02 07:45:56 UTC,2026-02-02 07:45:56 UTC
117259811,31802,31161,134130,"{""Filename"":""102044182_NEG514871936282071886_gz_arcsinh_vis_y.jpg""}","{""0"":""https://panoptes-uploads.zooniverse.org/subject_location/4988ceb2-ed27-47cb-95a5-371384a1123a.jpeg""}",0,,,2026-02-02 07:45:57 UTC,2026-02-02 07:45:57 UTC
117259812,31802,31161,134130,"{""Filename"":""102021499_NEG627558202481169283_gz_arcsinh_vis_y.jpg""}","{""0"":""https://panoptes-uploads.zooniverse.org/subject_location/fc50c1ab-7a74-4c84-b63e-f72394762215.jpeg""}",0,,,2026-02-02 07:45:57 UTC,2026-02-02 07:45:57 UTC
117259813,31802,31161,134130,"{""Filename"":""102021018_NEG640211862485518774_gz_arcsinh_vis_y.jpg""}","{""0"":""https://panoptes-uploads.zooniverse.org/subject_location/62fb4c38-a6e2-49f4-8ef6-c0740d419bcd.jpeg""}",0,,,2026-02-02 07:45:58 UTC,2026-02-02 07:45:58 UTC
117259814,31802,31161,134130,"{""Filename"":""102020066_NEG646012902494251554_gz_arcsinh_vis_y.jpg""}","{""0"":""https://panoptes-uploads.zooniverse.org/subject_location/29e18d45-bd5e-4ff4-97e8-065c65da8f0c.jpeg""}",0,,,2026-02-02 07:45:58 UTC,2026-02-02 07:45:58 UTC
117259815,31802,31161,134130,"{""Filename"":""102021503_NEG660514595479334319_gz_arcsinh_vis_y.jpg""}","{""0"":""https://panoptes-uploads.zooniverse.org/subject_location/5beac42d-3e02-4d93-8393-ab862c8b0509.jpeg""}",0,,,2026-02-02 07:45:59 UTC,2026-02-02 07:45:59 UTC
117259816,31802,31161,134130,"{""Filename"":""102160339_2734930895682483797_gz_arcsinh_vis_y.jpg""}","{""0"":""https://panoptes-uploads.zooniverse.org/subject_location/77815c56-3b04-4ad3-8bac-295ebe225269.jpeg""}",0,,,2026-02-02 07:45:59 UTC,2026-02-02 07:45:59 UTC
117259817,31802,31161,134130,"{""Filename"":""102023477_NEG621096935460042052_gz_arcsinh_vis_y.jpg""}","{""0"":""https://panoptes-uploads.zooniverse.org/subject_location/b87f4dda-f45c-42a9-ac8d-23b4e060d9ca.jpeg""}",0,,,2026-02-02 07:45:59 UTC,2026-02-02 07:45:59 UTC
117259818,31802,31161,134130,"{""Filename"":""102041657_NEG527144970301492402_gz_arcsinh_vis_y.jpg""}","{""0"":""https://panoptes-uploads.zooniverse.org/subject_location/2e69a50d-8c2a-4de0-ae91-8a4d3e061c0d.jpeg""}",0,,,2026-02-02 07:46:00 UTC,2026-02-02 07:46:00 UTC
117259819,31802,31161,134130,"{""Filename"":""102021991_NEG663336789476256184_gz_arcsinh_vis_y.jpg""}","{""0"":""https://panoptes-uploads.zooniverse.org/subject_location/2e3a3765-ffd1-486e-8ed7-1e313734ff71.jpeg""}",0,,,2026-02-02 07:46:00 UTC,2026-02-02 07:46:00 UTC
117259820,31802,31161,134130,"{""Filename"":""102158276_2726381816645916057_gz_arcsinh_vis_y.jpg""}","{""0"":""https://panoptes-uploads.zooniverse.org/subject_location/f5efa099-bbf3-44db-b01e-1923069af1b5.jpeg""}",0,,,2026-02-02 07:46:01 UTC,2026-02-02 07:46:01 UTC
117259821,31802,31161,134130,"{""Filename"":""102021012_NEG596565150483540946_gz_arcsinh_vis_y.jpg""}","{""0"":""https://panoptes-uploads.zooniverse.org/subject_location/61762885-7b70-4799-9d1d-865584912d11.jpeg""}",0,,,2026-02-02 07:46:01 UTC,2026-02-02 07:46:01 UTC
117259822,31802,31161,134130,"{""Filename"":""102020054_NEG557019634497369168_gz_arcsinh_vis_y.jpg""}","{""0"":""https://panoptes-uploads.zooniverse.org/subject_location/7c6c4a0d-06be-4b88-a9b1-717024a8df98.jpeg""}",0,,,2026-02-02 07:46:02 UTC,2026-02-02 07:46:02 UTC
117259823,31802,31161,134130,"{""Filename"":""102021990_NEG653052867473722464_gz_arcsinh_vis_y.jpg""}","{""0"":""https://panoptes-uploads.zooniverse.org/subject_location/7edb74fe-5b0b-4348-b2ab-087210e3e015.jpeg""}",0,,,2026-02-02 07:46:02 UTC,2026-02-02 07:46:02 UTC
117259824,31802,31161,134130,"{""Filename"":""102159484_2665393189663462016_gz_arcsinh_vis_y.jpg""}","{""0"":""https://panoptes-uploads.zooniverse.org/subject_location/04328db3-9b2f-4214-8995-bb592f47aff2.jpeg""}",0,,,2026-02-02 07:46:03 UTC,2026-02-02 07:46:03 UTC
117259825,31802,31161,134130,"{""Filename"":""102020058_NEG589633684497428295_gz_arcsinh_vis_y.jpg""}","{""0"":""https://panoptes-uploads.zooniverse.org/subject_location/6ac45e85-6e5a-49dc-a30b-98ef5983e525.jpeg""}",0,,,2026-02-02 07:46:03 UTC,2026-02-02 07:46:03 UTC
117259826,31802,31161,134130,"{""Filename"":""102020061_NEG608136582496516903_gz_arcsinh_vis_y.jpg""}","{""0"":""https://panoptes-uploads.zooniverse.org/subject_location/285f654f-7da3-4ed0-923c-7292d8a97175.jpeg""}",0,,,2026-02-02 07:46:04 UTC,2026-02-02 07:46:04 UTC
117259827,31802,31161,134130,"{""Filename"":""102022483_NEG654338493471008953_gz_arcsinh_vis_y.jpg""}","{""0"":""https://panoptes-uploads.zooniverse.org/subject_location/77cb0ef4-df15-4bf7-9ce6-9ad087a98d89.jpeg""}",0,,,2026-02-02 07:46:04 UTC,2026-02-02 07:46:04 UTC
117259828,31802,31161,134130,"{""Filename"":""102021009_NEG578018926485206076_gz_arcsinh_vis_y.jpg""}","{""0"":""https://panoptes-uploads.zooniverse.org/subject_location/588636fd-de06-44dd-8ea6-911b27b7c538.jpeg""}",0,,,2026-02-02 07:46:04 UTC,2026-02-02 07:46:04 UTC
117259829,31802,31161,134130,"{""Filename"":""102019589_NEG581363268500706964_gz_arcsinh_vis_y.jpg""}","{""0"":""https://panoptes-uploads.zooniverse.org/subject_location/47ab75fc-be86-4890-85c2-6f3e99074d13.jpeg""}",0,,,2026-02-02 07:46:05 UTC,2026-02-02 07:46:05 UTC
117259830,31802,31161,134130,"{""Filename"":""102019586_NEG564227823497618406_gz_arcsinh_vis_y.jpg""}","{""0"":""https://panoptes-uploads.zooniverse.org/subject_location/a037c875-e8b0-4d43-8d45-b85dd26c852c.jpeg""}",0,,,2026-02-02 07:46:05 UTC,2026-02-02 07:46:05 UTC
117259831,31802,31161,134130,"{""Filename"":""102021016_NEG627004918485077595_gz_arcsinh_vis_y.jpg""}","{""0"":""https://panoptes-uploads.zooniverse.org/subject_location/a0f8768f-9957-4941-8362-912f023f2c84.jpeg""}",0,,,2026-02-02 07:46:06 UTC,2026-02-02 07:46:06 UTC
117259832,31802,31161,134130,"{""Filename"":""102160608_2690804560684704012_gz_arcsinh_vis_y.jpg""}","{""0"":""https://panoptes-uploads.zooniverse.org/subject_location/706d6a7a-9eda-4d2c-a021-7e2d86e85745.jpeg""}",0,,,2026-02-02 07:46:06 UTC,2026-02-02 07:46:06 UTC
117259833,31802,31161,134130,"{""Filename"":""102158891_2700053177656779200_gz_arcsinh_vis_y.jpg""}","{""0"":""https://panoptes-uploads.zooniverse.org/subject_location/227d0509-9a6a-4c5e-8228-e67acd17a560.jpeg""}",0,,,2026-02-02 07:46:07 UTC,2026-02-02 07:46:07 UTC
117259834,31802,31161,134130,"{""Filename"":""102020528_NEG556210072492201755_gz_arcsinh_vis_y.jpg""}","{""0"":""https://panoptes-uploads.zooniverse.org/subject_location/c9027c8d-16b8-4d05-a7ae-31c71bdc7348.jpeg""}",0,,,2026-02-02 07:46:07 UTC,2026-02-02 07:46:07 UTC
117259835,31802,31161,134130,"{""Filename"":""102021500_NEG636279687480267256_gz_arcsinh_vis_y.jpg""}","{""0"":""https://panoptes-uploads.zooniverse.org/subject_location/6b3cf760-ad2a-4715-96a2-da4bf84439e8.jpeg""}",0,,,2026-02-02 07:46:08 UTC,2026-02-02 07:46:08 UTC
117259836,31802,31161,134130,"{""Filename"":""102021985_NEG613606913472530457_gz_arcsinh_vis_y.jpg""}","{""0"":""https://panoptes-uploads.zooniverse.org/subject_location/6b5678be-b8e1-424a-a2d7-608d40709613.jpeg""}",0,,,2026-02-02 07:46:08 UTC,2026-02-02 07:46:08 UTC
117259837,31802,31161,134130,"{""Filename"":""102022979_NEG649775934464796539_gz_arcsinh_vis_y.jpg""}","{""0"":""https://panoptes-uploads.zooniverse.org/subject_location/54168d30-2190-457a-9afa-7bf078236fc6.jpeg""}",0,,,2026-02-02 07:46:09 UTC,2026-02-02 07:46:09 UTC
117259838,31802,31161,134130,"{""Filename"":""102021500_NEG637497104482423009_gz_arcsinh_vis_y.jpg""}","{""0"":""https://panoptes-uploads.zooniverse.org/subject_location/e301f373-04b8-43bb-9298-1c1d2db74724.jpeg""}",0,,,2026-02-02 07:46:09 UTC,2026-02-02 07:46:09 UTC
117259839,31802,31161,134130,"{""Filename"":""102158276_2723023937644287793_gz_arcsinh_vis_y.jpg""}","{""0"":""https://panoptes-uploads.zooniverse.org/subject_location/ca08de99-5701-4ba6-9b99-2e1c944e3604.jpeg""}",0,,,2026-02-02 07:46:10 UTC,2026-02-02 07:46:10 UTC
117259840,31802,31161,134130,"{""Filename"":""102020061_NEG605906937496693313_gz_arcsinh_vis_y.jpg""}","{""0"":""https://panoptes-uploads.zooniverse.org/subject_location/c496cf0c-4cda-4028-86db-5f9dc35d8bc3.jpeg""}",0,,,2026-02-02 07:46:10 UTC,2026-02-02 07:46:10 UTC
117259841,31802,31161,134130,"{""Filename"":""102042288_NEG551245879293781030_gz_arcsinh_vis_y.jpg""}","{""0"":""https://panoptes-uploads.zooniverse.org/subject_location/0fedf52e-c288-4fe2-8c18-e79936de9dfa.jpeg""}",0,,,2026-02-02 07:46:10 UTC,2026-02-02 07:46:10 UTC
117259842,31802,31161,134130,"{""Filename"":""102021991_NEG658031980473056357_gz_arcsinh_vis_y.jpg""}","{""0"":""https://panoptes-uploads.zooniverse.org/subject_location/04425e78-e08e-42a1-9ead-9655f0ce9326.jpeg""}",0,,,2026-02-02 07:46:11 UTC,2026-02-02 07:46:11 UTC
117259843,31802,31161,134130,"{""Filename"":""102160059_2694104216675056146_gz_arcsinh_vis_y.jpg""}","{""0"":""https://panoptes-uploads.zooniverse.org/subject_location/7ead34c0-11de-4273-8c4e-886d102a0033.jpeg""}",0,,,2026-02-02 07:46:11 UTC,2026-02-02 07:46:11 UTC
117259844,31802,31161,134130,"{""Filename"":""102159196_2745960742658065696_gz_arcsinh_vis_y.jpg""}","{""0"":""https://panoptes-uploads.zooniverse.org/subject_location/75af4631-c648-4227-9c66-0263bc45459c.jpeg""}",0,,,2026-02-02 07:46:12 UTC,2026-02-02 07:46:12 UTC
117259845,31802,31161,134130,"{""Filename"":""102157631_2675439922635206530_gz_arcsinh_vis_y.jpg""}","{""0"":""https://panoptes-uploads.zooniverse.org/subject_location/9f96f890-4a8a-455d-8203-1b27930104be.jpeg""}",0,,,2026-02-02 07:46:12 UTC,2026-02-02 07:46:12 UTC
117259846,31802,31161,134130,"{""Filename"":""102160057_2674860822677072142_gz_arcsinh_vis_y.jpg""}","{""0"":""https://panoptes-uploads.zooniverse.org/subject_location/3ddbc394-4549-4b92-ad17-524a291e1a7d.jpeg""}",0,,,2026-02-02 07:46:13 UTC,2026-02-02 07:46:13 UTC
117259847,31802,31161,134130,"{""Filename"":""102159777_2726710416670405798_gz_arcsinh_vis_y.jpg""}","{""0"":""https://panoptes-uploads.zooniverse.org/subject_location/ed0d01b4-2ee8-4cf0-a5e1-9d2dba2ba354.jpeg""}",0,,,2026-02-02 07:46:13 UTC,2026-02-02 07:46:13 UTC
117259848,31802,31161,134130,"{""Filename"":""102043550_NEG535118776284962216_gz_arcsinh_vis_y.jpg""}","{""0"":""https://panoptes-uploads.zooniverse.org/subject_location/bd28ba2e-fd75-4fbe-a627-49cb343fbf41.jpeg""}",0,,,2026-02-02 07:46:14 UTC,2026-02-02 07:46:14 UTC
117259849,31802,31161,134130,"{""Filename"":""102158895_2743421344656872857_gz_arcsinh_vis_y.jpg""}","{""0"":""https://panoptes-uploads.zooniverse.org/subject_location/686a235f-1dc3-42eb-8107-ae892704997e.jpeg""}",0,,,2026-02-02 07:46:14 UTC,2026-02-02 07:46:14 UTC
117259850,31802,31161,134130,"{""Filename"":""102021016_NEG624835931486364489_gz_arcsinh_vis_y.jpg""}","{""0"":""https://panoptes-uploads.zooniverse.org/subject_location/e4d7a259-56a7-403b-8cb2-cfa313baab8a.jpeg""}",0,,,2026-02-02 07:46:15 UTC,2026-02-02 07:46:15 UTC
117259851,31802,31161,134130,"{""Filename"":""102020541_NEG654981759490330612_gz_arcsinh_vis_y.jpg""}","{""0"":""https://panoptes-uploads.zooniverse.org/subject_location/6d8da6a7-2f3e-48fa-83db-cb26779b2443.jpeg""}",0,,,2026-02-02 07:46:15 UTC,2026-02-02 07:46:15 UTC
117259852,31802,31161,134130,"{""Filename"":""102022982_NEG667536168466302592_gz_arcsinh_vis_y.jpg""}","{""0"":""https://panoptes-uploads.zooniverse.org/subject_location/000cfed7-c16d-4f36-9f21-94ac5dae9818.jpeg""}",0,,,2026-02-02 07:46:16 UTC,2026-02-02 07:46:16 UTC
117259853,31802,31161,134130,"{""Filename"":""102023481_NEG649923142462104035_gz_arcsinh_vis_y.jpg""}","{""0"":""https://panoptes-uploads.zooniverse.org/subject_location/37152b50-32db-469b-9af4-022a81c5b46e.jpeg""}",0,,,2026-02-02 07:46:16 UTC,2026-02-02 07:46:16 UTC
117259854,31802,31161,134130,"{""Filename"":""102160335_2676025807680562915_gz_arcsinh_vis_y.jpg""}","{""0"":""https://panoptes-uploads.zooniverse.org/subject_location/4f492073-f3d0-4421-9792-d5404800be3c.jpeg""}",0,,,2026-02-02 07:46:16 UTC,2026-02-02 07:46:16 UTC
117259855,31802,31161,134130,"{""Filename"":""102043546_NEG514093661283045802_gz_arcsinh_vis_y.jpg""}","{""0"":""https://panoptes-uploads.zooniverse.org/subject_location/41eb21f0-a3ff-45a1-bb56-5f6828ce932c.jpeg""}",0,,,2026-02-02 07:46:17 UTC,2026-02-02 07:46:17 UTC
117259856,31802,31161,134130,"{""Filename"":""102022477_NEG611562078467941000_gz_arcsinh_vis_y.jpg""}","{""0"":""https://panoptes-uploads.zooniverse.org/subject_location/62bcf292-074f-41f0-948d-01e409ca0cb1.jpeg""}",0,,,2026-02-02 07:46:17 UTC,2026-02-02 07:46:17 UTC
117259857,31802,31161,134130,"{""Filename"":""102045464_NEG516569667271863466_gz_arcsinh_vis_y.jpg""}","{""0"":""https://panoptes-uploads.zooniverse.org/subject_location/623d5432-cbc7-4476-96fe-0d75808bc618.jpeg""}",0,,,2026-02-02 07:46:18 UTC,2026-02-02 07:46:18 UTC
117259858,31802,31161,134130,"{""Filename"":""102022483_NEG652676849471518291_gz_arcsinh_vis_y.jpg""}","{""0"":""https://panoptes-uploads.zooniverse.org/subject_location/1e42da4a-113b-4c23-a301-7560702ffaf7.jpeg""}",0,,,2026-02-02 07:46:18 UTC,2026-02-02 07:46:18 UTC
117259859,31802,31161,134130,"{""Filename"":""102159776_2711021389672468003_gz_arcsinh_vis_y.jpg""}","{""0"":""https://panoptes-uploads.zooniverse.org/subject_location/0af91ac9-0863-46f8-869a-43f05da30b9e.jpeg""}",0,,,2026-02-02 07:46:19 UTC,2026-02-02 07:46:19 UTC
117259860,31802,31161,134130,"{""Filename"":""102158274_2707247834645735793_gz_arcsinh_vis_y.jpg""}","{""0"":""https://panoptes-uploads.zooniverse.org/subject_location/102571d8-5d4e-4b89-ad5d-b9a6d4bbeb2d.jpeg""}",0,,,2026-02-02 07:46:19 UTC,2026-02-02 07:46:19 UTC
117259861,31802,31161,134130,"{""Filename"":""102159779_2744876556669921995_gz_arcsinh_vis_y.jpg""}","{""0"":""https://panoptes-uploads.zooniverse.org/subject_location/656f44b6-7e05-4c80-a9a4-0fdfbb23461e.jpeg""}",0,,,2026-02-02 07:46:20 UTC,2026-02-02 07:46:20 UTC
117259862,31802,31161,134130,"{""Filename"":""102021010_NEG580320926484476197_gz_arcsinh_vis_y.jpg""}","{""0"":""https://panoptes-uploads.zooniverse.org/subject_location/9d104edf-6786-4065-812d-bdf0baede993.jpeg""}",0,,,2026-02-02 07:46:20 UTC,2026-02-02 07:46:20 UTC
117259863,31802,31161,134130,"{""Filename"":""102020538_NEG633180990492137298_gz_arcsinh_vis_y.jpg""}","{""0"":""https://panoptes-uploads.zooniverse.org/subject_location/d21782b4-b90a-4a82-8555-5984c1494e64.jpeg""}",0,,,2026-02-02 07:46:21 UTC,2026-02-02 07:46:21 UTC
117259864,31802,31161,134130,"{""Filename"":""102021503_NEG662113522479459785_gz_arcsinh_vis_y.jpg""}","{""0"":""https://panoptes-uploads.zooniverse.org/subject_location/8b86baf2-f999-47cf-9ff5-208abe23dd0d.jpeg""}",0,,,2026-02-02 07:46:21 UTC,2026-02-02 07:46:21 UTC
117259865,31802,31161,134130,"{""Filename"":""102018668_NEG600305311507858817_gz_arcsinh_vis_y.jpg""}","{""0"":""https://panoptes-uploads.zooniverse.org/subject_location/9b2cc48b-1dad-48c6-a059-f51e629bacf3.jpeg""}",0,,,2026-02-02 07:46:22 UTC,2026-02-02 07:46:22 UTC
117259866,31802,31161,134130,"{""Filename"":""102021987_NEG628615947473575459_gz_arcsinh_vis_y.jpg""}","{""0"":""https://panoptes-uploads.zooniverse.org/subject_location/8df313f9-c9f0-495d-be45-fe74949e7988.jpeg""}",0,,,2026-02-02 07:46:22 UTC,2026-02-02 07:46:22 UTC
117259867,31802,31161,134130,"{""Filename"":""102019125_NEG580916957504105936_gz_arcsinh_vis_y.jpg""}","{""0"":""https://panoptes-uploads.zooniverse.org/subject_location/70c75be5-0ee4-4fba-8078-b6bb4007cb3d.jpeg""}",0,,,2026-02-02 07:46:22 UTC,2026-02-02 07:46:22 UTC
117259868,31802,31161,134130,"{""Filename"":""102022975_NEG616828276466133951_gz_arcsinh_vis_y.jpg""}","{""0"":""https://panoptes-uploads.zooniverse.org/subject_location/333efce0-1611-41b1-ad91-3667a3258c77.jpeg""}",0,,,2026-02-02 07:46:23 UTC,2026-02-02 07:46:23 UTC
117259869,31802,31161,134130,"{""Filename"":""102020058_NEG588824137496683057_gz_arcsinh_vis_y.jpg""}","{""0"":""https://panoptes-uploads.zooniverse.org/subject_location/25a3a049-3fdf-45d2-8e21-7bb24bd94328.jpeg""}",0,,,2026-02-02 07:46:23 UTC,2026-02-02 07:46:23 UTC
117259870,31802,31161,134130,"{""Filename"":""102160607_2681987833683153271_gz_arcsinh_vis_y.jpg""}","{""0"":""https://panoptes-uploads.zooniverse.org/subject_location/7dd93ee2-ef34-4723-ba67-adb21e10d320.jpeg""}",0,,,2026-02-02 07:46:24 UTC,2026-02-02 07:46:24 UTC
117259871,31802,31161,134130,"{""Filename"":""102022485_NEG667871262469963076_gz_arcsinh_vis_y.jpg""}","{""0"":""https://panoptes-uploads.zooniverse.org/subject_location/74597842-5847-4cfc-82a0-a10ed7962524.jpeg""}",0,,,2026-02-02 07:46:24 UTC,2026-02-02 07:46:24 UTC
117259872,31802,31161,134130,"{""Filename"":""102160055_2654782690676336304_gz_arcsinh_vis_y.jpg""}","{""0"":""https://panoptes-uploads.zooniverse.org/subject_location/dda5aba6-d3dd-4272-8390-72deae7c921a.jpeg""}",0,,,2026-02-02 07:46:25 UTC,2026-02-02 07:46:25 UTC
117259873,31802,31161,134130,"{""Filename"":""102159774_2688633140670161957_gz_arcsinh_vis_y.jpg""}","{""0"":""https://panoptes-uploads.zooniverse.org/subject_location/3252be5c-7233-4b00-81f6-2cd7a98a93f8.jpeg""}",0,,,2026-02-02 07:46:25 UTC,2026-02-02 07:46:25 UTC
117259874,31802,31161,134130,"{""Filename"":""102022476_NEG603597498467995315_gz_arcsinh_vis_y.jpg""}","{""0"":""https://panoptes-uploads.zooniverse.org/subject_location/e788b7b3-bac2-40e1-b6c2-f7a3eece62a1.jpeg""}",0,,,2026-02-02 07:46:26 UTC,2026-02-02 07:46:26 UTC
117259875,31802,31161,134130,"{""Filename"":""102160607_2680415279683969268_gz_arcsinh_vis_y.jpg""}","{""0"":""https://panoptes-uploads.zooniverse.org/subject_location/1bb1cbdd-4b7e-4560-90f7-bdd9955eecb4.jpeg""}",0,,,2026-02-02 07:46:26 UTC,2026-02-02 07:46:26 UTC
117259876,31802,31161,134130,"{""Filename"":""102160336_2685666491681114336_gz_arcsinh_vis_y.jpg""}","{""0"":""https://panoptes-uploads.zooniverse.org/subject_location/a5113dd0-182f-4dde-af70-8994c3e688a4.jpeg""}",0,,,2026-02-02 07:46:27 UTC,2026-02-02 07:46:27 UTC
117259877,31802,31161,134130,"{""Filename"":""102018668_NEG594296274509183706_gz_arcsinh_vis_y.jpg""}","{""0"":""https://panoptes-uploads.zooniverse.org/subject_location/ed06b22a-8202-4db3-b025-4f854137edf0.jpeg""}",0,,,2026-02-02 07:46:27 UTC,2026-02-02 07:46:27 UTC
117259878,31802,31161,134130,"{""Filename"":""102020066_NEG644793871492698092_gz_arcsinh_vis_y.jpg""}","{""0"":""https://panoptes-uploads.zooniverse.org/subject_location/1cb84d84-40a3-4b7e-a770-daaac19add01.jpeg""}",0,,,2026-02-02 07:46:28 UTC,2026-02-02 07:46:28 UTC
117259879,31802,31161,134130,"{""Filename"":""102019124_NEG578734884503876219_gz_arcsinh_vis_y.jpg""}","{""0"":""https://panoptes-uploads.zooniverse.org/subject_location/2aa17cd3-46a8-427a-8501-c71102f0e579.jpeg""}",0,,,2026-02-02 07:46:28 UTC,2026-02-02 07:46:28 UTC
117259880,31802,31161,134130,"{""Filename"":""102158271_2667473359645491797_gz_arcsinh_vis_y.jpg""}","{""0"":""https://panoptes-uploads.zooniverse.org/subject_location/7d497459-7ae8-4bf8-a511-35c9de05c8cd.jpeg""}",0,,,2026-02-02 07:46:29 UTC,2026-02-02 07:46:29 UTC
117259881,31802,31161,134130,"{""Filename"":""102045466_NEG523288178268706530_gz_arcsinh_vis_y.jpg""}","{""0"":""https://panoptes-uploads.zooniverse.org/subject_location/ff791329-cb32-4612-ba89-f934984b85ed.jpeg""}",0,,,2026-02-02 07:46:29 UTC,2026-02-02 07:46:29 UTC
117259882,31802,31161,134130,"{""Filename"":""102158274_2698191747642660431_gz_arcsinh_vis_y.jpg""}","{""0"":""https://panoptes-uploads.zooniverse.org/subject_location/90f6eed5-1ce1-46c3-9816-b7a115b349a7.jpeg""}",0,,,2026-02-02 07:46:30 UTC,2026-02-02 07:46:30 UTC
117259883,31802,31161,134130,"{""Filename"":""102042285_NEG532586780297258331_gz_arcsinh_vis_y.jpg""}","{""0"":""https://panoptes-uploads.zooniverse.org/subject_location/474d2d70-cc96-481a-aee5-b7f0bb9206eb.jpeg""}",0,,,2026-02-02 07:46:30 UTC,2026-02-02 07:46:30 UTC
117259884,31802,31161,134130,"{""Filename"":""102159484_2663867598667188822_gz_arcsinh_vis_y.jpg""}","{""0"":""https://panoptes-uploads.zooniverse.org/subject_location/5a0b2fe3-efee-45a5-a7a9-1e17125dc2d7.jpeg""}",0,,,2026-02-02 07:46:30 UTC,2026-02-02 07:46:30 UTC
117259885,31802,31161,134130,"{""Filename"":""102046761_NEG530384261259348605_gz_arcsinh_vis_y.jpg""}","{""0"":""https://panoptes-uploads.zooniverse.org/subject_location/8523e64b-11ff-45f0-ba16-2b51c41717ec.jpeg""}",0,,,2026-02-02 07:46:31 UTC,2026-02-02 07:46:31 UTC
117259886,31802,31161,134130,"{""Filename"":""102021018_NEG639323250486588528_gz_arcsinh_vis_y.jpg""}","{""0"":""https://panoptes-uploads.zooniverse.org/subject_location/3911dc33-b2b2-4c51-82e4-745d8d1530ce.jpeg""}",0,,,2026-02-02 07:46:31 UTC,2026-02-02 07:46:31 UTC
117259887,31802,31161,134130,"{""Filename"":""102160056_2657916938674838108_gz_arcsinh_vis_y.jpg""}","{""0"":""https://panoptes-uploads.zooniverse.org/subject_location/90816546-ecb7-45f1-b60b-ecf13e5197e7.jpeg""}",0,,,2026-02-02 07:46:32 UTC,2026-02-02 07:46:32 UTC
117259888,31802,31161,134130,"{""Filename"":""102021499_NEG628514969479911565_gz_arcsinh_vis_y.jpg""}","{""0"":""https://panoptes-uploads.zooniverse.org/subject_location/d48dbdcd-96cf-4737-97d1-1c9197fe530d.jpeg""}",0,,,2026-02-02 07:46:32 UTC,2026-02-02 07:46:32 UTC
117259889,31802,31161,134130,"{""Filename"":""102020532_NEG586835531490541130_gz_arcsinh_vis_y.jpg""}","{""0"":""https://panoptes-uploads.zooniverse.org/subject_location/7150c9b0-cb90-45d7-8da5-b3576fc2831e.jpeg""}",0,,,2026-02-02 07:46:33 UTC,2026-02-02 07:46:33 UTC
117259890,31802,31161,134130,"{""Filename"":""102020064_NEG630930128495150266_gz_arcsinh_vis_y.jpg""}","{""0"":""https://panoptes-uploads.zooniverse.org/subject_location/9655cf06-3592-4217-9004-cb021f2f6951.jpeg""}",0,,,2026-02-02 07:46:33 UTC,2026-02-02 07:46:33 UTC
117259891,31802,31161,134130,"{""Filename"":""102020059_NEG598060937494359186_gz_arcsinh_vis_y.jpg""}","{""0"":""https://panoptes-uploads.zooniverse.org/subject_location/e7673ffc-69ec-42db-9c4e-2d35feaeb705.jpeg""}",0,,,2026-02-02 07:46:34 UTC,2026-02-02 07:46:34 UTC
117259892,31802,31161,134130,"{""Filename"":""102042914_NEG526241544288772515_gz_arcsinh_vis_y.jpg""}","{""0"":""https://panoptes-uploads.zooniverse.org/subject_location/c21c78a8-a3ab-4f73-b442-d400deb60f08.jpeg""}",0,,,2026-02-02 07:46:34 UTC,2026-02-02 07:46:34 UTC
117259893,31802,31161,134130,"{""Filename"":""102044187_NEG541365073278111916_gz_arcsinh_vis_y.jpg""}","{""0"":""https://panoptes-uploads.zooniverse.org/subject_location/93be50c9-c3a1-4e1f-aca4-9dadfb5851de.jpeg""}",0,,,2026-02-02 07:46:35 UTC,2026-02-02 07:46:35 UTC
117259894,31802,31161,134130,"{""Filename"":""102159483_2652174199663306174_gz_arcsinh_vis_y.jpg""}","{""0"":""https://panoptes-uploads.zooniverse.org/subject_location/c8520da2-8a64-4156-ad87-4493dd411f94.jpeg""}",0,,,2026-02-02 07:46:35 UTC,2026-02-02 07:46:35 UTC
117259895,31802,31161,134130,"{""Filename"":""102021018_NEG644955638486758331_gz_arcsinh_vis_y.jpg""}","{""0"":""https://panoptes-uploads.zooniverse.org/subject_location/dbd6ff8e-7b01-42a2-ae5c-4cbdd1c71401.jpeg""}",0,,,2026-02-02 07:46:36 UTC,2026-02-02 07:46:36 UTC
117259896,31802,31161,134130,"{""Filename"":""102021012_NEG595141408482539303_gz_arcsinh_vis_y.jpg""}","{""0"":""https://panoptes-uploads.zooniverse.org/subject_location/3f63b70d-9cec-41d5-8456-c6a35d23c94e.jpeg""}",0,,,2026-02-02 07:46:36 UTC,2026-02-02 07:46:36 UTC
117259897,31802,31161,134130,"{""Filename"":""102021500_NEG633331666480899275_gz_arcsinh_vis_y.jpg""}","{""0"":""https://panoptes-uploads.zooniverse.org/subject_location/290665ca-9191-4be9-8085-fbdcde69ebfd.jpeg""}",0,,,2026-02-02 07:46:37 UTC,2026-02-02 07:46:37 UTC
117259898,31802,31161,134130,"{""Filename"":""102018667_NEG589335240510742325_gz_arcsinh_vis_y.jpg""}","{""0"":""https://panoptes-uploads.zooniverse.org/subject_location/d3569c20-dfdf-406d-bb72-bfa0d76fa380.jpeg""}",0,,,2026-02-02 07:46:37 UTC,2026-02-02 07:46:37 UTC
117259899,31802,31161,134130,"{""Filename"":""102023478_NEG624452170459431323_gz_arcsinh_vis_y.jpg""}","{""0"":""https://panoptes-uploads.zooniverse.org/subject_location/67374eb1-9652-4349-bc47-a33689a55bca.jpeg""}",0,,,2026-02-02 07:46:37 UTC,2026-02-02 07:46:37 UTC
117259900,31802,31161,134130,"{""Filename"":""102020530_NEG572785719488048240_gz_arcsinh_vis_y.jpg""}","{""0"":""https://panoptes-uploads.zooniverse.org/subject_location/74795aca-a5f8-41fe-b3ba-1493fc8bcd2d.jpeg""}",0,,,2026-02-02 07:46:38 UTC,2026-02-02 07:46:38 UTC
117259901,31802,31161,134130,"{""Filename"":""102158271_2665549667645137935_gz_arcsinh_vis_y.jpg""}","{""0"":""https://panoptes-uploads.zooniverse.org/subject_location/490c1d8b-b357-44f9-83f5-dd8a6c6b6791.jpeg""}",0,,,2026-02-02 07:46:38 UTC,2026-02-02 07:46:38 UTC
117259902,31802,31161,134130,"{""Filename"":""102021009_NEG574875167486771446_gz_arcsinh_vis_y.jpg""}","{""0"":""https://panoptes-uploads.zooniverse.org/subject_location/12d26cbf-db04-4073-af25-3c4009583cf2.jpeg""}",0,,,2026-02-02 07:46:39 UTC,2026-02-02 07:46:39 UTC
117259903,31802,31161,134130,"{""Filename"":""102019590_NEG591920838498247217_gz_arcsinh_vis_y.jpg""}","{""0"":""https://panoptes-uploads.zooniverse.org/subject_location/25765408-d8ce-480f-aafa-afa818d0df09.jpeg""}",0,,,2026-02-02 07:46:39 UTC,2026-02-02 07:46:39 UTC
117259904,31802,31161,134130,"{""Filename"":""102044824_NEG528232213273778230_gz_arcsinh_vis_y.jpg""}","{""0"":""https://panoptes-uploads.zooniverse.org/subject_location/c4fa7a31-0b56-4b73-84f1-9c6f6bfbe6df.jpeg""}",0,,,2026-02-02 07:46:40 UTC,2026-02-02 07:46:40 UTC
117259905,31802,31161,134130,"{""Filename"":""102158583_2669246171649086122_gz_arcsinh_vis_y.jpg""}","{""0"":""https://panoptes-uploads.zooniverse.org/subject_location/6f7339a0-8b93-44a3-a942-7b770faa60bd.jpeg""}",0,,,2026-02-02 07:46:40 UTC,2026-02-02 07:46:40 UTC
117259906,31802,31161,134130,"{""Filename"":""102041656_NEG525162552298054328_gz_arcsinh_vis_y.jpg""}","{""0"":""https://panoptes-uploads.zooniverse.org/subject_location/5ac9dece-67dd-4968-875c-44ad80cbb6e8.jpeg""}",0,,,2026-02-02 07:46:41 UTC,2026-02-02 07:46:41 UTC
117259907,31802,31161,134130,"{""Filename"":""102022484_NEG658750687469585788_gz_arcsinh_vis_y.jpg""}","{""0"":""https://panoptes-uploads.zooniverse.org/subject_location/ec8bc107-4e25-46a7-82a4-4e609adf88af.jpeg""}",0,,,2026-02-02 07:46:41 UTC,2026-02-02 07:46:41 UTC
117259908,31802,31161,134130,"{""Filename"":""102158586_2704035448650015753_gz_arcsinh_vis_y.jpg""}","{""0"":""https://panoptes-uploads.zooniverse.org/subject_location/b03536eb-a4b9-425a-bfcb-d40e150c5b31.jpeg""}",0,,,2026-02-02 07:46:42 UTC,2026-02-02 07:46:42 UTC
117259909,31802,31161,134130,"{""Filename"":""102046111_NEG521218064265407973_gz_arcsinh_vis_y.jpg""}","{""0"":""https://panoptes-uploads.zooniverse.org/subject_location/00f3a94e-4154-47c3-ad44-236d140bf17d.jpeg""}",0,,,2026-02-02 07:46:42 UTC,2026-02-02 07:46:42 UTC
117259910,31802,31161,134130,"{""Filename"":""102020060_NEG602086008495166698_gz_arcsinh_vis_y.jpg""}","{""0"":""https://panoptes-uploads.zooniverse.org/subject_location/b59c7793-68ff-4b50-b0d8-7dbc7168ac5c.jpeg""}",0,,,2026-02-02 07:46:43 UTC,2026-02-02 07:46:43 UTC
117259911,31802,31161,134130,"{""Filename"":""102044826_NEG536696991273704943_gz_arcsinh_vis_y.jpg""}","{""0"":""https://panoptes-uploads.zooniverse.org/subject_location/098385a5-09c6-494e-a40d-d20f8ffb670b.jpeg""}",0,,,2026-02-02 07:46:43 UTC,2026-02-02 07:46:43 UTC
117259912,31802,31161,134130,"{""Filename"":""102044185_NEG527770827282104212_gz_arcsinh_vis_y.jpg""}","{""0"":""https://panoptes-uploads.zooniverse.org/subject_location/37499a72-6589-4597-ab94-4128d5229463.jpeg""}",0,,,2026-02-02 07:46:44 UTC,2026-02-02 07:46:44 UTC
117259913,31802,31161,134130,"{""Filename"":""102020057_NEG580484198497486268_gz_arcsinh_vis_y.jpg""}","{""0"":""https://panoptes-uploads.zooniverse.org/subject_location/11e5da95-feea-43e0-8426-86179ff98cd8.jpeg""}",0,,,2026-02-02 07:46:44 UTC,2026-02-02 07:46:44 UTC
117259914,31802,31161,134130,"{""Filename"":""102019128_NEG606897308507102508_gz_arcsinh_vis_y.jpg""}","{""0"":""https://panoptes-uploads.zooniverse.org/subject_location/82dd5203-28fb-473e-a911-34561f2c13f4.jpeg""}",0,,,2026-02-02 07:46:44 UTC,2026-02-02 07:46:44 UTC
117259915,31802,31161,134130,"{""Filename"":""102019587_NEG567780511500463020_gz_arcsinh_vis_y.jpg""}","{""0"":""https://panoptes-uploads.zooniverse.org/subject_location/b37bf9b8-af7b-454d-88bb-2d89bb23416d.jpeg""}",0,,,2026-02-02 07:46:45 UTC,2026-02-02 07:46:45 UTC
117259916,31802,31161,134130,"{""Filename"":""102022475_NEG592308641472340714_gz_arcsinh_vis_y.jpg""}","{""0"":""https://panoptes-uploads.zooniverse.org/subject_location/fa82c9b5-a99e-48fe-8932-d7da73369c67.jpeg""}",0,,,2026-02-02 07:46:45 UTC,2026-02-02 07:46:45 UTC
117259917,31802,31161,134130,"{""Filename"":""102042912_NEG512185629287904056_gz_arcsinh_vis_y.jpg""}","{""0"":""https://panoptes-uploads.zooniverse.org/subject_location/909c3d4d-ceb8-4be4-9985-7aded06e1772.jpeg""}",0,,,2026-02-02 07:46:46 UTC,2026-02-02 07:46:46 UTC
117259918,31802,31161,134130,"{""Filename"":""102021502_NEG651422222480640654_gz_arcsinh_vis_y.jpg""}","{""0"":""https://panoptes-uploads.zooniverse.org/subject_location/0b3dc0da-f90e-41f8-862a-a9e67eb58069.jpeg""}",0,,,2026-02-02 07:46:46 UTC,2026-02-02 07:46:46 UTC
117259919,31802,31161,134130,"{""Filename"":""102158585_2696671539649892788_gz_arcsinh_vis_y.jpg""}","{""0"":""https://panoptes-uploads.zooniverse.org/subject_location/7fb85987-96a3-4346-b92b-a433652d526e.jpeg""}",0,,,2026-02-02 07:46:47 UTC,2026-02-02 07:46:47 UTC
117259920,31802,31161,134130,"{""Filename"":""102020055_NEG567348035494551340_gz_arcsinh_vis_y.jpg""}","{""0"":""https://panoptes-uploads.zooniverse.org/subject_location/8b7883e8-d4f0-489f-9242-1096195c3afa.jpeg""}",0,,,2026-02-02 07:46:47 UTC,2026-02-02 07:46:47 UTC
117259921,31802,31161,134130,"{""Filename"":""102042917_NEG540630201290736607_gz_arcsinh_vis_y.jpg""}","{""0"":""https://panoptes-uploads.zooniverse.org/subject_location/05f52bd8-ff2c-4e60-9107-c11e2556fbdd.jpeg""}",0,,,2026-02-02 07:46:48 UTC,2026-02-02 07:46:48 UTC
117259922,31802,31161,134130,"{""Filename"":""102045470_NEG546684901271971836_gz_arcsinh_vis_y.jpg""}","{""0"":""https://panoptes-uploads.zooniverse.org/subject_location/f8784adc-f42f-4263-8772-bcf6c8f4cb1a.jpeg""}",0,,,2026-02-02 07:46:48 UTC,2026-02-02 07:46:48 UTC
117259923,31802,31161,134130,"{""Filename"":""102021989_NEG644034596476511848_gz_arcsinh_vis_y.jpg""}","{""0"":""https://panoptes-uploads.zooniverse.org/subject_location/9afb9bb1-2e0f-4ead-a1a2-19abc8384940.jpeg""}",0,,,2026-02-02 07:46:49 UTC,2026-02-02 07:46:49 UTC
117259924,31802,31161,134130,"{""Filename"":""102019123_NEG570843088503096320_gz_arcsinh_vis_y.jpg""}","{""0"":""https://panoptes-uploads.zooniverse.org/subject_location/75e10301-bb9d-40b5-8b68-41ea7f1a99d1.jpeg""}",0,,,2026-02-02 07:46:49 UTC,2026-02-02 07:46:49 UTC
117259925,31802,31161,134130,"{""Filename"":""102043551_NEG545372281286148965_gz_arcsinh_vis_y.jpg""}","{""0"":""https://panoptes-uploads.zooniverse.org/subject_location/94b68b61-b196-4c9b-93d2-0eec3316f9fb.jpeg""}",0,,,2026-02-02 07:46:50 UTC,2026-02-02 07:46:50 UTC
117259926,31802,31161,134130,"{""Filename"":""102044187_NEG540526435281842275_gz_arcsinh_vis_y.jpg""}","{""0"":""https://panoptes-uploads.zooniverse.org/subject_location/081497a4-2c4d-41d4-b512-05d66f308441.jpeg""}",0,,,2026-02-02 07:46:50 UTC,2026-02-02 07:46:50 UTC
117259927,31802,31161,134130,"{""Filename"":""102160608_2692395121686418021_gz_arcsinh_vis_y.jpg""}","{""0"":""https://panoptes-uploads.zooniverse.org/subject_location/8de39651-92c3-446a-b476-df98952f6167.jpeg""}",0,,,2026-02-02 07:46:51 UTC,2026-02-02 07:46:51 UTC
117259928,31802,31161,134130,"{""Filename"":""102044825_NEG530544593277014279_gz_arcsinh_vis_y.jpg""}","{""0"":""https://panoptes-uploads.zooniverse.org/subject_location/f6faf3cc-2974-493e-888d-b814c9e4b27b.jpeg""}",0,,,2026-02-02 07:46:51 UTC,2026-02-02 07:46:51 UTC
117259929,31802,31161,134130,"{""Filename"":""102022980_NEG656192587467128327_gz_arcsinh_vis_y.jpg""}","{""0"":""https://panoptes-uploads.zooniverse.org/subject_location/9e6bde95-7187-4f91-af26-a4edf7e6a3fc.jpeg""}",0,,,2026-02-02 07:46:51 UTC,2026-02-02 07:46:51 UTC
117259930,31802,31161,134130,"{""Filename"":""102020059_NEG597621344496546963_gz_arcsinh_vis_y.jpg""}","{""0"":""https://panoptes-uploads.zooniverse.org/subject_location/a4b23669-edc0-40eb-8404-a9487d842196.jpeg""}",0,,,2026-02-02 07:46:52 UTC,2026-02-02 07:46:52 UTC
117259931,31802,31161,134130,"{""Filename"":""102159487_2700558485663221764_gz_arcsinh_vis_y.jpg""}","{""0"":""https://panoptes-uploads.zooniverse.org/subject_location/2355c65d-cddc-4a6d-bab3-772610754b4c.jpeg""}",0,,,2026-02-02 07:46:52 UTC,2026-02-02 07:46:52 UTC
117259932,31802,31161,134130,"{""Filename"":""102023480_NEG643780987459279347_gz_arcsinh_vis_y.jpg""}","{""0"":""https://panoptes-uploads.zooniverse.org/subject_location/2f2e5041-32e0-4212-b40a-c5f7caa487a8.jpeg""}",0,,,2026-02-02 07:46:53 UTC,2026-02-02 07:46:53 UTC
117259933,31802,31161,134130,"{""Filename"":""102020530_NEG574807144488243858_gz_arcsinh_vis_y.jpg""}","{""0"":""https://panoptes-uploads.zooniverse.org/subject_location/8cc751a6-1205-4bdc-bb62-fcbeee06816f.jpeg""}",0,,,2026-02-02 07:46:53 UTC,2026-02-02 07:46:53 UTC
117259934,31802,31161,134130,"{""Filename"":""102022976_NEG625375706466802257_gz_arcsinh_vis_y.jpg""}","{""0"":""https://panoptes-uploads.zooniverse.org/subject_location/7632425d-18bb-4899-a954-443773bf63a3.jpeg""}",0,,,2026-02-02 07:46:54 UTC,2026-02-02 07:46:54 UTC
117259935,31802,31161,134130,"{""Filename"":""102021502_NEG650828680478125118_gz_arcsinh_vis_y.jpg""}","{""0"":""https://panoptes-uploads.zooniverse.org/subject_location/b7c481ad-5b52-4d06-8b81-a4a381547bc4.jpeg""}",0,,,2026-02-02 07:46:54 UTC,2026-02-02 07:46:54 UTC
117259936,31802,31161,134130,"{""Filename"":""102021982_NEG592070916472609976_gz_arcsinh_vis_y.jpg""}","{""0"":""https://panoptes-uploads.zooniverse.org/subject_location/00cabf44-b471-4f63-b4e4-bb0db314b8a5.jpeg""}",0,,,2026-02-02 07:46:55 UTC,2026-02-02 07:46:55 UTC
117259937,31802,31161,134130,"{""Filename"":""102042285_NEG532202068296322815_gz_arcsinh_vis_y.jpg""}","{""0"":""https://panoptes-uploads.zooniverse.org/subject_location/d0e3c2da-89c6-4279-ae2f-c568584686d7.jpeg""}",0,,,2026-02-02 07:46:55 UTC,2026-02-02 07:46:55 UTC
117259938,31802,31161,134130,"{""Filename"":""102157634_2711280619635155094_gz_arcsinh_vis_y.jpg""}","{""0"":""https://panoptes-uploads.zooniverse.org/subject_location/0bd0f838-d8c3-4581-9b50-01ec5c10cf24.jpeg""}",0,,,2026-02-02 07:46:56 UTC,2026-02-02 07:46:56 UTC
117259939,31802,31161,134130,"{""Filename"":""102021990_NEG654790686475426436_gz_arcsinh_vis_y.jpg""}","{""0"":""https://panoptes-uploads.zooniverse.org/subject_location/d79da418-ea13-4116-82ce-063d18f8b7aa.jpeg""}",0,,,2026-02-02 07:46:56 UTC,2026-02-02 07:46:56 UTC
117259940,31802,31161,134130,"{""Filename"":""102021492_NEG580837018479271453_gz_arcsinh_vis_y.jpg""}","{""0"":""https://panoptes-uploads.zooniverse.org/subject_location/f66a1e95-0874-4974-bf60-57d31e14fbd3.jpeg""}",0,,,2026-02-02 07:46:57 UTC,2026-02-02 07:46:57 UTC
117259941,31802,31161,134130,"{""Filename"":""102021980_NEG577977088476753042_gz_arcsinh_vis_y.jpg""}","{""0"":""https://panoptes-uploads.zooniverse.org/subject_location/dcb45e79-ae52-4172-9046-beaeb5523de1.jpeg""}",0,,,2026-02-02 07:46:57 UTC,2026-02-02 07:46:57 UTC
117259942,31802,31161,134130,"{""Filename"":""102020058_NEG584284369494634423_gz_arcsinh_vis_y.jpg""}","{""0"":""https://panoptes-uploads.zooniverse.org/subject_location/9de22aa4-6a81-48f3-a6aa-ae181e24acf5.jpeg""}",0,,,2026-02-02 07:46:58 UTC,2026-02-02 07:46:58 UTC
117259943,31802,31161,134130,"{""Filename"":""102159194_2721086831657987848_gz_arcsinh_vis_y.jpg""}","{""0"":""https://panoptes-uploads.zooniverse.org/subject_location/63cc4a3e-dac2-441d-8b09-685ee172cc23.jpeg""}",0,,,2026-02-02 07:46:58 UTC,2026-02-02 07:46:58 UTC
117259944,31802,31161,134130,"{""Filename"":""102042286_NEG536636606295454951_gz_arcsinh_vis_y.jpg""}","{""0"":""https://panoptes-uploads.zooniverse.org/subject_location/0fb8e67b-6671-4867-9e35-18385ef3c9d5.jpeg""}",0,,,2026-02-02 07:46:58 UTC,2026-02-02 07:46:58 UTC
117259945,31802,31161,134130,"{""Filename"":""102021019_NEG649093480482439706_gz_arcsinh_vis_y.jpg""}","{""0"":""https://panoptes-uploads.zooniverse.org/subject_location/9d052db1-2ee5-4c16-87b6-d79134999ae4.jpeg""}",0,,,2026-02-02 07:46:59 UTC,2026-02-02 07:46:59 UTC
117259946,31802,31161,134130,"{""Filename"":""102042913_NEG518045633289656587_gz_arcsinh_vis_y.jpg""}","{""0"":""https://panoptes-uploads.zooniverse.org/subject_location/0d1022b3-808f-44ed-82f9-e38c8ab5381c.jpeg""}",0,,,2026-02-02 07:46:59 UTC,2026-02-02 07:46:59 UTC
117259947,31802,31161,134130,"{""Filename"":""102158277_2741887470646033184_gz_arcsinh_vis_y.jpg""}","{""0"":""https://panoptes-uploads.zooniverse.org/subject_location/c382b69f-0534-47d3-a589-726b49f14672.jpeg""}",0,,,2026-02-02 07:47:00 UTC,2026-02-02 07:47:00 UTC
117259948,31802,31161,134130,"{""Filename"":""102021017_NEG637449607484013616_gz_arcsinh_vis_y.jpg""}","{""0"":""https://panoptes-uploads.zooniverse.org/subject_location/eea566c9-1ae6-424f-b080-14b54faf7026.jpeg""}",0,,,2026-02-02 07:47:01 UTC,2026-02-02 07:47:01 UTC
117259949,31802,31161,134130,"{""Filename"":""102160059_2703136297672780092_gz_arcsinh_vis_y.jpg""}","{""0"":""https://panoptes-uploads.zooniverse.org/subject_location/81d29f8f-20b7-4c88-a05d-f08e1837ef23.jpeg""}",0,,,2026-02-02 07:47:01 UTC,2026-02-02 07:47:01 UTC
117259950,31802,31161,134130,"{""Filename"":""102019125_NEG584571867503328651_gz_arcsinh_vis_y.jpg""}","{""0"":""https://panoptes-uploads.zooniverse.org/subject_location/4cdd1ac1-b5f0-46f4-aa79-7898c28304a3.jpeg""}",0,,,2026-02-02 07:47:02 UTC,2026-02-02 07:47:02 UTC
117259951,31802,31161,134130,"{""Filename"":""102042286_NEG538118094294522316_gz_arcsinh_vis_y.jpg""}","{""0"":""https://panoptes-uploads.zooniverse.org/subject_location/d52186a3-0a68-4f6a-9523-faaf4ca1c65b.jpeg""}",0,,,2026-02-02 07:47:02 UTC,2026-02-02 07:47:02 UTC
117259952,31802,31161,134130,"{""Filename"":""102020054_NEG557701684495227351_gz_arcsinh_vis_y.jpg""}","{""0"":""https://panoptes-uploads.zooniverse.org/subject_location/7a30c442-c47b-42c7-999f-c4f31984eebe.jpeg""}",0,,,2026-02-02 07:47:03 UTC,2026-02-02 07:47:03 UTC
117259953,31802,31161,134130,"{""Filename"":""102041032_NEG525143774303539428_gz_arcsinh_vis_y.jpg""}","{""0"":""https://panoptes-uploads.zooniverse.org/subject_location/eae5cdc2-1f62-4414-a32b-f7626c0fe803.jpeg""}",0,,,2026-02-02 07:47:03 UTC,2026-02-02 07:47:03 UTC
117259954,31802,31161,134130,"{""Filename"":""102044826_NEG537956547272923795_gz_arcsinh_vis_y.jpg""}","{""0"":""https://panoptes-uploads.zooniverse.org/subject_location/8c077b0b-ca8d-42c6-9fa1-b4828e35f4fd.jpeg""}",0,,,2026-02-02 07:47:04 UTC,2026-02-02 07:47:04 UTC
117259955,31802,31161,134130,"{""Filename"":""102021496_NEG608460885478213559_gz_arcsinh_vis_y.jpg""}","{""0"":""https://panoptes-uploads.zooniverse.org/subject_location/aca33c1c-9ebc-4b9b-b7c7-ac1c262b2efb.jpeg""}",0,,,2026-02-02 07:47:04 UTC,2026-02-02 07:47:04 UTC
117259956,31802,31161,134130,"{""Filename"":""102021497_NEG616904434480746801_gz_arcsinh_vis_y.jpg""}","{""0"":""https://panoptes-uploads.zooniverse.org/subject_location/0f7e89e0-2064-4b54-b21f-77927ec05955.jpeg""}",0,,,2026-02-02 07:47:05 UTC,2026-02-02 07:47:05 UTC
117259957,31802,31161,134130,"{""Filename"":""102159773_2674135898672129885_gz_arcsinh_vis_y.jpg""}","{""0"":""https://panoptes-uploads.zooniverse.org/subject_location/98b552ef-2b2e-4b65-a184-bb00d17c6f5a.jpeg""}",0,,,2026-02-02 07:47:05 UTC,2026-02-02 07:47:05 UTC
117259958,31802,31161,134130,"{""Filename"":""102023985_NEG633033271455531430_gz_arcsinh_vis_y.jpg""}","{""0"":""https://panoptes-uploads.zooniverse.org/subject_location/7eb90579-af69-4dc1-9e3f-7b7df376da4b.jpeg""}",0,,,2026-02-02 07:47:06 UTC,2026-02-02 07:47:06 UTC
117259959,31802,31161,134130,"{""Filename"":""102159194_2724560028660643472_gz_arcsinh_vis_y.jpg""}","{""0"":""https://panoptes-uploads.zooniverse.org/subject_location/ef21eb5c-3b93-4018-80db-5fc100f6a3b5.jpeg""}",0,,,2026-02-02 07:47:06 UTC,2026-02-02 07:47:06 UTC
117259960,31802,31161,134130,"{""Filename"":""102022483_NEG653908889469337435_gz_arcsinh_vis_y.jpg""}","{""0"":""https://panoptes-uploads.zooniverse.org/subject_location/2c8ca247-4971-4f5e-8685-01267083812d.jpeg""}",0,,,2026-02-02 07:47:06 UTC,2026-02-02 07:47:06 UTC
117259961,31802,31161,134130,"{""Filename"":""102042285_NEG533299950294474055_gz_arcsinh_vis_y.jpg""}","{""0"":""https://panoptes-uploads.zooniverse.org/subject_location/52b54aa2-cea4-44d7-84a3-10290abbfa09.jpeg""}",0,,,2026-02-02 07:47:07 UTC,2026-02-02 07:47:07 UTC
117259962,31802,31161,134130,"{""Filename"":""102042918_NEG547895501288159423_gz_arcsinh_vis_y.jpg""}","{""0"":""https://panoptes-uploads.zooniverse.org/subject_location/b39a101d-c4f4-4d6a-b4c1-8808f56dfb2c.jpeg""}",0,,,2026-02-02 07:47:07 UTC,2026-02-02 07:47:07 UTC
117259963,31802,31161,134130,"{""Filename"":""102043551_NEG541980640283438257_gz_arcsinh_vis_y.jpg""}","{""0"":""https://panoptes-uploads.zooniverse.org/subject_location/70d7b1ac-f3c3-476d-a8f5-04ea3b9e1c58.jpeg""}",0,,,2026-02-02 07:47:08 UTC,2026-02-02 07:47:08 UTC
117259964,31802,31161,134130,"{""Filename"":""102020061_NEG611276458494132512_gz_arcsinh_vis_y.jpg""}","{""0"":""https://panoptes-uploads.zooniverse.org/subject_location/a4217a33-5e74-4f74-af77-2d975bddf5b5.jpeg""}",0,,,2026-02-02 07:47:08 UTC,2026-02-02 07:47:08 UTC
117259965,31802,31161,134130,"{""Filename"":""102021992_NEG668438020476276010_gz_arcsinh_vis_y.jpg""}","{""0"":""https://panoptes-uploads.zooniverse.org/subject_location/36b4bb1c-c988-41b5-a704-4342eb928054.jpeg""}",0,,,2026-02-02 07:47:09 UTC,2026-02-02 07:47:09 UTC
117259966,31802,31161,134130,"{""Filename"":""102021503_NEG658963273480722698_gz_arcsinh_vis_y.jpg""}","{""0"":""https://panoptes-uploads.zooniverse.org/subject_location/21cde201-5dee-4c04-8a31-d99c302d97c3.jpeg""}",0,,,2026-02-02 07:47:09 UTC,2026-02-02 07:47:09 UTC
117259967,31802,31161,134130,"{""Filename"":""102158277_2735805671643343440_gz_arcsinh_vis_y.jpg""}","{""0"":""https://panoptes-uploads.zooniverse.org/subject_location/913b3237-4d9a-4589-ac37-e129600efecf.jpeg""}",0,,,2026-02-02 07:47:10 UTC,2026-02-02 07:47:10 UTC
117259968,31802,31161,134130,"{""Filename"":""102157953_2663236320638376827_gz_arcsinh_vis_y.jpg""}","{""0"":""https://panoptes-uploads.zooniverse.org/subject_location/c232e54f-75d8-4524-88e8-1fea32ac7bf7.jpeg""}",0,,,2026-02-02 07:47:10 UTC,2026-02-02 07:47:10 UTC
117259969,31802,31161,134130,"{""Filename"":""102158888_2666158946656010967_gz_arcsinh_vis_y.jpg""}","{""0"":""https://panoptes-uploads.zooniverse.org/subject_location/be03247d-63d6-471e-b34d-637692aa3c06.jpeg""}",0,,,2026-02-02 07:47:11 UTC,2026-02-02 07:47:11 UTC
117259970,31802,31161,134130,"{""Filename"":""102158276_2723065564646607500_gz_arcsinh_vis_y.jpg""}","{""0"":""https://panoptes-uploads.zooniverse.org/subject_location/a8f72d60-82e7-41aa-8908-cc5d18f6ea54.jpeg""}",0,,,2026-02-02 07:47:11 UTC,2026-02-02 07:47:11 UTC
117259971,31802,31161,134130,"{""Filename"":""102019592_NEG609558474497639651_gz_arcsinh_vis_y.jpg""}","{""0"":""https://panoptes-uploads.zooniverse.org/subject_location/8bce1e82-5348-476e-b9e8-034aec91b534.jpeg""}",0,,,2026-02-02 07:47:12 UTC,2026-02-02 07:47:12 UTC
117259972,31802,31161,134130,"{""Filename"":""102044826_NEG538175344276492667_gz_arcsinh_vis_y.jpg""}","{""0"":""https://panoptes-uploads.zooniverse.org/subject_location/9f117a4b-b91f-42a2-b803-5c711ebcc171.jpeg""}",0,,,2026-02-02 07:47:12 UTC,2026-02-02 07:47:12 UTC
117259973,31802,31161,134130,"{""Filename"":""102041657_NEG530307541299341024_gz_arcsinh_vis_y.jpg""}","{""0"":""https://panoptes-uploads.zooniverse.org/subject_location/46330c5a-e52e-4af2-b16d-139c2ef0a34c.jpeg""}",0,,,2026-02-02 07:47:13 UTC,2026-02-02 07:47:13 UTC
117259974,31802,31161,134130,"{""Filename"":""102020533_NEG593707283491458042_gz_arcsinh_vis_y.jpg""}","{""0"":""https://panoptes-uploads.zooniverse.org/subject_location/61836fd0-264f-4fdd-9d0d-50006b66bcfb.jpeg""}",0,,,2026-02-02 07:47:13 UTC,2026-02-02 07:47:13 UTC
117259975,31802,31161,134130,"{""Filename"":""102021495_NEG596447769481944365_gz_arcsinh_vis_y.jpg""}","{""0"":""https://panoptes-uploads.zooniverse.org/subject_location/f62f680b-d326-4b4c-95e9-4f0fa919606f.jpeg""}",0,,,2026-02-02 07:47:14 UTC,2026-02-02 07:47:14 UTC
117259976,31802,31161,134130,"{""Filename"":""102020531_NEG581780973492037098_gz_arcsinh_vis_y.jpg""}","{""0"":""https://panoptes-uploads.zooniverse.org/subject_location/3b05be38-acd2-4da2-89ca-3645f04295a5.jpeg""}",0,,,2026-02-02 07:47:14 UTC,2026-02-02 07:47:14 UTC
117259977,31802,31161,134130,"{""Filename"":""102159189_2663340053658925209_gz_arcsinh_vis_y.jpg""}","{""0"":""https://panoptes-uploads.zooniverse.org/subject_location/a03f64c6-6c3b-441b-afba-45c578998638.jpeg""}",0,,,2026-02-02 07:47:15 UTC,2026-02-02 07:47:15 UTC
117259978,31802,31161,134130,"{""Filename"":""102159492_2763613919664917292_gz_arcsinh_vis_y.jpg""}","{""0"":""https://panoptes-uploads.zooniverse.org/subject_location/0a2ac3be-257d-429d-a83c-e14aced3b722.jpeg""}",0,,,2026-02-02 07:47:15 UTC,2026-02-02 07:47:15 UTC
117259979,31802,31161,134130,"{""Filename"":""102023480_NEG639360096460636298_gz_arcsinh_vis_y.jpg""}","{""0"":""https://panoptes-uploads.zooniverse.org/subject_location/b9cf6e3a-87f6-44f4-98d1-e857d8686109.jpeg""}",0,,,2026-02-02 07:47:16 UTC,2026-02-02 07:47:16 UTC
117259980,31802,31161,134130,"{""Filename"":""102022483_NEG653071343471709820_gz_arcsinh_vis_y.jpg""}","{""0"":""https://panoptes-uploads.zooniverse.org/subject_location/7cf64ff6-ca96-41ee-bcbe-577bf3c797a2.jpeg""}",0,,,2026-02-02 07:47:16 UTC,2026-02-02 07:47:16 UTC
117259981,31802,31161,134130,"{""Filename"":""102160059_2699847427676353953_gz_arcsinh_vis_y.jpg""}","{""0"":""https://panoptes-uploads.zooniverse.org/subject_location/36cf1134-9115-4250-9b65-cde0a0371ed2.jpeg""}",0,,,2026-02-02 07:47:16 UTC,2026-02-02 07:47:16 UTC
117259982,31802,31161,134130,"{""Filename"":""102044181_NEG508344573280279963_gz_arcsinh_vis_y.jpg""}","{""0"":""https://panoptes-uploads.zooniverse.org/subject_location/33fd367e-6fc2-40ec-a659-6757d60af895.jpeg""}",0,,,2026-02-02 07:47:17 UTC,2026-02-02 07:47:17 UTC
117259983,31802,31161,134130,"{""Filename"":""102159196_2747208449660916559_gz_arcsinh_vis_y.jpg""}","{""0"":""https://panoptes-uploads.zooniverse.org/subject_location/f8255a4c-68f8-40e2-ab15-e74fd08c9af6.jpeg""}",0,,,2026-02-02 07:47:17 UTC,2026-02-02 07:47:17 UTC
117259984,31802,31161,134130,"{""Filename"":""102020540_NEG645586924487540972_gz_arcsinh_vis_y.jpg""}","{""0"":""https://panoptes-uploads.zooniverse.org/subject_location/74c23b9d-e308-4cdc-bf5b-2e7c059ecf60.jpeg""}",0,,,2026-02-02 07:47:18 UTC,2026-02-02 07:47:18 UTC
117259985,31802,31161,134130,"{""Filename"":""102157954_2678901911640113213_gz_arcsinh_vis_y.jpg""}","{""0"":""https://panoptes-uploads.zooniverse.org/subject_location/872b0e8f-5b67-43e1-a56a-9b7962996f04.jpeg""}",0,,,2026-02-02 07:47:18 UTC,2026-02-02 07:47:18 UTC
117259986,31802,31161,134130,"{""Filename"":""102021492_NEG576294667480475334_gz_arcsinh_vis_y.jpg""}","{""0"":""https://panoptes-uploads.zooniverse.org/subject_location/bc5264b9-7cb2-4736-8c63-82e6274b0ea3.jpeg""}",0,,,2026-02-02 07:47:19 UTC,2026-02-02 07:47:19 UTC
117259987,31802,31161,134130,"{""Filename"":""102022980_NEG656665030462833303_gz_arcsinh_vis_y.jpg""}","{""0"":""https://panoptes-uploads.zooniverse.org/subject_location/a033d407-5668-4b9a-ba29-b55f6fc5f545.jpeg""}",0,,,2026-02-02 07:47:19 UTC,2026-02-02 07:47:19 UTC
117259988,31802,31161,134130,"{""Filename"":""102044188_NEG544233081277775944_gz_arcsinh_vis_y.jpg""}","{""0"":""https://panoptes-uploads.zooniverse.org/subject_location/3ba55c90-f8ef-436e-9087-a396c43dc8ee.jpeg""}",0,,,2026-02-02 07:47:20 UTC,2026-02-02 07:47:20 UTC
117259989,31802,31161,134130,"{""Filename"":""102158590_2754931034650918866_gz_arcsinh_vis_y.jpg""}","{""0"":""https://panoptes-uploads.zooniverse.org/subject_location/36c9ea66-0dc4-41f9-b151-9c297add4b0d.jpeg""}",0,,,2026-02-02 07:47:20 UTC,2026-02-02 07:47:20 UTC
117259990,31802,31161,134130,"{""Filename"":""102021012_NEG600199054484230547_gz_arcsinh_vis_y.jpg""}","{""0"":""https://panoptes-uploads.zooniverse.org/subject_location/0f4aa931-4b00-4e64-9404-0f515b1fe3d1.jpeg""}",0,,,2026-02-02 07:47:21 UTC,2026-02-02 07:47:21 UTC
117259991,31802,31161,134130,"{""Filename"":""102042919_NEG550122996291272419_gz_arcsinh_vis_y.jpg""}","{""0"":""https://panoptes-uploads.zooniverse.org/subject_location/b83ad068-bc5d-4bb5-b930-18e994405ea5.jpeg""}",0,,,2026-02-02 07:47:21 UTC,2026-02-02 07:47:21 UTC
117259992,31802,31161,134130,"{""Filename"":""102021490_NEG565895937482272680_gz_arcsinh_vis_y.jpg""}","{""0"":""https://panoptes-uploads.zooniverse.org/subject_location/0151d4ff-9338-437f-9a41-d91c9033265f.jpeg""}",0,,,2026-02-02 07:47:22 UTC,2026-02-02 07:47:22 UTC
117259993,31802,31161,134130,"{""Filename"":""102018665_NEG574318158509139557_gz_arcsinh_vis_y.jpg""}","{""0"":""https://panoptes-uploads.zooniverse.org/subject_location/c89c138d-9581-4ce8-a892-3f2867730b03.jpeg""}",0,,,2026-02-02 07:47:22 UTC,2026-02-02 07:47:22 UTC
117259994,31802,31161,134130,"{""Filename"":""102159774_2677588952668172296_gz_arcsinh_vis_y.jpg""}","{""0"":""https://panoptes-uploads.zooniverse.org/subject_location/9d3f9504-d697-4194-b5bf-2b45428bd2a4.jpeg""}",0,,,2026-02-02 07:47:23 UTC,2026-02-02 07:47:23 UTC
117259995,31802,31161,134130,"{""Filename"":""102158890_2685044874656658932_gz_arcsinh_vis_y.jpg""}","{""0"":""https://panoptes-uploads.zooniverse.org/subject_location/d9bef15c-5111-47a1-94e5-dd380333c26d.jpeg""}",0,,,2026-02-02 07:47:23 UTC,2026-02-02 07:47:23 UTC
117259996,31802,31161,134130,"{""Filename"":""102044824_NEG527669445276751632_gz_arcsinh_vis_y.jpg""}","{""0"":""https://panoptes-uploads.zooniverse.org/subject_location/e3424139-a61d-446f-b539-1c9b711c8d42.jpeg""}",0,,,2026-02-02 07:47:24 UTC,2026-02-02 07:47:24 UTC
117259997,31802,31161,134130,"{""Filename"":""102159187_2639525221659141191_gz_arcsinh_vis_y.jpg""}","{""0"":""https://panoptes-uploads.zooniverse.org/subject_location/e000fcdd-d64c-4169-8adb-983e58f8a687.jpeg""}",0,,,2026-02-02 07:47:24 UTC,2026-02-02 07:47:24 UTC
117259998,31802,31161,134130,"{""Filename"":""102019587_NEG569705066501687546_gz_arcsinh_vis_y.jpg""}","{""0"":""https://panoptes-uploads.zooniverse.org/subject_location/4a2a8ac0-17e9-4345-a944-2f8c0592ca6e.jpeg""}",0,,,2026-02-02 07:47:25 UTC,2026-02-02 07:47:25 UTC
117259999,31802,31161,134130,"{""Filename"":""102159483_2657918663662896362_gz_arcsinh_vis_y.jpg""}","{""0"":""https://panoptes-uploads.zooniverse.org/subject_location/fdb449b0-bdd8-4058-ac0a-2dc5721bd997.jpeg""}",0,,,2026-02-02 07:47:25 UTC,2026-02-02 07:47:25 UTC
117260000,31802,31161,134130,"{""Filename"":""102043546_NEG514735258283934401_gz_arcsinh_vis_y.jpg""}","{""0"":""https://panoptes-uploads.zooniverse.org/subject_location/bb46a029-0199-42a9-bba5-cd6c8c70015d.jpeg""}",0,,,2026-02-02 07:47:25 UTC,2026-02-02 07:47:25 UTC
117260001,31802,31161,134130,"{""Filename"":""102158271_2668903261645334146_gz_arcsinh_vis_y.jpg""}","{""0"":""https://panoptes-uploads.zooniverse.org/subject_location/c1a5ba41-99e1-4e44-bdc0-72d27c4b7058.jpeg""}",0,,,2026-02-02 07:47:26 UTC,2026-02-02 07:47:26 UTC
117260002,31802,31161,134130,"{""Filename"":""102021497_NEG617985362479469956_gz_arcsinh_vis_y.jpg""}","{""0"":""https://panoptes-uploads.zooniverse.org/subject_location/518e1e60-16a6-4c6f-befc-7d144d9acbbb.jpeg""}",0,,,2026-02-02 07:47:26 UTC,2026-02-02 07:47:26 UTC
117260003,31802,31161,134130,"{""Filename"":""102160055_2654492951673664345_gz_arcsinh_vis_y.jpg""}","{""0"":""https://panoptes-uploads.zooniverse.org/subject_location/97ab1919-2567-4be6-a9c2-f2c7badd2a64.jpeg""}",0,,,2026-02-02 07:47:27 UTC,2026-02-02 07:47:27 UTC
117260004,31802,31161,134130,"{""Filename"":""102020540_NEG647934400489329105_gz_arcsinh_vis_y.jpg""}","{""0"":""https://panoptes-uploads.zooniverse.org/subject_location/6722d959-2f3a-45f8-9a9a-3710eb74f2e3.jpeg""}",0,,,2026-02-02 07:47:27 UTC,2026-02-02 07:47:27 UTC
117260005,31802,31161,134130,"{""Filename"":""102020530_NEG570312362492166274_gz_arcsinh_vis_y.jpg""}","{""0"":""https://panoptes-uploads.zooniverse.org/subject_location/904480c9-e692-427c-8569-76f580883c41.jpeg""}",0,,,2026-02-02 07:47:28 UTC,2026-02-02 07:47:28 UTC
117260006,31802,31161,134130,"{""Filename"":""102046113_NEG532291791267339086_gz_arcsinh_vis_y.jpg""}","{""0"":""https://panoptes-uploads.zooniverse.org/subject_location/54b61d52-272e-45c2-9e62-34b1d4c062b1.jpeg""}",0,,,2026-02-02 07:47:28 UTC,2026-02-02 07:47:28 UTC
117260007,31802,31161,134130,"{""Filename"":""102160611_2730435629684580532_gz_arcsinh_vis_y.jpg""}","{""0"":""https://panoptes-uploads.zooniverse.org/subject_location/5fca770f-c7f2-4323-b223-d82c85faaf58.jpeg""}",0,,,2026-02-02 07:47:29 UTC,2026-02-02 07:47:29 UTC
117260008,31802,31161,134130,"{""Filename"":""102158888_2656531334653210313_gz_arcsinh_vis_y.jpg""}","{""0"":""https://panoptes-uploads.zooniverse.org/subject_location/91a6ce06-27e5-4a78-be4b-65b2e5182eab.jpeg""}",0,,,2026-02-02 07:47:29 UTC,2026-02-02 07:47:29 UTC
117260009,31802,31161,134130,"{""Filename"":""102020529_NEG562217680489979991_gz_arcsinh_vis_y.jpg""}","{""0"":""https://panoptes-uploads.zooniverse.org/subject_location/beca94ed-6f0e-4b30-a554-564500571ee1.jpeg""}",0,,,2026-02-02 07:47:30 UTC,2026-02-02 07:47:30 UTC
117260010,31802,31161,134130,"{""Filename"":""102160606_2673901119682577099_gz_arcsinh_vis_y.jpg""}","{""0"":""https://panoptes-uploads.zooniverse.org/subject_location/0ef39cf2-a59a-4b6d-832e-67d7667c0e69.jpeg""}",0,,,2026-02-02 07:47:30 UTC,2026-02-02 07:47:30 UTC
117260011,31802,31161,134130,"{""Filename"":""102046110_NEG514645559267043756_gz_arcsinh_vis_y.jpg""}","{""0"":""https://panoptes-uploads.zooniverse.org/subject_location/fe45ab72-2129-4101-ab0c-8eb8ec2308f0.jpeg""}",0,,,2026-02-02 07:47:31 UTC,2026-02-02 07:47:31 UTC
117260012,31802,31161,134130,"{""Filename"":""102157632_2687770718634595553_gz_arcsinh_vis_y.jpg""}","{""0"":""https://panoptes-uploads.zooniverse.org/subject_location/7f0b18a6-f02f-4046-9522-989862f6c6a4.jpeg""}",0,,,2026-02-02 07:47:31 UTC,2026-02-02 07:47:31 UTC
117260013,31802,31161,134130,"{""Filename"":""102158587_2713864352648168580_gz_arcsinh_vis_y.jpg""}","{""0"":""https://panoptes-uploads.zooniverse.org/subject_location/ee651c83-e0cc-49bd-96c5-d099eddfc7c7.jpeg""}",0,,,2026-02-02 07:47:32 UTC,2026-02-02 07:47:32 UTC
117260014,31802,31161,134130,"{""Filename"":""102020059_NEG596981653497314078_gz_arcsinh_vis_y.jpg""}","{""0"":""https://panoptes-uploads.zooniverse.org/subject_location/f4679086-3cdc-4d3e-be36-ce58c8386920.jpeg""}",0,,,2026-02-02 07:47:32 UTC,2026-02-02 07:47:32 UTC
117260015,31802,31161,134130,"{""Filename"":""102021499_NEG627894951478891330_gz_arcsinh_vis_y.jpg""}","{""0"":""https://panoptes-uploads.zooniverse.org/subject_location/edc21d4e-be22-4e88-8b71-ec193ab86348.jpeg""}",0,,,2026-02-02 07:47:33 UTC,2026-02-02 07:47:33 UTC
117260016,31802,31161,134130,"{""Filename"":""102023477_NEG623162130462295141_gz_arcsinh_vis_y.jpg""}","{""0"":""https://panoptes-uploads.zooniverse.org/subject_location/1124a919-db85-423b-ad25-651da4b91a0f.jpeg""}",0,,,2026-02-02 07:47:33 UTC,2026-02-02 07:47:33 UTC
117260017,31802,31161,134130,"{""Filename"":""102020060_NEG605749088494728886_gz_arcsinh_vis_y.jpg""}","{""0"":""https://panoptes-uploads.zooniverse.org/subject_location/fcab28fb-2dee-4854-8abe-1741e97a670e.jpeg""}",0,,,2026-02-02 07:47:33 UTC,2026-02-02 07:47:33 UTC
117260018,31802,31161,134130,"{""Filename"":""102159773_2673403740671808470_gz_arcsinh_vis_y.jpg""}","{""0"":""https://panoptes-uploads.zooniverse.org/subject_location/40fbde16-e644-4c0a-a836-22ff232bad44.jpeg""}",0,,,2026-02-02 07:47:34 UTC,2026-02-02 07:47:34 UTC
117260019,31802,31161,134130,"{""Filename"":""102021011_NEG589711780485761293_gz_arcsinh_vis_y.jpg""}","{""0"":""https://panoptes-uploads.zooniverse.org/subject_location/0fb8674c-c4a2-4924-b6f7-263d5c3f6315.jpeg""}",0,,,2026-02-02 07:47:34 UTC,2026-02-02 07:47:34 UTC
117260020,31802,31161,134130,"{""Filename"":""102158891_2701443160655591552_gz_arcsinh_vis_y.jpg""}","{""0"":""https://panoptes-uploads.zooniverse.org/subject_location/152e4a3f-8b50-48d4-80a8-f67966ba7276.jpeg""}",0,,,2026-02-02 07:47:35 UTC,2026-02-02 07:47:35 UTC
117260021,31802,31161,134130,"{""Filename"":""102159486_2691362049665479010_gz_arcsinh_vis_y.jpg""}","{""0"":""https://panoptes-uploads.zooniverse.org/subject_location/86ab3172-8f06-494a-a756-41fb01b9b459.jpeg""}",0,,,2026-02-02 07:47:35 UTC,2026-02-02 07:47:35 UTC
117260022,31802,31161,134130,"{""Filename"":""102159491_2758713303665139671_gz_arcsinh_vis_y.jpg""}","{""0"":""https://panoptes-uploads.zooniverse.org/subject_location/6e934914-6740-4969-bed3-751922c0cf25.jpeg""}",0,,,2026-02-02 07:47:36 UTC,2026-02-02 07:47:36 UTC
117260023,31802,31161,134130,"{""Filename"":""102044827_NEG546174821276309497_gz_arcsinh_vis_y.jpg""}","{""0"":""https://panoptes-uploads.zooniverse.org/subject_location/a27d5575-42ed-4bfa-a812-39c17c9e9ba8.jpeg""}",0,,,2026-02-02 07:47:36 UTC,2026-02-02 07:47:36 UTC
117260024,31802,31161,134130,"{""Filename"":""102043549_NEG534275005282783586_gz_arcsinh_vis_y.jpg""}","{""0"":""https://panoptes-uploads.zooniverse.org/subject_location/1c61aa84-f3c8-4a25-85ca-f48ef581fa5b.jpeg""}",0,,,2026-02-02 07:47:37 UTC,2026-02-02 07:47:37 UTC
117260025,31802,31161,134130,"{""Filename"":""102021987_NEG632616867475649012_gz_arcsinh_vis_y.jpg""}","{""0"":""https://panoptes-uploads.zooniverse.org/subject_location/4020fa39-60f9-421f-822d-269cd9ec90af.jpeg""}",0,,,2026-02-02 07:47:37 UTC,2026-02-02 07:47:37 UTC
117260026,31802,31161,134130,"{""Filename"":""102159189_2665906212660133424_gz_arcsinh_vis_y.jpg""}","{""0"":""https://panoptes-uploads.zooniverse.org/subject_location/3b380869-7455-4ae5-9eb7-bdb28853f3de.jpeg""}",0,,,2026-02-02 07:47:38 UTC,2026-02-02 07:47:38 UTC
117260027,31802,31161,134130,"{""Filename"":""102158270_2652872266646488267_gz_arcsinh_vis_y.jpg""}","{""0"":""https://panoptes-uploads.zooniverse.org/subject_location/90467152-773b-4ca7-b9f2-6121b6451643.jpeg""}",0,,,2026-02-02 07:47:38 UTC,2026-02-02 07:47:38 UTC
117260028,31802,31161,134130,"{""Filename"":""102158892_2709893047652760006_gz_arcsinh_vis_y.jpg""}","{""0"":""https://panoptes-uploads.zooniverse.org/subject_location/d68e2e45-8273-4e89-aa7d-3d28c7ff3b6c.jpeg""}",0,,,2026-02-02 07:47:39 UTC,2026-02-02 07:47:39 UTC
117260029,31802,31161,134130,"{""Filename"":""102021991_NEG663261427476392557_gz_arcsinh_vis_y.jpg""}","{""0"":""https://panoptes-uploads.zooniverse.org/subject_location/df7ab8d1-ffa6-4242-8d68-fd289293854e.jpeg""}",0,,,2026-02-02 07:47:39 UTC,2026-02-02 07:47:39 UTC
117260030,31802,31161,134130,"{""Filename"":""102020530_NEG570800365489336750_gz_arcsinh_vis_y.jpg""}","{""0"":""https://panoptes-uploads.zooniverse.org/subject_location/f462f8cd-1374-479e-9630-9ff5bf83bd91.jpeg""}",0,,,2026-02-02 07:47:40 UTC,2026-02-02 07:47:40 UTC
117260031,31802,31161,134130,"{""Filename"":""102041657_NEG527800017297360579_gz_arcsinh_vis_y.jpg""}","{""0"":""https://panoptes-uploads.zooniverse.org/subject_location/88edd6d2-502d-4bdb-a588-b8c6b143e41b.jpeg""}",0,,,2026-02-02 07:47:40 UTC,2026-02-02 07:47:40 UTC
117260032,31802,31161,134130,"{""Filename"":""102021990_NEG649860388475207182_gz_arcsinh_vis_y.jpg""}","{""0"":""https://panoptes-uploads.zooniverse.org/subject_location/cea86725-01ad-4bbb-aea3-df5fe226286b.jpeg""}",0,,,2026-02-02 07:47:41 UTC,2026-02-02 07:47:41 UTC
117260033,31802,31161,134130,"{""Filename"":""102159186_2627765968658862231_gz_arcsinh_vis_y.jpg""}","{""0"":""https://panoptes-uploads.zooniverse.org/subject_location/a94e93d0-867a-4cab-bbc0-6cc6310815a2.jpeg""}",0,,,2026-02-02 07:47:41 UTC,2026-02-02 07:47:41 UTC
117260034,31802,31161,134130,"{""Filename"":""102020534_NEG602251274492093432_gz_arcsinh_vis_y.jpg""}","{""0"":""https://panoptes-uploads.zooniverse.org/subject_location/f1a9bd2c-3d01-451c-b766-8fec6f276036.jpeg""}",0,,,2026-02-02 07:47:42 UTC,2026-02-02 07:47:42 UTC
117260035,31802,31161,134130,"{""Filename"":""102023482_NEG656743786462293305_gz_arcsinh_vis_y.jpg""}","{""0"":""https://panoptes-uploads.zooniverse.org/subject_location/f041be7b-c4d1-4957-9e2c-8c4a028013ea.jpeg""}",0,,,2026-02-02 07:47:42 UTC,2026-02-02 07:47:42 UTC
117260036,31802,31161,134130,"{""Filename"":""102159481_2633099588662738195_gz_arcsinh_vis_y.jpg""}","{""0"":""https://panoptes-uploads.zooniverse.org/subject_location/8ecea0fb-ca47-4bfe-9961-5e32932c22f8.jpeg""}",0,,,2026-02-02 07:47:43 UTC,2026-02-02 07:47:43 UTC
117260037,31802,31161,134130,"{""Filename"":""102158276_2727933476645794871_gz_arcsinh_vis_y.jpg""}","{""0"":""https://panoptes-uploads.zooniverse.org/subject_location/aae51374-788c-48d2-9e4f-a762550bcd5e.jpeg""}",0,,,2026-02-02 07:47:43 UTC,2026-02-02 07:47:43 UTC
117260038,31802,31161,134130,"{""Filename"":""102021985_NEG614454876475047893_gz_arcsinh_vis_y.jpg""}","{""0"":""https://panoptes-uploads.zooniverse.org/subject_location/87fe6408-1c10-41e1-a844-f5cac1a26ca6.jpeg""}",0,,,2026-02-02 07:47:44 UTC,2026-02-02 07:47:44 UTC
117260039,31802,31161,134130,"{""Filename"":""102042285_NEG532834844292664854_gz_arcsinh_vis_y.jpg""}","{""0"":""https://panoptes-uploads.zooniverse.org/subject_location/b1e29c33-a5e5-4e9f-bdb4-b923e73cec9a.jpeg""}",0,,,2026-02-02 07:47:44 UTC,2026-02-02 07:47:44 UTC
117260040,31802,31161,134130,"{""Filename"":""102044187_NEG538595290278163219_gz_arcsinh_vis_y.jpg""}","{""0"":""https://panoptes-uploads.zooniverse.org/subject_location/6651d7bf-c587-440b-abe3-be8bc97ec778.jpeg""}",0,,,2026-02-02 07:47:45 UTC,2026-02-02 07:47:45 UTC
117260041,31802,31161,134130,"{""Filename"":""102022980_NEG653083046465372472_gz_arcsinh_vis_y.jpg""}","{""0"":""https://panoptes-uploads.zooniverse.org/subject_location/a6d3423d-ce57-4911-99df-0043847e685d.jpeg""}",0,,,2026-02-02 07:47:45 UTC,2026-02-02 07:47:45 UTC
117260042,31802,31161,134130,"{""Filename"":""102160607_2684362022684230342_gz_arcsinh_vis_y.jpg""}","{""0"":""https://panoptes-uploads.zooniverse.org/subject_location/bd191e19-b4aa-4632-bd9e-bc96aba932a0.jpeg""}",0,,,2026-02-02 07:47:46 UTC,2026-02-02 07:47:46 UTC
117260043,31802,31161,134130,"{""Filename"":""102042916_NEG531998297291246126_gz_arcsinh_vis_y.jpg""}","{""0"":""https://panoptes-uploads.zooniverse.org/subject_location/53b90d5f-6a48-4577-bd1c-9f6f13a9075f.jpeg""}",0,,,2026-02-02 07:47:46 UTC,2026-02-02 07:47:46 UTC
117260044,31802,31161,134130,"{""Filename"":""102042286_NEG539958562293795629_gz_arcsinh_vis_y.jpg""}","{""0"":""https://panoptes-uploads.zooniverse.org/subject_location/a64f6f75-535f-4638-92a4-7205340a01af.jpeg""}",0,,,2026-02-02 07:47:47 UTC,2026-02-02 07:47:47 UTC
117260045,31802,31161,134130,"{""Filename"":""102022477_NEG613554538469349939_gz_arcsinh_vis_y.jpg""}","{""0"":""https://panoptes-uploads.zooniverse.org/subject_location/d768cb8e-21f6-4720-92d8-5b43f736c083.jpeg""}",0,,,2026-02-02 07:47:47 UTC,2026-02-02 07:47:47 UTC
117260046,31802,31161,134130,"{""Filename"":""102023481_NEG649375786460143768_gz_arcsinh_vis_y.jpg""}","{""0"":""https://panoptes-uploads.zooniverse.org/subject_location/e9177c68-8695-4da8-974f-2e399500ff70.jpeg""}",0,,,2026-02-02 07:47:48 UTC,2026-02-02 07:47:48 UTC
117260047,31802,31161,134130,"{""Filename"":""102157953_2669906514639288157_gz_arcsinh_vis_y.jpg""}","{""0"":""https://panoptes-uploads.zooniverse.org/subject_location/f4e72340-9778-4b91-8b10-4373aa4ad208.jpeg""}",0,,,2026-02-02 07:47:48 UTC,2026-02-02 07:47:48 UTC
117260048,31802,31161,134130,"{""Filename"":""102159483_2653949035667094366_gz_arcsinh_vis_y.jpg""}","{""0"":""https://panoptes-uploads.zooniverse.org/subject_location/c0fd7d0d-64f5-43a4-886f-8fc6f6b1c607.jpeg""}",0,,,2026-02-02 07:47:49 UTC,2026-02-02 07:47:49 UTC
117260049,31802,31161,134130,"{""Filename"":""102158585_2695120674649191811_gz_arcsinh_vis_y.jpg""}","{""0"":""https://panoptes-uploads.zooniverse.org/subject_location/e0ce41bc-a4a0-462e-aabd-0467196dc69f.jpeg""}",0,,,2026-02-02 07:47:49 UTC,2026-02-02 07:47:49 UTC
117260050,31802,31161,134130,"{""Filename"":""102020064_NEG633448168496038791_gz_arcsinh_vis_y.jpg""}","{""0"":""https://panoptes-uploads.zooniverse.org/subject_location/729c930f-d62f-4999-a0c0-1c131a006b3b.jpeg""}",0,,,2026-02-02 07:47:50 UTC,2026-02-02 07:47:50 UTC
117260051,31802,31161,134130,"{""Filename"":""102158270_2652918432644862994_gz_arcsinh_vis_y.jpg""}","{""0"":""https://panoptes-uploads.zooniverse.org/subject_location/06215c28-689f-47af-912e-8e2785209863.jpeg""}",0,,,2026-02-02 07:47:50 UTC,2026-02-02 07:47:50 UTC
117260052,31802,31161,134130,"{""Filename"":""102022482_NEG647097043471840298_gz_arcsinh_vis_y.jpg""}","{""0"":""https://panoptes-uploads.zooniverse.org/subject_location/b07d30f6-6220-4dbf-b25d-18a12216d155.jpeg""}",0,,,2026-02-02 07:47:51 UTC,2026-02-02 07:47:51 UTC
117260053,31802,31161,134130,"{""Filename"":""102020062_NEG619854052495120862_gz_arcsinh_vis_y.jpg""}","{""0"":""https://panoptes-uploads.zooniverse.org/subject_location/82574271-aad3-46c2-8162-436bf0c59544.jpeg""}",0,,,2026-02-02 07:47:51 UTC,2026-02-02 07:47:51 UTC
117260054,31802,31161,134130,"{""Filename"":""102022976_NEG627225453467030968_gz_arcsinh_vis_y.jpg""}","{""0"":""https://panoptes-uploads.zooniverse.org/subject_location/9ecded70-e36a-40a9-a497-2a94b53acfa8.jpeg""}",0,,,2026-02-02 07:47:52 UTC,2026-02-02 07:47:52 UTC
117260055,31802,31161,134130,"{""Filename"":""102159192_2698568370660584691_gz_arcsinh_vis_y.jpg""}","{""0"":""https://panoptes-uploads.zooniverse.org/subject_location/74b55ae0-0ded-4f2c-b38d-db32e70cf20e.jpeg""}",0,,,2026-02-02 07:47:52 UTC,2026-02-02 07:47:52 UTC
117260056,31802,31161,134130,"{""Filename"":""102019589_NEG584788731498661848_gz_arcsinh_vis_y.jpg""}","{""0"":""https://panoptes-uploads.zooniverse.org/subject_location/afdf02fe-e3b2-456e-b3ec-fe8a1c377dc4.jpeg""}",0,,,2026-02-02 07:47:52 UTC,2026-02-02 07:47:52 UTC
117260057,31802,31161,134130,"{""Filename"":""102160060_2716015781677407948_gz_arcsinh_vis_y.jpg""}","{""0"":""https://panoptes-uploads.zooniverse.org/subject_location/05baa280-c909-4c4b-9931-528133963bc6.jpeg""}",0,,,2026-02-02 07:47:53 UTC,2026-02-02 07:47:53 UTC
117260058,31802,31161,134130,"{""Filename"":""102044821_NEG509529261273312248_gz_arcsinh_vis_y.jpg""}","{""0"":""https://panoptes-uploads.zooniverse.org/subject_location/743e4544-4771-4f3e-ad2c-fc46b7b724cf.jpeg""}",0,,,2026-02-02 07:47:53 UTC,2026-02-02 07:47:53 UTC
117260059,31802,31161,134130,"{""Filename"":""102021500_NEG636091225479546349_gz_arcsinh_vis_y.jpg""}","{""0"":""https://panoptes-uploads.zooniverse.org/subject_location/fbb80e95-a91a-486a-b1c9-8b5ff3687552.jpeg""}",0,,,2026-02-02 07:47:54 UTC,2026-02-02 07:47:54 UTC
117260060,31802,31161,134130,"{""Filename"":""102021012_NEG597320952484293246_gz_arcsinh_vis_y.jpg""}","{""0"":""https://panoptes-uploads.zooniverse.org/subject_location/0f2c474c-2267-4265-8595-336370f1762c.jpeg""}",0,,,2026-02-02 07:47:54 UTC,2026-02-02 07:47:54 UTC
117260061,31802,31161,134130,"{""Filename"":""102021985_NEG613791656475106013_gz_arcsinh_vis_y.jpg""}","{""0"":""https://panoptes-uploads.zooniverse.org/subject_location/bf17d5e2-c723-4bae-878f-939d7c9f94d1.jpeg""}",0,,,2026-02-02 07:47:55 UTC,2026-02-02 07:47:55 UTC
117260062,31802,31161,134130,"{""Filename"":""102021012_NEG595047454482773147_gz_arcsinh_vis_y.jpg""}","{""0"":""https://panoptes-uploads.zooniverse.org/subject_location/f259fb2d-7869-4f05-a587-bd8457589a35.jpeg""}",0,,,2026-02-02 07:47:55 UTC,2026-02-02 07:47:55 UTC
117260063,31802,31161,134130,"{""Filename"":""102021012_NEG597593223485056483_gz_arcsinh_vis_y.jpg""}","{""0"":""https://panoptes-uploads.zooniverse.org/subject_location/fec9571a-ebb2-44ea-82cf-58387735ecb1.jpeg""}",0,,,2026-02-02 07:47:56 UTC,2026-02-02 07:47:56 UTC
117260064,31802,31161,134130,"{""Filename"":""102020533_NEG597084536489224768_gz_arcsinh_vis_y.jpg""}","{""0"":""https://panoptes-uploads.zooniverse.org/subject_location/cc449bb8-f0fe-4320-83f6-d7312077f8f4.jpeg""}",0,,,2026-02-02 07:47:56 UTC,2026-02-02 07:47:56 UTC
117260065,31802,31161,134130,"{""Filename"":""102022475_NEG596113234472379462_gz_arcsinh_vis_y.jpg""}","{""0"":""https://panoptes-uploads.zooniverse.org/subject_location/90264dd9-3c28-465a-90a6-98d1ffe1ce96.jpeg""}",0,,,2026-02-02 07:47:57 UTC,2026-02-02 07:47:57 UTC
117260066,31802,31161,134130,"{""Filename"":""102043552_NEG548365119285609974_gz_arcsinh_vis_y.jpg""}","{""0"":""https://panoptes-uploads.zooniverse.org/subject_location/cc09562d-44d1-41bd-9d17-3b7fc6513d97.jpeg""}",0,,,2026-02-02 07:47:57 UTC,2026-02-02 07:47:57 UTC
117260067,31802,31161,134130,"{""Filename"":""102044183_NEG516523616280293992_gz_arcsinh_vis_y.jpg""}","{""0"":""https://panoptes-uploads.zooniverse.org/subject_location/4a0c8a9f-d825-4788-ab34-905805891b7c.jpeg""}",0,,,2026-02-02 07:47:58 UTC,2026-02-02 07:47:58 UTC
117260068,31802,31161,134130,"{""Filename"":""102044824_NEG525559490275902073_gz_arcsinh_vis_y.jpg""}","{""0"":""https://panoptes-uploads.zooniverse.org/subject_location/6d378a21-fd0a-4171-bf60-769fb25121b4.jpeg""}",0,,,2026-02-02 07:47:58 UTC,2026-02-02 07:47:58 UTC
117260069,31802,31161,134130,"{""Filename"":""102022977_NEG632684701464098827_gz_arcsinh_vis_y.jpg""}","{""0"":""https://panoptes-uploads.zooniverse.org/subject_location/b1fb2355-b873-4402-93e5-ad9626ae2a06.jpeg""}",0,,,2026-02-02 07:47:59 UTC,2026-02-02 07:47:59 UTC
117260070,31802,31161,134130,"{""Filename"":""102160608_2701894776682704373_gz_arcsinh_vis_y.jpg""}","{""0"":""https://panoptes-uploads.zooniverse.org/subject_location/78480e32-06eb-4a31-a21b-5bba447845dc.jpeg""}",0,,,2026-02-02 07:47:59 UTC,2026-02-02 07:47:59 UTC
117260071,31802,31161,134130,"{""Filename"":""102019593_NEG616147068499800940_gz_arcsinh_vis_y.jpg""}","{""0"":""https://panoptes-uploads.zooniverse.org/subject_location/61ccc5f3-2e5a-4b67-b978-b5669216e65f.jpeg""}",0,,,2026-02-02 07:48:00 UTC,2026-02-02 07:48:00 UTC
117260072,31802,31161,134130,"{""Filename"":""102159194_2725060999660898821_gz_arcsinh_vis_y.jpg""}","{""0"":""https://panoptes-uploads.zooniverse.org/subject_location/42e438a2-089e-48fd-8591-63363b9a60c9.jpeg""}",0,,,2026-02-02 07:48:00 UTC,2026-02-02 07:48:00 UTC
117260073,31802,31161,134130,"{""Filename"":""102020528_NEG560391487491640083_gz_arcsinh_vis_y.jpg""}","{""0"":""https://panoptes-uploads.zooniverse.org/subject_location/be41e39c-dbef-4f3f-9086-562d495a76d8.jpeg""}",0,,,2026-02-02 07:48:01 UTC,2026-02-02 07:48:01 UTC
117260074,31802,31161,134130,"{""Filename"":""102019595_NEG628045506499757438_gz_arcsinh_vis_y.jpg""}","{""0"":""https://panoptes-uploads.zooniverse.org/subject_location/67ed592a-343e-456b-a781-f6d23759f508.jpeg""}",0,,,2026-02-02 07:48:01 UTC,2026-02-02 07:48:01 UTC
117260075,31802,31161,134130,"{""Filename"":""102018668_NEG598207879509431571_gz_arcsinh_vis_y.jpg""}","{""0"":""https://panoptes-uploads.zooniverse.org/subject_location/c469c9e8-39e8-4806-a500-0c1bd2c1ed72.jpeg""}",0,,,2026-02-02 07:48:02 UTC,2026-02-02 07:48:02 UTC
117260076,31802,31161,134130,"{""Filename"":""102019594_NEG621350960499258758_gz_arcsinh_vis_y.jpg""}","{""0"":""https://panoptes-uploads.zooniverse.org/subject_location/09bafd6b-8218-417e-9918-af6def09058a.jpeg""}",0,,,2026-02-02 07:48:02 UTC,2026-02-02 07:48:02 UTC
117260077,31802,31161,134130,"{""Filename"":""102042914_NEG525443146291882715_gz_arcsinh_vis_y.jpg""}","{""0"":""https://panoptes-uploads.zooniverse.org/subject_location/42700f24-ebe2-4163-af25-1fbb6602535f.jpeg""}",0,,,2026-02-02 07:48:03 UTC,2026-02-02 07:48:03 UTC
117260078,31802,31161,134130,"{""Filename"":""102019594_NEG622400288499657929_gz_arcsinh_vis_y.jpg""}","{""0"":""https://panoptes-uploads.zooniverse.org/subject_location/435ace2f-809b-4f98-96ab-86fa5b5f90c3.jpeg""}",0,,,2026-02-02 07:48:03 UTC,2026-02-02 07:48:03 UTC
117260079,31802,31161,134130,"{""Filename"":""102159490_2744604302664790314_gz_arcsinh_vis_y.jpg""}","{""0"":""https://panoptes-uploads.zooniverse.org/subject_location/cfe40952-830c-4ed1-a097-e76947755893.jpeg""}",0,,,2026-02-02 07:48:04 UTC,2026-02-02 07:48:04 UTC
117260080,31802,31161,134130,"{""Filename"":""102157631_2678742227635633529_gz_arcsinh_vis_y.jpg""}","{""0"":""https://panoptes-uploads.zooniverse.org/subject_location/52a7d30d-39d6-491e-b851-b65428263f9f.jpeg""}",0,,,2026-02-02 07:48:04 UTC,2026-02-02 07:48:04 UTC
117260081,31802,31161,134130,"{""Filename"":""102160063_2754528712672555003_gz_arcsinh_vis_y.jpg""}","{""0"":""https://panoptes-uploads.zooniverse.org/subject_location/78ce43c1-3858-415a-a24f-304af029f858.jpeg""}",0,,,2026-02-02 07:48:05 UTC,2026-02-02 07:48:05 UTC
117260082,31802,31161,134130,"{""Filename"":""102019590_NEG593721734499871479_gz_arcsinh_vis_y.jpg""}","{""0"":""https://panoptes-uploads.zooniverse.org/subject_location/a3072188-3887-476e-9a3e-fd17148444f3.jpeg""}",0,,,2026-02-02 07:48:05 UTC,2026-02-02 07:48:05 UTC
117260083,31802,31161,134130,"{""Filename"":""102018666_NEG582808609508246215_gz_arcsinh_vis_y.jpg""}","{""0"":""https://panoptes-uploads.zooniverse.org/subject_location/733d3089-6170-4f80-813b-a360cc1ffb9e.jpeg""}",0,,,2026-02-02 07:48:06 UTC,2026-02-02 07:48:06 UTC
117260084,31802,31161,134130,"{""Filename"":""102160054_2640794304673152533_gz_arcsinh_vis_y.jpg""}","{""0"":""https://panoptes-uploads.zooniverse.org/subject_location/9cf7aa94-adc5-4bf6-a02e-9354024b6725.jpeg""}",0,,,2026-02-02 07:48:06 UTC,2026-02-02 07:48:06 UTC
117260085,31802,31161,134130,"{""Filename"":""102046114_NEG539787143265243900_gz_arcsinh_vis_y.jpg""}","{""0"":""https://panoptes-uploads.zooniverse.org/subject_location/dcb9e577-9fdd-4096-9641-c0f5a4c8f383.jpeg""}",0,,,2026-02-02 07:48:07 UTC,2026-02-02 07:48:07 UTC
117260086,31802,31161,134130,"{""Filename"":""102158273_2686587346644566527_gz_arcsinh_vis_y.jpg""}","{""0"":""https://panoptes-uploads.zooniverse.org/subject_location/15538654-34b9-47bd-a59d-e67ff828533f.jpeg""}",0,,,2026-02-02 07:48:07 UTC,2026-02-02 07:48:07 UTC
117260087,31802,31161,134130,"{""Filename"":""102020063_NEG622559280496961385_gz_arcsinh_vis_y.jpg""}","{""0"":""https://panoptes-uploads.zooniverse.org/subject_location/61d7659c-3727-4852-a2df-8f7ec886a2a4.jpeg""}",0,,,2026-02-02 07:48:08 UTC,2026-02-02 07:48:08 UTC
117260088,31802,31161,134130,"{""Filename"":""102159482_2640193288665564230_gz_arcsinh_vis_y.jpg""}","{""0"":""https://panoptes-uploads.zooniverse.org/subject_location/3266b2a0-0095-4955-b77d-7110cdb60056.jpeg""}",0,,,2026-02-02 07:48:09 UTC,2026-02-02 07:48:09 UTC
117260089,31802,31161,134130,"{""Filename"":""102022977_NEG636627256463570569_gz_arcsinh_vis_y.jpg""}","{""0"":""https://panoptes-uploads.zooniverse.org/subject_location/9f3437ee-cb24-481c-b931-0e0398bcb5e0.jpeg""}",0,,,2026-02-02 07:48:10 UTC,2026-02-02 07:48:10 UTC
117260090,31802,31161,134130,"{""Filename"":""102044182_NEG512788349281842112_gz_arcsinh_vis_y.jpg""}","{""0"":""https://panoptes-uploads.zooniverse.org/subject_location/c57145d8-5d13-4912-a7ea-e167e23bb776.jpeg""}",0,,,2026-02-02 07:48:11 UTC,2026-02-02 07:48:11 UTC
117260091,31802,31161,134130,"{""Filename"":""102159774_2683623807671090864_gz_arcsinh_vis_y.jpg""}","{""0"":""https://panoptes-uploads.zooniverse.org/subject_location/506d65ad-a995-4f8c-ac8a-a023a67cf958.jpeg""}",0,,,2026-02-02 07:48:12 UTC,2026-02-02 07:48:12 UTC
117260092,31802,31161,134130,"{""Filename"":""102045468_NEG535224609267815695_gz_arcsinh_vis_y.jpg""}","{""0"":""https://panoptes-uploads.zooniverse.org/subject_location/41eaf094-bb8f-4966-957f-d15831bb934f.jpeg""}",0,,,2026-02-02 07:48:12 UTC,2026-02-02 07:48:12 UTC
117260093,31802,31161,134130,"{""Filename"":""102023478_NEG630111814461662872_gz_arcsinh_vis_y.jpg""}","{""0"":""https://panoptes-uploads.zooniverse.org/subject_location/376e9b82-7dfc-4363-afeb-6b7f5eeeab7d.jpeg""}",0,,,2026-02-02 07:48:15 UTC,2026-02-02 07:48:15 UTC
117260094,31802,31161,134130,"{""Filename"":""102157635_2715579804636693424_gz_arcsinh_vis_y.jpg""}","{""0"":""https://panoptes-uploads.zooniverse.org/subject_location/122172a0-b274-47ea-941e-a295298a1dcb.jpeg""}",0,,,2026-02-02 07:48:17 UTC,2026-02-02 07:48:17 UTC
117260095,31802,31161,134130,"{""Filename"":""102159774_2688293296668981834_gz_arcsinh_vis_y.jpg""}","{""0"":""https://panoptes-uploads.zooniverse.org/subject_location/fa80c116-3ffb-433a-9df0-0a28d0110539.jpeg""}",0,,,2026-02-02 07:48:18 UTC,2026-02-02 07:48:18 UTC
117260096,31802,31161,134130,"{""Filename"":""102044824_NEG530148108273682751_gz_arcsinh_vis_y.jpg""}","{""0"":""https://panoptes-uploads.zooniverse.org/subject_location/3c944c14-2537-4c39-8691-5e668fecb3c1.jpeg""}",0,,,2026-02-02 07:48:19 UTC,2026-02-02 07:48:19 UTC
117260097,31802,31161,134130,"{""Filename"":""102043546_NEG516733497283469635_gz_arcsinh_vis_y.jpg""}","{""0"":""https://panoptes-uploads.zooniverse.org/subject_location/06457be0-a4d9-4e5c-bc95-169bf2b46b4c.jpeg""}",0,,,2026-02-02 07:48:19 UTC,2026-02-02 07:48:19 UTC
117260098,31802,31161,134130,"{""Filename"":""102157959_2734083217641938240_gz_arcsinh_vis_y.jpg""}","{""0"":""https://panoptes-uploads.zooniverse.org/subject_location/4650116f-4fe6-484c-8f5d-4a9cee59c2c5.jpeg""}",0,,,2026-02-02 07:48:19 UTC,2026-02-02 07:48:19 UTC
117260099,31802,31161,134130,"{""Filename"":""102160058_2688407718673544187_gz_arcsinh_vis_y.jpg""}","{""0"":""https://panoptes-uploads.zooniverse.org/subject_location/21af022a-73a3-4b36-809a-1da367d63298.jpeg""}",0,,,2026-02-02 07:48:20 UTC,2026-02-02 07:48:20 UTC
117260100,31802,31161,134130,"{""Filename"":""102046759_NEG521542681262453765_gz_arcsinh_vis_y.jpg""}","{""0"":""https://panoptes-uploads.zooniverse.org/subject_location/0c07d036-a5f1-4067-933f-165a04196cc9.jpeg""}",0,,,2026-02-02 07:48:20 UTC,2026-02-02 07:48:20 UTC
117260101,31802,31161,134130,"{""Filename"":""102022481_NEG637395712467957891_gz_arcsinh_vis_y.jpg""}","{""0"":""https://panoptes-uploads.zooniverse.org/subject_location/03a099bb-bb52-4c85-840c-2f258a09cd78.jpeg""}",0,,,2026-02-02 07:48:21 UTC,2026-02-02 07:48:21 UTC
117260102,31802,31161,134130,"{""Filename"":""102019127_NEG599983810502720230_gz_arcsinh_vis_y.jpg""}","{""0"":""https://panoptes-uploads.zooniverse.org/subject_location/bb0186df-1394-44ff-9c40-90078d560bf8.jpeg""}",0,,,2026-02-02 07:48:21 UTC,2026-02-02 07:48:21 UTC
117260103,31802,31161,134130,"{""Filename"":""102159779_2743884551671976567_gz_arcsinh_vis_y.jpg""}","{""0"":""https://panoptes-uploads.zooniverse.org/subject_location/b24109f4-94b7-4743-8b18-a6bfd209afd7.jpeg""}",0,,,2026-02-02 07:48:22 UTC,2026-02-02 07:48:22 UTC
117260104,31802,31161,134130,"{""Filename"":""102042286_NEG534706950293857154_gz_arcsinh_vis_y.jpg""}","{""0"":""https://panoptes-uploads.zooniverse.org/subject_location/2e6a188a-1fc2-4496-9453-0683556547c9.jpeg""}",0,,,2026-02-02 07:48:22 UTC,2026-02-02 07:48:22 UTC
117260105,31802,31161,134130,"{""Filename"":""102020055_NEG567002158495478900_gz_arcsinh_vis_y.jpg""}","{""0"":""https://panoptes-uploads.zooniverse.org/subject_location/91ccb7e7-51af-44a0-92f6-7e3c57f4ccba.jpeg""}",0,,,2026-02-02 07:48:23 UTC,2026-02-02 07:48:23 UTC
117260106,31802,31161,134130,"{""Filename"":""102021012_NEG599202143486544256_gz_arcsinh_vis_y.jpg""}","{""0"":""https://panoptes-uploads.zooniverse.org/subject_location/ca2d5268-ce7c-4237-81c7-eb0c8be722cf.jpeg""}",0,,,2026-02-02 07:48:23 UTC,2026-02-02 07:48:23 UTC
117260107,31802,31161,134130,"{""Filename"":""102021501_NEG644422179480365150_gz_arcsinh_vis_y.jpg""}","{""0"":""https://panoptes-uploads.zooniverse.org/subject_location/32c56e7b-14da-474b-9800-fb2fc00c0009.jpeg""}",0,,,2026-02-02 07:48:24 UTC,2026-02-02 07:48:24 UTC
117260108,31802,31161,134130,"{""Filename"":""102020534_NEG602438118488307889_gz_arcsinh_vis_y.jpg""}","{""0"":""https://panoptes-uploads.zooniverse.org/subject_location/622edde6-1792-46d8-b10a-24e134f65457.jpeg""}",0,,,2026-02-02 07:48:24 UTC,2026-02-02 07:48:24 UTC
117260109,31802,31161,134130,"{""Filename"":""102157631_2673422645634346364_gz_arcsinh_vis_y.jpg""}","{""0"":""https://panoptes-uploads.zooniverse.org/subject_location/7f9b8705-50ad-4f77-b540-c79411623176.jpeg""}",0,,,2026-02-02 07:48:25 UTC,2026-02-02 07:48:25 UTC
117260110,31802,31161,134130,"{""Filename"":""102157958_2719582676637898758_gz_arcsinh_vis_y.jpg""}","{""0"":""https://panoptes-uploads.zooniverse.org/subject_location/3901321d-56cf-4f4a-98be-4d62394bdd8a.jpeg""}",0,,,2026-02-02 07:48:25 UTC,2026-02-02 07:48:25 UTC
117260111,31802,31161,134130,"{""Filename"":""102021991_NEG657645238474862464_gz_arcsinh_vis_y.jpg""}","{""0"":""https://panoptes-uploads.zooniverse.org/subject_location/45d774b1-61bf-471a-a337-ac2ec92d66b8.jpeg""}",0,,,2026-02-02 07:48:26 UTC,2026-02-02 07:48:26 UTC
117260112,31802,31161,134130,"{""Filename"":""102158583_2672592013648626325_gz_arcsinh_vis_y.jpg""}","{""0"":""https://panoptes-uploads.zooniverse.org/subject_location/2dbeaf05-4181-46dc-869c-0aae9309e330.jpeg""}",0,,,2026-02-02 07:48:26 UTC,2026-02-02 07:48:26 UTC
117260113,31802,31161,134130,"{""Filename"":""102045464_NEG515990096268988132_gz_arcsinh_vis_y.jpg""}","{""0"":""https://panoptes-uploads.zooniverse.org/subject_location/cb074a10-253b-4039-a21f-c567f524a840.jpeg""}",0,,,2026-02-02 07:48:27 UTC,2026-02-02 07:48:27 UTC
117260114,31802,31161,134130,"{""Filename"":""102021010_NEG582005934486947446_gz_arcsinh_vis_y.jpg""}","{""0"":""https://panoptes-uploads.zooniverse.org/subject_location/df0efa79-f99a-4988-a73e-a5655786218f.jpeg""}",0,,,2026-02-02 07:48:27 UTC,2026-02-02 07:48:27 UTC
117260115,31802,31161,134130,"{""Filename"":""102021986_NEG623820651476580684_gz_arcsinh_vis_y.jpg""}","{""0"":""https://panoptes-uploads.zooniverse.org/subject_location/e540b0dc-0439-4c87-b21f-bb35cc916133.jpeg""}",0,,,2026-02-02 07:48:28 UTC,2026-02-02 07:48:28 UTC
117260116,31802,31161,134130,"{""Filename"":""102160333_2657814005678105879_gz_arcsinh_vis_y.jpg""}","{""0"":""https://panoptes-uploads.zooniverse.org/subject_location/e3639bca-5012-4b73-a469-c30449cec56f.jpeg""}",0,,,2026-02-02 07:48:29 UTC,2026-02-02 07:48:29 UTC
117260117,31802,31161,134130,"{""Filename"":""102044187_NEG541342996279274833_gz_arcsinh_vis_y.jpg""}","{""0"":""https://panoptes-uploads.zooniverse.org/subject_location/69fd932f-4eec-452a-8e5f-7f469ad7cb07.jpeg""}",0,,,2026-02-02 07:48:29 UTC,2026-02-02 07:48:29 UTC
117260118,31802,31161,134130,"{""Filename"":""102157632_2687885620636320901_gz_arcsinh_vis_y.jpg""}","{""0"":""https://panoptes-uploads.zooniverse.org/subject_location/a08f1426-8af4-4c14-9d04-44b72c36b750.jpeg""}",0,,,2026-02-02 07:48:30 UTC,2026-02-02 07:48:30 UTC
117260119,31802,31161,134130,"{""Filename"":""102021014_NEG611500043486663393_gz_arcsinh_vis_y.jpg""}","{""0"":""https://panoptes-uploads.zooniverse.org/subject_location/a66f14b0-f3ed-4ae3-a9d2-e5b8c93d88c5.jpeg""}",0,,,2026-02-02 07:48:30 UTC,2026-02-02 07:48:30 UTC
117260120,31802,31161,134130,"{""Filename"":""102045467_NEG530761255270754087_gz_arcsinh_vis_y.jpg""}","{""0"":""https://panoptes-uploads.zooniverse.org/subject_location/5744c582-f8d0-4851-8171-f9fb227c93d4.jpeg""}",0,,,2026-02-02 07:48:31 UTC,2026-02-02 07:48:31 UTC
117260121,31802,31161,134130,"{""Filename"":""102022483_NEG650101769469633743_gz_arcsinh_vis_y.jpg""}","{""0"":""https://panoptes-uploads.zooniverse.org/subject_location/ad2fb407-2b5b-4ed6-a85c-c83124d8dfd9.jpeg""}",0,,,2026-02-02 07:48:31 UTC,2026-02-02 07:48:31 UTC
117260122,31802,31161,134130,"{""Filename"":""102022973_NEG602577474464830189_gz_arcsinh_vis_y.jpg""}","{""0"":""https://panoptes-uploads.zooniverse.org/subject_location/fc61442e-d94d-4b74-adb0-8b42b456e099.jpeg""}",0,,,2026-02-02 07:48:32 UTC,2026-02-02 07:48:32 UTC
117260123,31802,31161,134130,"{""Filename"":""102022484_NEG659537340471769759_gz_arcsinh_vis_y.jpg""}","{""0"":""https://panoptes-uploads.zooniverse.org/subject_location/c6addcba-a92b-43a1-8c15-7e5ed3d1ba64.jpeg""}",0,,,2026-02-02 07:48:32 UTC,2026-02-02 07:48:32 UTC
117260124,31802,31161,134130,"{""Filename"":""102157630_2664876173636856000_gz_arcsinh_vis_y.jpg""}","{""0"":""https://panoptes-uploads.zooniverse.org/subject_location/52f09bdd-a118-4a57-8de0-fbb336483265.jpeg""}",0,,,2026-02-02 07:48:32 UTC,2026-02-02 07:48:32 UTC
117260125,31802,31161,134130,"{""Filename"":""102020056_NEG571324876495960815_gz_arcsinh_vis_y.jpg""}","{""0"":""https://panoptes-uploads.zooniverse.org/subject_location/bae7bd47-4180-4d0e-8bda-73764825ee05.jpeg""}",0,,,2026-02-02 07:48:33 UTC,2026-02-02 07:48:33 UTC
117260126,31802,31161,134130,"{""Filename"":""102021016_NEG625136592484172728_gz_arcsinh_vis_y.jpg""}","{""0"":""https://panoptes-uploads.zooniverse.org/subject_location/d025dfd8-cac8-4e6d-ba2c-77e639b264b9.jpeg""}",0,,,2026-02-02 07:48:34 UTC,2026-02-02 07:48:34 UTC
117260127,31802,31161,134130,"{""Filename"":""102160063_2748462704676847467_gz_arcsinh_vis_y.jpg""}","{""0"":""https://panoptes-uploads.zooniverse.org/subject_location/b8991db8-89d4-4805-acbe-b7172c3edab6.jpeg""}",0,,,2026-02-02 07:48:34 UTC,2026-02-02 07:48:34 UTC
117260128,31802,31161,134130,"{""Filename"":""102021495_NEG598079246480217770_gz_arcsinh_vis_y.jpg""}","{""0"":""https://panoptes-uploads.zooniverse.org/subject_location/928e2d19-75c3-490b-a0a6-994203c02eb6.jpeg""}",0,,,2026-02-02 07:48:35 UTC,2026-02-02 07:48:35 UTC
117260129,31802,31161,134130,"{""Filename"":""102022477_NEG608868218467669974_gz_arcsinh_vis_y.jpg""}","{""0"":""https://panoptes-uploads.zooniverse.org/subject_location/ce759a29-f4da-4720-9085-d07d852df258.jpeg""}",0,,,2026-02-02 07:48:35 UTC,2026-02-02 07:48:35 UTC
117260130,31802,31161,134130,"{""Filename"":""102022481_NEG641840777470239345_gz_arcsinh_vis_y.jpg""}","{""0"":""https://panoptes-uploads.zooniverse.org/subject_location/a45a09f4-fb28-463e-944c-18496a566994.jpeg""}",0,,,2026-02-02 07:48:36 UTC,2026-02-02 07:48:36 UTC
117260131,31802,31161,134130,"{""Filename"":""102021013_NEG604395721485697215_gz_arcsinh_vis_y.jpg""}","{""0"":""https://panoptes-uploads.zooniverse.org/subject_location/402b5319-f0e4-49cd-9f78-27b06d099fd0.jpeg""}",0,,,2026-02-02 07:48:36 UTC,2026-02-02 07:48:36 UTC
117260132,31802,31161,134130,"{""Filename"":""102042917_NEG538856078288367091_gz_arcsinh_vis_y.jpg""}","{""0"":""https://panoptes-uploads.zooniverse.org/subject_location/7ca78d80-e66d-4532-b914-fe0dbc80a011.jpeg""}",0,,,2026-02-02 07:48:37 UTC,2026-02-02 07:48:37 UTC
117260133,31802,31161,134130,"{""Filename"":""102046112_NEG529980180262604852_gz_arcsinh_vis_y.jpg""}","{""0"":""https://panoptes-uploads.zooniverse.org/subject_location/c5bae0c9-0f11-4b4c-8f88-99bb03a25330.jpeg""}",0,,,2026-02-02 07:48:37 UTC,2026-02-02 07:48:37 UTC
117260134,31802,31161,134130,"{""Filename"":""102021501_NEG642161930481554440_gz_arcsinh_vis_y.jpg""}","{""0"":""https://panoptes-uploads.zooniverse.org/subject_location/97460a5b-8e02-4796-a8ef-d2a7fe6602cb.jpeg""}",0,,,2026-02-02 07:48:37 UTC,2026-02-02 07:48:37 UTC
117260135,31802,31161,134130,"{""Filename"":""102021493_NEG585324939482197038_gz_arcsinh_vis_y.jpg""}","{""0"":""https://panoptes-uploads.zooniverse.org/subject_location/872bf6d0-7d61-402a-aa94-d3b35c82eb3a.jpeg""}",0,,,2026-02-02 07:48:38 UTC,2026-02-02 07:48:38 UTC
117260136,31802,31161,134130,"{""Filename"":""102021008_NEG568739654486814346_gz_arcsinh_vis_y.jpg""}","{""0"":""https://panoptes-uploads.zooniverse.org/subject_location/af065d6b-e9e9-4797-9074-a89a0663520e.jpeg""}",0,,,2026-02-02 07:48:38 UTC,2026-02-02 07:48:38 UTC
117260137,31802,31161,134130,"{""Filename"":""102159492_2768000760663925956_gz_arcsinh_vis_y.jpg""}","{""0"":""https://panoptes-uploads.zooniverse.org/subject_location/4e7063fc-c023-4ab2-8a68-972d4c8a22bd.jpeg""}",0,,,2026-02-02 07:48:39 UTC,2026-02-02 07:48:39 UTC
117260138,31802,31161,134130,"{""Filename"":""102020062_NEG616288334493190647_gz_arcsinh_vis_y.jpg""}","{""0"":""https://panoptes-uploads.zooniverse.org/subject_location/067cf791-4b0c-4881-a986-de875b942f97.jpeg""}",0,,,2026-02-02 07:48:39 UTC,2026-02-02 07:48:39 UTC
117260139,31802,31161,134130,"{""Filename"":""102045467_NEG529275904271069288_gz_arcsinh_vis_y.jpg""}","{""0"":""https://panoptes-uploads.zooniverse.org/subject_location/07cb7e6d-6147-47e7-a9b6-dec1d712391b.jpeg""}",0,,,2026-02-02 07:48:40 UTC,2026-02-02 07:48:40 UTC
117260140,31802,31161,134130,"{""Filename"":""102019129_NEG613076053505675308_gz_arcsinh_vis_y.jpg""}","{""0"":""https://panoptes-uploads.zooniverse.org/subject_location/adcd4f56-42d6-4bba-b938-fb38a0eceb2d.jpeg""}",0,,,2026-02-02 07:48:40 UTC,2026-02-02 07:48:40 UTC
117260141,31802,31161,134130,"{""Filename"":""102022483_NEG652103867472098122_gz_arcsinh_vis_y.jpg""}","{""0"":""https://panoptes-uploads.zooniverse.org/subject_location/60b82527-b7a6-4693-bd66-f4caa5cdb50d.jpeg""}",0,,,2026-02-02 07:48:41 UTC,2026-02-02 07:48:41 UTC
117260142,31802,31161,134130,"{""Filename"":""102042286_NEG535558965296161122_gz_arcsinh_vis_y.jpg""}","{""0"":""https://panoptes-uploads.zooniverse.org/subject_location/0578d297-3e25-4722-9510-f97d2e7b43a5.jpeg""}",0,,,2026-02-02 07:48:41 UTC,2026-02-02 07:48:41 UTC
117260143,31802,31161,134130,"{""Filename"":""102021499_NEG629289340478588571_gz_arcsinh_vis_y.jpg""}","{""0"":""https://panoptes-uploads.zooniverse.org/subject_location/6ba3a44b-a327-4599-b30c-2d10ebfbc603.jpeg""}",0,,,2026-02-02 07:48:42 UTC,2026-02-02 07:48:42 UTC
117260144,31802,31161,134130,"{""Filename"":""102020540_NEG649897349490906560_gz_arcsinh_vis_y.jpg""}","{""0"":""https://panoptes-uploads.zooniverse.org/subject_location/bcc1b97a-a729-4243-8f9e-c7ae02925370.jpeg""}",0,,,2026-02-02 07:48:42 UTC,2026-02-02 07:48:42 UTC
117260145,31802,31161,134130,"{""Filename"":""102022475_NEG596786053468201855_gz_arcsinh_vis_y.jpg""}","{""0"":""https://panoptes-uploads.zooniverse.org/subject_location/fa6f51ac-e5fc-4dda-afa5-040b1348c035.jpeg""}",0,,,2026-02-02 07:48:43 UTC,2026-02-02 07:48:43 UTC
117260146,31802,31161,134130,"{""Filename"":""102023481_NEG650305003460752307_gz_arcsinh_vis_y.jpg""}","{""0"":""https://panoptes-uploads.zooniverse.org/subject_location/f5339901-806f-46ed-aeed-d3c140ffc8e5.jpeg""}",0,,,2026-02-02 07:48:43 UTC,2026-02-02 07:48:43 UTC
117260147,31802,31161,134130,"{""Filename"":""102019124_NEG574304575505952335_gz_arcsinh_vis_y.jpg""}","{""0"":""https://panoptes-uploads.zooniverse.org/subject_location/07b2b154-841b-43ea-b2d0-1f08fddeee65.jpeg""}",0,,,2026-02-02 07:48:44 UTC,2026-02-02 07:48:44 UTC
117260148,31802,31161,134130,"{""Filename"":""102160607_2679085443683365794_gz_arcsinh_vis_y.jpg""}","{""0"":""https://panoptes-uploads.zooniverse.org/subject_location/cca8b098-effb-4025-907b-268f7f608489.jpeg""}",0,,,2026-02-02 07:48:44 UTC,2026-02-02 07:48:44 UTC
117260149,31802,31161,134130,"{""Filename"":""102159186_2624063280658070011_gz_arcsinh_vis_y.jpg""}","{""0"":""https://panoptes-uploads.zooniverse.org/subject_location/5092a430-2f2d-4ff7-9a96-3f26eb132294.jpeg""}",0,,,2026-02-02 07:48:45 UTC,2026-02-02 07:48:45 UTC
117260150,31802,31161,134130,"{""Filename"":""102020055_NEG560211970496325768_gz_arcsinh_vis_y.jpg""}","{""0"":""https://panoptes-uploads.zooniverse.org/subject_location/d9ebf7d0-8dc8-4220-aabb-bc09cba027ff.jpeg""}",0,,,2026-02-02 07:48:45 UTC,2026-02-02 07:48:45 UTC
117260151,31802,31161,134130,"{""Filename"":""102044184_NEG526375813279154014_gz_arcsinh_vis_y.jpg""}","{""0"":""https://panoptes-uploads.zooniverse.org/subject_location/1d8aac77-ca41-437c-ab9c-6c7dfd1e0297.jpeg""}",0,,,2026-02-02 07:48:46 UTC,2026-02-02 07:48:46 UTC
117260152,31802,31161,134130,"{""Filename"":""102021983_NEG602644109475991525_gz_arcsinh_vis_y.jpg""}","{""0"":""https://panoptes-uploads.zooniverse.org/subject_location/98bfe9ea-cc5e-46b2-b539-5c847d26e81a.jpeg""}",0,,,2026-02-02 07:48:46 UTC,2026-02-02 07:48:46 UTC
117260153,31802,31161,134130,"{""Filename"":""102021498_NEG619764592480595196_gz_arcsinh_vis_y.jpg""}","{""0"":""https://panoptes-uploads.zooniverse.org/subject_location/654433f6-cc0e-48ca-b1c5-25f6d2a4d232.jpeg""}",0,,,2026-02-02 07:48:47 UTC,2026-02-02 07:48:47 UTC
117260154,31802,31161,134130,"{""Filename"":""102020538_NEG634757024489982254_gz_arcsinh_vis_y.jpg""}","{""0"":""https://panoptes-uploads.zooniverse.org/subject_location/da2ddb90-384f-4c83-b4a7-39cf2257edfd.jpeg""}",0,,,2026-02-02 07:48:47 UTC,2026-02-02 07:48:47 UTC
117260155,31802,31161,134130,"{""Filename"":""102019129_NEG614603298504082116_gz_arcsinh_vis_y.jpg""}","{""0"":""https://panoptes-uploads.zooniverse.org/subject_location/d0eb7b8b-bc59-45cd-8c63-76cd9db78e6d.jpeg""}",0,,,2026-02-02 07:48:47 UTC,2026-02-02 07:48:47 UTC
117260156,31802,31161,134130,"{""Filename"":""102021504_NEG665858178479505042_gz_arcsinh_vis_y.jpg""}","{""0"":""https://panoptes-uploads.zooniverse.org/subject_location/319b508f-7518-416d-9a58-164787c21daf.jpeg""}",0,,,2026-02-02 07:48:48 UTC,2026-02-02 07:48:48 UTC
117260157,31802,31161,134130,"{""Filename"":""102159492_2760161007664848053_gz_arcsinh_vis_y.jpg""}","{""0"":""https://panoptes-uploads.zooniverse.org/subject_location/5f179aae-4c84-429a-9f99-f724663e5487.jpeg""}",0,,,2026-02-02 07:48:48 UTC,2026-02-02 07:48:48 UTC
117260158,31802,31161,134130,"{""Filename"":""102071571_NEG857615502079977509_gz_arcsinh_vis_y.jpg""}","{""0"":""https://panoptes-uploads.zooniverse.org/subject_location/4cc5fdf8-1f3f-4073-a287-9ea1ecb3433d.jpeg""}",0,,,2026-02-02 07:48:49 UTC,2026-02-02 07:48:49 UTC
117260159,31802,31161,134130,"{""Filename"":""102020064_NEG633914568494684967_gz_arcsinh_vis_y.jpg""}","{""0"":""https://panoptes-uploads.zooniverse.org/subject_location/a09d4581-79ee-4386-aa95-0f64e766ba26.jpeg""}",0,,,2026-02-02 07:48:49 UTC,2026-02-02 07:48:49 UTC
117260160,31802,31161,134130,"{""Filename"":""102021013_NEG601789271483090516_gz_arcsinh_vis_y.jpg""}","{""0"":""https://panoptes-uploads.zooniverse.org/subject_location/23ba4397-9f01-4c31-a93b-b47d90db30af.jpeg""}",0,,,2026-02-02 07:48:50 UTC,2026-02-02 07:48:50 UTC
117260161,31802,31161,134130,"{""Filename"":""102157959_2738124232641819892_gz_arcsinh_vis_y.jpg""}","{""0"":""https://panoptes-uploads.zooniverse.org/subject_location/ff5185b2-e02d-482f-8557-3c9524471c2a.jpeg""}",0,,,2026-02-02 07:48:50 UTC,2026-02-02 07:48:50 UTC
117260162,31802,31161,134130,"{""Filename"":""102157954_2675878418642177891_gz_arcsinh_vis_y.jpg""}","{""0"":""https://panoptes-uploads.zooniverse.org/subject_location/85ad9538-b79b-472b-a04a-d79f50276de4.jpeg""}",0,,,2026-02-02 07:48:51 UTC,2026-02-02 07:48:51 UTC
117260163,31802,31161,134130,"{""Filename"":""102022485_NEG666977414471370105_gz_arcsinh_vis_y.jpg""}","{""0"":""https://panoptes-uploads.zooniverse.org/subject_location/ef564742-0e20-48c6-b224-26f5772ac8b2.jpeg""}",0,,,2026-02-02 07:48:51 UTC,2026-02-02 07:48:51 UTC
117260164,31802,31161,134130,"{""Filename"":""102159194_2728273701657978078_gz_arcsinh_vis_y.jpg""}","{""0"":""https://panoptes-uploads.zooniverse.org/subject_location/c457c1c3-3d82-431b-8bab-dbb15d8481b3.jpeg""}",0,,,2026-02-02 07:48:52 UTC,2026-02-02 07:48:52 UTC
117260165,31802,31161,134130,"{""Filename"":""102021503_NEG659360168481231755_gz_arcsinh_vis_y.jpg""}","{""0"":""https://panoptes-uploads.zooniverse.org/subject_location/38be6965-9f8e-435c-9ea9-aea9d998ba51.jpeg""}",0,,,2026-02-02 07:48:52 UTC,2026-02-02 07:48:52 UTC
117260166,31802,31161,134130,"{""Filename"":""102158272_2685658000646174374_gz_arcsinh_vis_y.jpg""}","{""0"":""https://panoptes-uploads.zooniverse.org/subject_location/94af1779-84a5-4326-bec6-87756ad6ac7b.jpeg""}",0,,,2026-02-02 07:48:53 UTC,2026-02-02 07:48:53 UTC
117260167,31802,31161,134130,"{""Filename"":""102158887_2648499639657358494_gz_arcsinh_vis_y.jpg""}","{""0"":""https://panoptes-uploads.zooniverse.org/subject_location/de51a0c5-abe3-4b97-8e4b-f2c61d31871e.jpeg""}",0,,,2026-02-02 07:48:53 UTC,2026-02-02 07:48:53 UTC
117260168,31802,31161,134130,"{""Filename"":""102041032_NEG522691399302574127_gz_arcsinh_vis_y.jpg""}","{""0"":""https://panoptes-uploads.zooniverse.org/subject_location/2c6b7059-740e-4c20-95a8-4c64b0694556.jpeg""}",0,,,2026-02-02 07:48:54 UTC,2026-02-02 07:48:54 UTC
117260169,31802,31161,134130,"{""Filename"":""102021986_NEG623388776476069571_gz_arcsinh_vis_y.jpg""}","{""0"":""https://panoptes-uploads.zooniverse.org/subject_location/ba2dbcd8-c36f-4952-8708-804fb32d7ce0.jpeg""}",0,,,2026-02-02 07:48:54 UTC,2026-02-02 07:48:54 UTC
117260170,31802,31161,134130,"{""Filename"":""102045469_NEG539225796270929963_gz_arcsinh_vis_y.jpg""}","{""0"":""https://panoptes-uploads.zooniverse.org/subject_location/94739313-ddff-44c1-a9e7-4d42f89cb072.jpeg""}",0,,,2026-02-02 07:48:55 UTC,2026-02-02 07:48:55 UTC
117260171,31802,31161,134130,"{""Filename"":""102022975_NEG616021755465276632_gz_arcsinh_vis_y.jpg""}","{""0"":""https://panoptes-uploads.zooniverse.org/subject_location/c698251e-e3e7-47e1-a34f-d9475624d43d.jpeg""}",0,,,2026-02-02 07:48:55 UTC,2026-02-02 07:48:55 UTC
117260172,31802,31161,134130,"{""Filename"":""102022978_NEG640504097463370056_gz_arcsinh_vis_y.jpg""}","{""0"":""https://panoptes-uploads.zooniverse.org/subject_location/71bcc4f9-4ac6-49e3-ac3f-a393bc257e05.jpeg""}",0,,,2026-02-02 07:48:56 UTC,2026-02-02 07:48:56 UTC
117260173,31802,31161,134130,"{""Filename"":""102159193_2715350468662120611_gz_arcsinh_vis_y.jpg""}","{""0"":""https://panoptes-uploads.zooniverse.org/subject_location/2990b930-f2d1-492e-9515-e0c112db39c8.jpeg""}",0,,,2026-02-02 07:48:56 UTC,2026-02-02 07:48:56 UTC
117260174,31802,31161,134130,"{""Filename"":""102022479_NEG623042211470393253_gz_arcsinh_vis_y.jpg""}","{""0"":""https://panoptes-uploads.zooniverse.org/subject_location/c60717bc-86aa-4098-88dd-622835285c44.jpeg""}",0,,,2026-02-02 07:48:57 UTC,2026-02-02 07:48:57 UTC
117260175,31802,31161,134130,"{""Filename"":""102044187_NEG541848014280856677_gz_arcsinh_vis_y.jpg""}","{""0"":""https://panoptes-uploads.zooniverse.org/subject_location/04824a4b-c373-4e3a-8c3d-b10db2ea1137.jpeg""}",0,,,2026-02-02 07:48:57 UTC,2026-02-02 07:48:57 UTC
117260176,31802,31161,134130,"{""Filename"":""102160606_2674605905683325657_gz_arcsinh_vis_y.jpg""}","{""0"":""https://panoptes-uploads.zooniverse.org/subject_location/bf8c7e34-d9a7-4fad-830e-bbb25cdfe2bc.jpeg""}",0,,,2026-02-02 07:48:58 UTC,2026-02-02 07:48:58 UTC
117260177,31802,31161,134130,"{""Filename"":""102022475_NEG597965952472121594_gz_arcsinh_vis_y.jpg""}","{""0"":""https://panoptes-uploads.zooniverse.org/subject_location/681c502b-833d-4fa2-a6d5-8057a60d5cdb.jpeg""}",0,,,2026-02-02 07:48:58 UTC,2026-02-02 07:48:58 UTC
117260178,31802,31161,134130,"{""Filename"":""102022482_NEG648458796469584787_gz_arcsinh_vis_y.jpg""}","{""0"":""https://panoptes-uploads.zooniverse.org/subject_location/eb167a73-4362-4559-9fbe-e9b14680635e.jpeg""}",0,,,2026-02-02 07:48:59 UTC,2026-02-02 07:48:59 UTC
117260179,31802,31161,134130,"{""Filename"":""102021012_NEG600924228483060654_gz_arcsinh_vis_y.jpg""}","{""0"":""https://panoptes-uploads.zooniverse.org/subject_location/a7a733a3-6719-49ab-9f5d-0c7fc34d3529.jpeg""}",0,,,2026-02-02 07:49:00 UTC,2026-02-02 07:49:00 UTC
117260180,31802,31161,134130,"{""Filename"":""102021496_NEG605182539482206777_gz_arcsinh_vis_y.jpg""}","{""0"":""https://panoptes-uploads.zooniverse.org/subject_location/585e2381-d028-4a2e-9fb4-4ec84ef8a402.jpeg""}",0,,,2026-02-02 07:49:00 UTC,2026-02-02 07:49:00 UTC
117260181,31802,31161,134130,"{""Filename"":""102159780_2753578108670001629_gz_arcsinh_vis_y.jpg""}","{""0"":""https://panoptes-uploads.zooniverse.org/subject_location/28cb1539-92fe-4940-a0bc-f2917c1fca0d.jpeg""}",0,,,2026-02-02 07:49:01 UTC,2026-02-02 07:49:01 UTC
117260182,31802,31161,134130,"{""Filename"":""102021984_NEG611123089472870745_gz_arcsinh_vis_y.jpg""}","{""0"":""https://panoptes-uploads.zooniverse.org/subject_location/ffe79b92-785f-4af7-b1be-a5a8bc09fc7d.jpeg""}",0,,,2026-02-02 07:49:01 UTC,2026-02-02 07:49:01 UTC
117260183,31802,31161,134130,"{""Filename"":""102022974_NEG609155757465543880_gz_arcsinh_vis_y.jpg""}","{""0"":""https://panoptes-uploads.zooniverse.org/subject_location/aead9413-9509-41b2-8c59-ae9f13ea7920.jpeg""}",0,,,2026-02-02 07:49:02 UTC,2026-02-02 07:49:02 UTC
117260184,31802,31161,134130,"{""Filename"":""102159193_2715330245659362263_gz_arcsinh_vis_y.jpg""}","{""0"":""https://panoptes-uploads.zooniverse.org/subject_location/828bf5db-49cd-4a9d-8d6b-bdbe9b51678b.jpeg""}",0,,,2026-02-02 07:49:02 UTC,2026-02-02 07:49:02 UTC
117260185,31802,31161,134130,"{""Filename"":""102020056_NEG569004995494233906_gz_arcsinh_vis_y.jpg""}","{""0"":""https://panoptes-uploads.zooniverse.org/subject_location/e6374f99-9466-45fb-bc1c-7ef2cdceab56.jpeg""}",0,,,2026-02-02 07:49:03 UTC,2026-02-02 07:49:03 UTC
117260186,31802,31161,134130,"{""Filename"":""102021983_NEG603609919473188655_gz_arcsinh_vis_y.jpg""}","{""0"":""https://panoptes-uploads.zooniverse.org/subject_location/a8c0d37f-2526-4a84-b1c5-4802bae349f6.jpeg""}",0,,,2026-02-02 07:49:03 UTC,2026-02-02 07:49:03 UTC
117260187,31802,31161,134130,"{""Filename"":""102159491_2759576374663557399_gz_arcsinh_vis_y.jpg""}","{""0"":""https://panoptes-uploads.zooniverse.org/subject_location/df119b53-4523-422d-81aa-739cc4518680.jpeg""}",0,,,2026-02-02 07:49:04 UTC,2026-02-02 07:49:04 UTC
117260188,31802,31161,134130,"{""Filename"":""102158277_2743103791645662242_gz_arcsinh_vis_y.jpg""}","{""0"":""https://panoptes-uploads.zooniverse.org/subject_location/f1a64a9a-2d04-4e28-8f00-17d51c5f01f8.jpeg""}",0,,,2026-02-02 07:49:04 UTC,2026-02-02 07:49:04 UTC
117260189,31802,31161,134130,"{""Filename"":""102160611_2738235216682677624_gz_arcsinh_vis_y.jpg""}","{""0"":""https://panoptes-uploads.zooniverse.org/subject_location/ce05d3d7-dcb4-4fa0-85d1-2bd130a07839.jpeg""}",0,,,2026-02-02 07:49:05 UTC,2026-02-02 07:49:05 UTC
117260190,31802,31161,134130,"{""Filename"":""102045466_NEG527740646269712740_gz_arcsinh_vis_y.jpg""}","{""0"":""https://panoptes-uploads.zooniverse.org/subject_location/202769cf-a4c5-4580-9dcc-23a3e95166ba.jpeg""}",0,,,2026-02-02 07:49:05 UTC,2026-02-02 07:49:05 UTC
117260191,31802,31161,134130,"{""Filename"":""102020054_NEG557934684492693631_gz_arcsinh_vis_y.jpg""}","{""0"":""https://panoptes-uploads.zooniverse.org/subject_location/c791ee89-c38b-4b41-8d9e-f3ec1eb6cbd8.jpeg""}",0,,,2026-02-02 07:49:05 UTC,2026-02-02 07:49:05 UTC
117260192,31802,31161,134130,"{""Filename"":""102022476_NEG603632315469267801_gz_arcsinh_vis_y.jpg""}","{""0"":""https://panoptes-uploads.zooniverse.org/subject_location/d3052cdb-b53b-4709-bf94-57fef67f3664.jpeg""}",0,,,2026-02-02 07:49:06 UTC,2026-02-02 07:49:06 UTC
117260193,31802,31161,134130,"{""Filename"":""102021009_NEG573795048483040340_gz_arcsinh_vis_y.jpg""}","{""0"":""https://panoptes-uploads.zooniverse.org/subject_location/232346e8-3052-4f47-a8bc-821cc2068e0e.jpeg""}",0,,,2026-02-02 07:49:07 UTC,2026-02-02 07:49:07 UTC
117260194,31802,31161,134130,"{""Filename"":""102159486_2693472804665526261_gz_arcsinh_vis_y.jpg""}","{""0"":""https://panoptes-uploads.zooniverse.org/subject_location/99eb771f-9c6b-4028-9678-5c81f6dd5ce6.jpeg""}",0,,,2026-02-02 07:49:07 UTC,2026-02-02 07:49:07 UTC
117260195,31802,31161,134130,"{""Filename"":""102157632_2690690220635096005_gz_arcsinh_vis_y.jpg""}","{""0"":""https://panoptes-uploads.zooniverse.org/subject_location/8056535e-7137-4291-b14d-b89da90fcc39.jpeg""}",0,,,2026-02-02 07:49:08 UTC,2026-02-02 07:49:08 UTC
117260196,31802,31161,134130,"{""Filename"":""102021492_NEG580903547479095583_gz_arcsinh_vis_y.jpg""}","{""0"":""https://panoptes-uploads.zooniverse.org/subject_location/c7b583bc-5379-47da-87a6-e173f49fe5e2.jpeg""}",0,,,2026-02-02 07:49:08 UTC,2026-02-02 07:49:08 UTC
117260197,31802,31161,134130,"{""Filename"":""102019593_NEG613588602499051608_gz_arcsinh_vis_y.jpg""}","{""0"":""https://panoptes-uploads.zooniverse.org/subject_location/d2ced102-3083-4f66-8564-1ab3954b3e06.jpeg""}",0,,,2026-02-02 07:49:09 UTC,2026-02-02 07:49:09 UTC
117260198,31802,31161,134130,"{""Filename"":""102022973_NEG607416037465576456_gz_arcsinh_vis_y.jpg""}","{""0"":""https://panoptes-uploads.zooniverse.org/subject_location/0a1d8846-45c8-4448-b033-b37f8ac70e2f.jpeg""}",0,,,2026-02-02 07:49:09 UTC,2026-02-02 07:49:09 UTC
117260199,31802,31161,134130,"{""Filename"":""102043548_NEG523937351285474641_gz_arcsinh_vis_y.jpg""}","{""0"":""https://panoptes-uploads.zooniverse.org/subject_location/af993914-da0e-4bfb-9713-954d8bd7800d.jpeg""}",0,,,2026-02-02 07:49:10 UTC,2026-02-02 07:49:10 UTC
117260200,31802,31161,134130,"{""Filename"":""102159484_2667663310665315969_gz_arcsinh_vis_y.jpg""}","{""0"":""https://panoptes-uploads.zooniverse.org/subject_location/28606ff7-6dc3-4a36-9abb-44111e8d7747.jpeg""}",0,,,2026-02-02 07:49:10 UTC,2026-02-02 07:49:10 UTC
117260201,31802,31161,134130,"{""Filename"":""102159492_2766059347664167838_gz_arcsinh_vis_y.jpg""}","{""0"":""https://panoptes-uploads.zooniverse.org/subject_location/0f1f07a6-d2e3-461c-97ac-23de83ef1a51.jpeg""}",0,,,2026-02-02 07:49:10 UTC,2026-02-02 07:49:10 UTC
117260202,31802,31161,134130,"{""Filename"":""102023984_NEG627536953456277657_gz_arcsinh_vis_y.jpg""}","{""0"":""https://panoptes-uploads.zooniverse.org/subject_location/19505a4c-3ad9-4aaf-8c3d-f2cddb7e4125.jpeg""}",0,,,2026-02-02 07:49:11 UTC,2026-02-02 07:49:11 UTC
117260203,31802,31161,134130,"{""Filename"":""102022978_NEG638989262465972396_gz_arcsinh_vis_y.jpg""}","{""0"":""https://panoptes-uploads.zooniverse.org/subject_location/51bf26ba-cd1a-413b-bb08-abf5527811e8.jpeg""}",0,,,2026-02-02 07:49:11 UTC,2026-02-02 07:49:11 UTC
117260204,31802,31161,134130,"{""Filename"":""102019591_NEG597836942498010975_gz_arcsinh_vis_y.jpg""}","{""0"":""https://panoptes-uploads.zooniverse.org/subject_location/b58d1045-d5b5-469c-a6bb-061e95ce945d.jpeg""}",0,,,2026-02-02 07:49:12 UTC,2026-02-02 07:49:12 UTC
117260205,31802,31161,134130,"{""Filename"":""102019587_NEG568067787500212277_gz_arcsinh_vis_y.jpg""}","{""0"":""https://panoptes-uploads.zooniverse.org/subject_location/59d9397e-18bc-443f-99a2-bfe9adbc6e1b.jpeg""}",0,,,2026-02-02 07:49:12 UTC,2026-02-02 07:49:12 UTC
117260206,31802,31161,134130,"{""Filename"":""102019588_NEG580361698500840568_gz_arcsinh_vis_y.jpg""}","{""0"":""https://panoptes-uploads.zooniverse.org/subject_location/48c38ac8-5cef-47f5-9c87-42624393aaed.jpeg""}",0,,,2026-02-02 07:49:13 UTC,2026-02-02 07:49:13 UTC
117260207,31802,31161,134130,"{""Filename"":""102158886_2633054855655311976_gz_arcsinh_vis_y.jpg""}","{""0"":""https://panoptes-uploads.zooniverse.org/subject_location/db46f5e6-5312-4e73-845b-d24a4b513105.jpeg""}",0,,,2026-02-02 07:49:13 UTC,2026-02-02 07:49:13 UTC
117260208,31802,31161,134130,"{""Filename"":""102160059_2704462637675873813_gz_arcsinh_vis_y.jpg""}","{""0"":""https://panoptes-uploads.zooniverse.org/subject_location/68362549-6945-4b38-b1e9-4b0d3a5cd623.jpeg""}",0,,,2026-02-02 07:49:14 UTC,2026-02-02 07:49:14 UTC
117260209,31802,31161,134130,"{""Filename"":""102021499_NEG630928433478516270_gz_arcsinh_vis_y.jpg""}","{""0"":""https://panoptes-uploads.zooniverse.org/subject_location/fbdc3922-3ded-41a9-a741-2ba0aa54b6fa.jpeg""}",0,,,2026-02-02 07:49:14 UTC,2026-02-02 07:49:14 UTC
117260210,31802,31161,134130,"{""Filename"":""102158274_2706849295645411705_gz_arcsinh_vis_y.jpg""}","{""0"":""https://panoptes-uploads.zooniverse.org/subject_location/6b296197-6517-4a68-8ffd-78e72d7d6839.jpeg""}",0,,,2026-02-02 07:49:15 UTC,2026-02-02 07:49:15 UTC
117260211,31802,31161,134130,"{""Filename"":""102158895_2745158880652930842_gz_arcsinh_vis_y.jpg""}","{""0"":""https://panoptes-uploads.zooniverse.org/subject_location/c6d84fcf-eb9c-4734-a9e0-a3358ca118ac.jpeg""}",0,,,2026-02-02 07:49:16 UTC,2026-02-02 07:49:16 UTC
117260212,31802,31161,134130,"{""Filename"":""102158888_2657150601655420338_gz_arcsinh_vis_y.jpg""}","{""0"":""https://panoptes-uploads.zooniverse.org/subject_location/d21d5063-516f-463d-b0e5-4a4ac97dca70.jpeg""}",0,,,2026-02-02 07:49:16 UTC,2026-02-02 07:49:16 UTC
117260213,31802,31161,134130,"{""Filename"":""102042915_NEG528488365289780673_gz_arcsinh_vis_y.jpg""}","{""0"":""https://panoptes-uploads.zooniverse.org/subject_location/b53e6bb0-cb64-407f-85a6-b3da4042fe80.jpeg""}",0,,,2026-02-02 07:49:17 UTC,2026-02-02 07:49:17 UTC
117260214,31802,31161,134130,"{""Filename"":""102159775_2689887847672105598_gz_arcsinh_vis_y.jpg""}","{""0"":""https://panoptes-uploads.zooniverse.org/subject_location/43e48ce3-84da-478b-a8ed-e2477e656b7f.jpeg""}",0,,,2026-02-02 07:49:17 UTC,2026-02-02 07:49:17 UTC
117260215,31802,31161,134130,"{""Filename"":""102158582_2660513997651566635_gz_arcsinh_vis_y.jpg""}","{""0"":""https://panoptes-uploads.zooniverse.org/subject_location/06ee4333-61ae-44d8-a8f2-994ac0e1ac06.jpeg""}",0,,,2026-02-02 07:49:18 UTC,2026-02-02 07:49:18 UTC
117260216,31802,31161,134130,"{""Filename"":""102022476_NEG603325504469408482_gz_arcsinh_vis_y.jpg""}","{""0"":""https://panoptes-uploads.zooniverse.org/subject_location/6ce70b45-aa41-4cc1-b2cd-abbb07d5e915.jpeg""}",0,,,2026-02-02 07:49:18 UTC,2026-02-02 07:49:18 UTC
117260217,31802,31161,134130,"{""Filename"":""102157958_2717747207640267301_gz_arcsinh_vis_y.jpg""}","{""0"":""https://panoptes-uploads.zooniverse.org/subject_location/7de66715-69d5-4cc0-867e-a89809e42f7b.jpeg""}",0,,,2026-02-02 07:49:19 UTC,2026-02-02 07:49:19 UTC
117260218,31802,31161,134130,"{""Filename"":""102045465_NEG520245754269904988_gz_arcsinh_vis_y.jpg""}","{""0"":""https://panoptes-uploads.zooniverse.org/subject_location/2a840be6-7734-46af-8b35-7a70e13b347b.jpeg""}",0,,,2026-02-02 07:49:19 UTC,2026-02-02 07:49:19 UTC
117260219,31802,31161,134130,"{""Filename"":""102042914_NEG524510883290284173_gz_arcsinh_vis_y.jpg""}","{""0"":""https://panoptes-uploads.zooniverse.org/subject_location/c359c9bd-4912-4919-9ec1-b47eb9eca81b.jpeg""}",0,,,2026-02-02 07:49:20 UTC,2026-02-02 07:49:20 UTC
117260220,31802,31161,134130,"{""Filename"":""102018668_NEG600680736508209736_gz_arcsinh_vis_y.jpg""}","{""0"":""https://panoptes-uploads.zooniverse.org/subject_location/6fb8749a-b7d4-432a-a0c2-c8dcf20d7eb3.jpeg""}",0,,,2026-02-02 07:49:20 UTC,2026-02-02 07:49:20 UTC
117260221,31802,31161,134130,"{""Filename"":""102160334_2671869608678893835_gz_arcsinh_vis_y.jpg""}","{""0"":""https://panoptes-uploads.zooniverse.org/subject_location/156137fc-c665-4042-bc3e-1d684b7d315c.jpeg""}",0,,,2026-02-02 07:49:21 UTC,2026-02-02 07:49:21 UTC
117260222,31802,31161,134130,"{""Filename"":""102044181_NEG509385013281424964_gz_arcsinh_vis_y.jpg""}","{""0"":""https://panoptes-uploads.zooniverse.org/subject_location/1061ef83-62ad-480b-9295-db1248750b58.jpeg""}",0,,,2026-02-02 07:49:21 UTC,2026-02-02 07:49:21 UTC
117260223,31802,31161,134130,"{""Filename"":""102159484_2669330108663149197_gz_arcsinh_vis_y.jpg""}","{""0"":""https://panoptes-uploads.zooniverse.org/subject_location/5382c823-8e22-41d0-8c71-53ec31ef09cd.jpeg""}",0,,,2026-02-02 07:49:21 UTC,2026-02-02 07:49:21 UTC
117260224,31802,31161,134130,"{""Filename"":""102023984_NEG631066048457084382_gz_arcsinh_vis_y.jpg""}","{""0"":""https://panoptes-uploads.zooniverse.org/subject_location/a1cddbed-6e3b-4056-a3bc-e07eaa4cf4e0.jpeg""}",0,,,2026-02-02 07:49:22 UTC,2026-02-02 07:49:22 UTC
117260225,31802,31161,134130,"{""Filename"":""102044823_NEG522128749273716862_gz_arcsinh_vis_y.jpg""}","{""0"":""https://panoptes-uploads.zooniverse.org/subject_location/02eb5491-7558-4fa7-acad-ea228a268413.jpeg""}",0,,,2026-02-02 07:49:22 UTC,2026-02-02 07:49:22 UTC
117260226,31802,31161,134130,"{""Filename"":""102158887_2650536882657152538_gz_arcsinh_vis_y.jpg""}","{""0"":""https://panoptes-uploads.zooniverse.org/subject_location/451635e4-0bb0-46ea-86cd-8c9e5a635867.jpeg""}",0,,,2026-02-02 07:49:23 UTC,2026-02-02 07:49:23 UTC
117260227,31802,31161,134130,"{""Filename"":""102159482_2640459102665940439_gz_arcsinh_vis_y.jpg""}","{""0"":""https://panoptes-uploads.zooniverse.org/subject_location/57c22b21-07ec-4934-a86b-6a836c62a0d9.jpeg""}",0,,,2026-02-02 07:49:23 UTC,2026-02-02 07:49:23 UTC
117260228,31802,31161,134130,"{""Filename"":""102018667_NEG585868160509017498_gz_arcsinh_vis_y.jpg""}","{""0"":""https://panoptes-uploads.zooniverse.org/subject_location/4fbb3daa-c3f0-40d3-9d0b-22e7897630a0.jpeg""}",0,,,2026-02-02 07:49:24 UTC,2026-02-02 07:49:24 UTC
117260229,31802,31161,134130,"{""Filename"":""102158272_2676602871645208852_gz_arcsinh_vis_y.jpg""}","{""0"":""https://panoptes-uploads.zooniverse.org/subject_location/0fe3582e-2efd-44ce-835f-4bd2a11dac38.jpeg""}",0,,,2026-02-02 07:49:24 UTC,2026-02-02 07:49:24 UTC
117260230,31802,31161,134130,"{""Filename"":""102044821_NEG509760452276129397_gz_arcsinh_vis_y.jpg""}","{""0"":""https://panoptes-uploads.zooniverse.org/subject_location/8fb59cca-de74-462c-9658-c2828a15e865.jpeg""}",0,,,2026-02-02 07:49:25 UTC,2026-02-02 07:49:25 UTC
117260231,31802,31161,134130,"{""Filename"":""102021502_NEG652124016480265360_gz_arcsinh_vis_y.jpg""}","{""0"":""https://panoptes-uploads.zooniverse.org/subject_location/e43736fb-9f63-4c2c-83ee-01b9d78f0b7a.jpeg""}",0,,,2026-02-02 07:49:25 UTC,2026-02-02 07:49:25 UTC
117260232,31802,31161,134130,"{""Filename"":""102023476_NEG613235235460774195_gz_arcsinh_vis_y.jpg""}","{""0"":""https://panoptes-uploads.zooniverse.org/subject_location/24b978f0-f145-424c-9296-c4b198223cc2.jpeg""}",0,,,2026-02-02 07:49:26 UTC,2026-02-02 07:49:26 UTC
117260233,31802,31161,134130,"{""Filename"":""102158895_2742325878654552573_gz_arcsinh_vis_y.jpg""}","{""0"":""https://panoptes-uploads.zooniverse.org/subject_location/fa2cf64b-4bbf-46b1-bc55-3e241761d4be.jpeg""}",0,,,2026-02-02 07:49:26 UTC,2026-02-02 07:49:26 UTC
117260234,31802,31161,134130,"{""Filename"":""102019589_NEG588166985501300903_gz_arcsinh_vis_y.jpg""}","{""0"":""https://panoptes-uploads.zooniverse.org/subject_location/e6853437-0edb-4da1-9f23-20cb0492c965.jpeg""}",0,,,2026-02-02 07:49:27 UTC,2026-02-02 07:49:27 UTC
117260235,31802,31161,134130,"{""Filename"":""102019590_NEG591568575499912400_gz_arcsinh_vis_y.jpg""}","{""0"":""https://panoptes-uploads.zooniverse.org/subject_location/7175e584-5dfa-4206-ad63-3f471695183f.jpeg""}",0,,,2026-02-02 07:49:27 UTC,2026-02-02 07:49:27 UTC
117260236,31802,31161,134130,"{""Filename"":""102160335_2674911657679081512_gz_arcsinh_vis_y.jpg""}","{""0"":""https://panoptes-uploads.zooniverse.org/subject_location/2f000044-2689-4a3f-a666-7de87c404c2e.jpeg""}",0,,,2026-02-02 07:49:27 UTC,2026-02-02 07:49:27 UTC
117260237,31802,31161,134130,"{""Filename"":""102159771_2643865544670781720_gz_arcsinh_vis_y.jpg""}","{""0"":""https://panoptes-uploads.zooniverse.org/subject_location/4a80b605-21a3-414d-8618-4dd653a07a6a.jpeg""}",0,,,2026-02-02 07:49:28 UTC,2026-02-02 07:49:28 UTC
117260238,31802,31161,134130,"{""Filename"":""102158591_2758659424652268242_gz_arcsinh_vis_y.jpg""}","{""0"":""https://panoptes-uploads.zooniverse.org/subject_location/df5d98e7-0022-49d0-8da1-575aa7e99336.jpeg""}",0,,,2026-02-02 07:49:28 UTC,2026-02-02 07:49:28 UTC
117260239,31802,31161,134130,"{""Filename"":""102045465_NEG517819731268311135_gz_arcsinh_vis_y.jpg""}","{""0"":""https://panoptes-uploads.zooniverse.org/subject_location/b06066a1-2f58-49cd-9c26-25ef5bcdf14c.jpeg""}",0,,,2026-02-02 07:49:29 UTC,2026-02-02 07:49:29 UTC
117260240,31802,31161,134130,"{""Filename"":""102158888_2661341564654076191_gz_arcsinh_vis_y.jpg""}","{""0"":""https://panoptes-uploads.zooniverse.org/subject_location/c63a6359-bc15-4d0d-98da-109cc50671b8.jpeg""}",0,,,2026-02-02 07:49:29 UTC,2026-02-02 07:49:29 UTC
117260241,31802,31161,134130,"{""Filename"":""102022974_NEG609675060465477446_gz_arcsinh_vis_y.jpg""}","{""0"":""https://panoptes-uploads.zooniverse.org/subject_location/53be7f83-82fe-431f-b0a8-1a082d57fd15.jpeg""}",0,,,2026-02-02 07:49:30 UTC,2026-02-02 07:49:30 UTC
117260242,31802,31161,134130,"{""Filename"":""102021493_NEG587498430479841205_gz_arcsinh_vis_y.jpg""}","{""0"":""https://panoptes-uploads.zooniverse.org/subject_location/dd3d0c98-8a9a-490e-9653-e28390d63d51.jpeg""}",0,,,2026-02-02 07:49:30 UTC,2026-02-02 07:49:30 UTC
117260243,31802,31161,134130,"{""Filename"":""102045467_NEG533362169268153923_gz_arcsinh_vis_y.jpg""}","{""0"":""https://panoptes-uploads.zooniverse.org/subject_location/14e61f8f-5622-454a-961f-82fc251074dc.jpeg""}",0,,,2026-02-02 07:49:31 UTC,2026-02-02 07:49:31 UTC
117260244,31802,31161,134130,"{""Filename"":""102160062_2737923537674326667_gz_arcsinh_vis_y.jpg""}","{""0"":""https://panoptes-uploads.zooniverse.org/subject_location/f0c06e94-b2da-4dd3-a699-a92517407553.jpeg""}",0,,,2026-02-02 07:49:31 UTC,2026-02-02 07:49:31 UTC
117260245,31802,31161,134130,"{""Filename"":""102157630_2664764915637018297_gz_arcsinh_vis_y.jpg""}","{""0"":""https://panoptes-uploads.zooniverse.org/subject_location/f672ca40-892d-4c65-a9d1-c1ecd91bc967.jpeg""}",0,,,2026-02-02 07:49:32 UTC,2026-02-02 07:49:32 UTC
117260246,31802,31161,134130,"{""Filename"":""102019591_NEG597215441501398957_gz_arcsinh_vis_y.jpg""}","{""0"":""https://panoptes-uploads.zooniverse.org/subject_location/9268ee5c-cc08-42cd-b4a7-2a30fce062e5.jpeg""}",0,,,2026-02-02 07:49:32 UTC,2026-02-02 07:49:32 UTC
117260247,31802,31161,134130,"{""Filename"":""102157954_2675110339638622120_gz_arcsinh_vis_y.jpg""}","{""0"":""https://panoptes-uploads.zooniverse.org/subject_location/adf8fade-537e-45c0-913d-e66b12aee379.jpeg""}",0,,,2026-02-02 07:49:33 UTC,2026-02-02 07:49:33 UTC
117260248,31802,31161,134130,"{""Filename"":""102021490_NEG565602952481196224_gz_arcsinh_vis_y.jpg""}","{""0"":""https://panoptes-uploads.zooniverse.org/subject_location/9bafcab1-f028-410f-af78-af3bc2283a7f.jpeg""}",0,,,2026-02-02 07:49:33 UTC,2026-02-02 07:49:33 UTC
117260249,31802,31161,134130,"{""Filename"":""102018213_NEG593331441512936546_gz_arcsinh_vis_y.jpg""}","{""0"":""https://panoptes-uploads.zooniverse.org/subject_location/4b2e4379-ad08-42f6-8c02-794be43a1572.jpeg""}",0,,,2026-02-02 07:49:34 UTC,2026-02-02 07:49:34 UTC
117260250,31802,31161,134130,"{""Filename"":""102022978_NEG639053631465668077_gz_arcsinh_vis_y.jpg""}","{""0"":""https://panoptes-uploads.zooniverse.org/subject_location/f43bfd56-25f8-45d0-9775-d81d87db7378.jpeg""}",0,,,2026-02-02 07:49:34 UTC,2026-02-02 07:49:34 UTC
117260251,31802,31161,134130,"{""Filename"":""102045467_NEG531224404267896377_gz_arcsinh_vis_y.jpg""}","{""0"":""https://panoptes-uploads.zooniverse.org/subject_location/70c77e34-a9ed-4a46-a83f-461480f84e31.jpeg""}",0,,,2026-02-02 07:49:34 UTC,2026-02-02 07:49:34 UTC
117260252,31802,31161,134130,"{""Filename"":""102022979_NEG646069784467156361_gz_arcsinh_vis_y.jpg""}","{""0"":""https://panoptes-uploads.zooniverse.org/subject_location/9430aeef-4bae-438c-8ed7-32105bb6be1d.jpeg""}",0,,,2026-02-02 07:49:35 UTC,2026-02-02 07:49:35 UTC
117260253,31802,31161,134130,"{""Filename"":""102021020_NEG654629299483972293_gz_arcsinh_vis_y.jpg""}","{""0"":""https://panoptes-uploads.zooniverse.org/subject_location/705099bd-135e-48b2-8423-691910abb3d1.jpeg""}",0,,,2026-02-02 07:49:35 UTC,2026-02-02 07:49:35 UTC
117260254,31802,31161,134130,"{""Filename"":""102021991_NEG660440866476977600_gz_arcsinh_vis_y.jpg""}","{""0"":""https://panoptes-uploads.zooniverse.org/subject_location/34364310-39c6-4d64-8bbf-dee079fe2877.jpeg""}",0,,,2026-02-02 07:49:36 UTC,2026-02-02 07:49:36 UTC
117260255,31802,31161,134130,"{""Filename"":""102021011_NEG590106837486485554_gz_arcsinh_vis_y.jpg""}","{""0"":""https://panoptes-uploads.zooniverse.org/subject_location/e0012c73-b6aa-4950-91bf-c0511dfbc8f5.jpeg""}",0,,,2026-02-02 07:49:36 UTC,2026-02-02 07:49:36 UTC
117260256,31802,31161,134130,"{""Filename"":""102022478_NEG618808325471260045_gz_arcsinh_vis_y.jpg""}","{""0"":""https://panoptes-uploads.zooniverse.org/subject_location/9e2b3d94-0677-4db2-bd8b-777b5369eb5a.jpeg""}",0,,,2026-02-02 07:49:37 UTC,2026-02-02 07:49:37 UTC
117260257,31802,31161,134130,"{""Filename"":""102157958_2727432463639636678_gz_arcsinh_vis_y.jpg""}","{""0"":""https://panoptes-uploads.zooniverse.org/subject_location/e6d08275-f0f1-462a-9f38-4253b167c3c5.jpeg""}",0,,,2026-02-02 07:49:37 UTC,2026-02-02 07:49:37 UTC
117260258,31802,31161,134130,"{""Filename"":""102020061_NEG613105525493621352_gz_arcsinh_vis_y.jpg""}","{""0"":""https://panoptes-uploads.zooniverse.org/subject_location/c4eaa296-cac7-41cd-930f-4d80c3954fba.jpeg""}",0,,,2026-02-02 07:49:38 UTC,2026-02-02 07:49:38 UTC
117260259,31802,31161,134130,"{""Filename"":""102022482_NEG649334349469571555_gz_arcsinh_vis_y.jpg""}","{""0"":""https://panoptes-uploads.zooniverse.org/subject_location/559c63e9-f060-4411-919c-838b1675e061.jpeg""}",0,,,2026-02-02 07:49:38 UTC,2026-02-02 07:49:38 UTC
117260260,31802,31161,134130,"{""Filename"":""102157954_2682895341641206092_gz_arcsinh_vis_y.jpg""}","{""0"":""https://panoptes-uploads.zooniverse.org/subject_location/16ef2924-e862-4f07-a9cf-40dfa99813d0.jpeg""}",0,,,2026-02-02 07:49:39 UTC,2026-02-02 07:49:39 UTC
117260261,31802,31161,134130,"{""Filename"":""102158891_2701757053653818402_gz_arcsinh_vis_y.jpg""}","{""0"":""https://panoptes-uploads.zooniverse.org/subject_location/fca8c9e4-f6d2-4cfb-8112-4c0a05231ced.jpeg""}",0,,,2026-02-02 07:49:39 UTC,2026-02-02 07:49:39 UTC
117260262,31802,31161,134130,"{""Filename"":""102022977_NEG634120161465489355_gz_arcsinh_vis_y.jpg""}","{""0"":""https://panoptes-uploads.zooniverse.org/subject_location/57cd0509-7513-45c2-9d98-1a64db913435.jpeg""}",0,,,2026-02-02 07:49:40 UTC,2026-02-02 07:49:40 UTC
117260263,31802,31161,134130,"{""Filename"":""102021010_NEG584469312483675364_gz_arcsinh_vis_y.jpg""}","{""0"":""https://panoptes-uploads.zooniverse.org/subject_location/49aa305b-61b8-4646-abff-803d31f6f41b.jpeg""}",0,,,2026-02-02 07:49:40 UTC,2026-02-02 07:49:40 UTC
117260264,31802,31161,134130,"{""Filename"":""102020530_NEG574263194487867756_gz_arcsinh_vis_y.jpg""}","{""0"":""https://panoptes-uploads.zooniverse.org/subject_location/15e478c9-63c9-4c88-874f-9404016645a7.jpeg""}",0,,,2026-02-02 07:49:41 UTC,2026-02-02 07:49:41 UTC
117260265,31802,31161,134130,"{""Filename"":""102160060_2711664411676678014_gz_arcsinh_vis_y.jpg""}","{""0"":""https://panoptes-uploads.zooniverse.org/subject_location/54794156-3a6b-4190-94e7-13884153e175.jpeg""}",0,,,2026-02-02 07:49:41 UTC,2026-02-02 07:49:41 UTC
117260266,31802,31161,134130,"{""Filename"":""102158274_2706073633645352665_gz_arcsinh_vis_y.jpg""}","{""0"":""https://panoptes-uploads.zooniverse.org/subject_location/e3699976-b457-4513-8bbc-4cbc35768594.jpeg""}",0,,,2026-02-02 07:49:42 UTC,2026-02-02 07:49:42 UTC
117260267,31802,31161,134130,"{""Filename"":""102021985_NEG615692713477235695_gz_arcsinh_vis_y.jpg""}","{""0"":""https://panoptes-uploads.zooniverse.org/subject_location/7470cb54-ddc9-4a09-946f-0bc2b1f44c16.jpeg""}",0,,,2026-02-02 07:49:42 UTC,2026-02-02 07:49:42 UTC
117260268,31802,31161,134130,"{""Filename"":""102020063_NEG621401363495277100_gz_arcsinh_vis_y.jpg""}","{""0"":""https://panoptes-uploads.zooniverse.org/subject_location/197a8454-a64c-4006-bcb0-e837f39d234f.jpeg""}",0,,,2026-02-02 07:49:43 UTC,2026-02-02 07:49:43 UTC
117260269,31802,31161,134130,"{""Filename"":""102022474_NEG590768469471403354_gz_arcsinh_vis_y.jpg""}","{""0"":""https://panoptes-uploads.zooniverse.org/subject_location/42b097ee-7a35-4631-a401-5d381c836b1d.jpeg""}",0,,,2026-02-02 07:49:43 UTC,2026-02-02 07:49:43 UTC
117260270,31802,31161,134130,"{""Filename"":""102021013_NEG602386381485129890_gz_arcsinh_vis_y.jpg""}","{""0"":""https://panoptes-uploads.zooniverse.org/subject_location/89be6eab-eb27-475b-8901-57d5fc5bdc6d.jpeg""}",0,,,2026-02-02 07:49:44 UTC,2026-02-02 07:49:44 UTC
117260271,31802,31161,134130,"{""Filename"":""102158584_2679940634649177266_gz_arcsinh_vis_y.jpg""}","{""0"":""https://panoptes-uploads.zooniverse.org/subject_location/3e88731d-9e8c-41cd-932c-81487c9bbffb.jpeg""}",0,,,2026-02-02 07:49:44 UTC,2026-02-02 07:49:44 UTC
117260272,31802,31161,134130,"{""Filename"":""102021012_NEG600134197482614240_gz_arcsinh_vis_y.jpg""}","{""0"":""https://panoptes-uploads.zooniverse.org/subject_location/0e50f971-0b03-4a2d-bba4-51776fca5dba.jpeg""}",0,,,2026-02-02 07:49:45 UTC,2026-02-02 07:49:45 UTC
117260273,31802,31161,134130,"{""Filename"":""102159483_2659112135663296396_gz_arcsinh_vis_y.jpg""}","{""0"":""https://panoptes-uploads.zooniverse.org/subject_location/f161fe94-2431-4ba9-a097-bfc3bcd8a7ed.jpeg""}",0,,,2026-02-02 07:49:45 UTC,2026-02-02 07:49:45 UTC
117260274,31802,31161,134130,"{""Filename"":""102020530_NEG571113931487792946_gz_arcsinh_vis_y.jpg""}","{""0"":""https://panoptes-uploads.zooniverse.org/subject_location/37f84a2e-8ab3-4bd4-85dc-cd61c1e648de.jpeg""}",0,,,2026-02-02 07:49:46 UTC,2026-02-02 07:49:46 UTC
117260275,31802,31161,134130,"{""Filename"":""102158273_2690526880646819274_gz_arcsinh_vis_y.jpg""}","{""0"":""https://panoptes-uploads.zooniverse.org/subject_location/1c8b6f22-2428-4539-81db-f9b54aec5332.jpeg""}",0,,,2026-02-02 07:49:46 UTC,2026-02-02 07:49:46 UTC
117260276,31802,31161,134130,"{""Filename"":""102159487_2701438811664580246_gz_arcsinh_vis_y.jpg""}","{""0"":""https://panoptes-uploads.zooniverse.org/subject_location/ce7b6727-aeca-4531-a0ec-dd453da9b93c.jpeg""}",0,,,2026-02-02 07:49:47 UTC,2026-02-02 07:49:47 UTC
117260277,31802,31161,134130,"{""Filename"":""102020062_NEG615463192496332536_gz_arcsinh_vis_y.jpg""}","{""0"":""https://panoptes-uploads.zooniverse.org/subject_location/b459c37b-337a-48b9-9df2-d483ae927b5e.jpeg""}",0,,,2026-02-02 07:49:47 UTC,2026-02-02 07:49:47 UTC
117260278,31802,31161,134130,"{""Filename"":""102021990_NEG649052778472829716_gz_arcsinh_vis_y.jpg""}","{""0"":""https://panoptes-uploads.zooniverse.org/subject_location/6637ee06-1ab9-4dd8-ae8e-8cd49585d1bf.jpeg""}",0,,,2026-02-02 07:49:48 UTC,2026-02-02 07:49:48 UTC
117260279,31802,31161,134130,"{""Filename"":""102158591_2759847326650722648_gz_arcsinh_vis_y.jpg""}","{""0"":""https://panoptes-uploads.zooniverse.org/subject_location/35bb3926-ebfa-4378-a5be-99d6d4d92ab0.jpeg""}",0,,,2026-02-02 07:49:48 UTC,2026-02-02 07:49:48 UTC
117260280,31802,31161,134130,"{""Filename"":""102021992_NEG663746329475762795_gz_arcsinh_vis_y.jpg""}","{""0"":""https://panoptes-uploads.zooniverse.org/subject_location/b2b51224-c6f3-4a4d-8df4-769e8b9d89c2.jpeg""}",0,,,2026-02-02 07:49:49 UTC,2026-02-02 07:49:49 UTC
117260281,31802,31161,134130,"{""Filename"":""102019586_NEG563307761499468058_gz_arcsinh_vis_y.jpg""}","{""0"":""https://panoptes-uploads.zooniverse.org/subject_location/98594f85-310a-40b0-a324-325a04a8f3ce.jpeg""}",0,,,2026-02-02 07:49:49 UTC,2026-02-02 07:49:49 UTC
117260282,31802,31161,134130,"{""Filename"":""102158892_2705341272652897098_gz_arcsinh_vis_y.jpg""}","{""0"":""https://panoptes-uploads.zooniverse.org/subject_location/146eb917-e9f8-437e-ac71-761e4e7f092e.jpeg""}",0,,,2026-02-02 07:49:49 UTC,2026-02-02 07:49:49 UTC
117260283,31802,31161,134130,"{""Filename"":""102021018_NEG642893301483174888_gz_arcsinh_vis_y.jpg""}","{""0"":""https://panoptes-uploads.zooniverse.org/subject_location/25d094d7-57e1-43cd-a05b-72eb232e0bb8.jpeg""}",0,,,2026-02-02 07:49:50 UTC,2026-02-02 07:49:50 UTC
117260284,31802,31161,134130,"{""Filename"":""102160612_2743901826683719945_gz_arcsinh_vis_y.jpg""}","{""0"":""https://panoptes-uploads.zooniverse.org/subject_location/89f57d91-0943-476d-ae2b-a78e2d1502c0.jpeg""}",0,,,2026-02-02 07:49:50 UTC,2026-02-02 07:49:50 UTC
117260285,31802,31161,134130,"{""Filename"":""102159484_2672882434663473926_gz_arcsinh_vis_y.jpg""}","{""0"":""https://panoptes-uploads.zooniverse.org/subject_location/a7c0134f-db0a-4308-b114-043d4021f5ae.jpeg""}",0,,,2026-02-02 07:49:51 UTC,2026-02-02 07:49:51 UTC
117260286,31802,31161,134130,"{""Filename"":""102020054_NEG553976167496982865_gz_arcsinh_vis_y.jpg""}","{""0"":""https://panoptes-uploads.zooniverse.org/subject_location/1e114f83-108b-4e81-9266-f08a1e201eca.jpeg""}",0,,,2026-02-02 07:49:51 UTC,2026-02-02 07:49:51 UTC
117260287,31802,31161,134130,"{""Filename"":""102022975_NEG616570212462587081_gz_arcsinh_vis_y.jpg""}","{""0"":""https://panoptes-uploads.zooniverse.org/subject_location/aec74d8b-6164-427b-87bd-bee0447e9354.jpeg""}",0,,,2026-02-02 07:49:52 UTC,2026-02-02 07:49:52 UTC
117260288,31802,31161,134130,"{""Filename"":""102022475_NEG596080664470518935_gz_arcsinh_vis_y.jpg""}","{""0"":""https://panoptes-uploads.zooniverse.org/subject_location/9940e432-9905-466e-b42c-94c9e9134829.jpeg""}",0,,,2026-02-02 07:49:52 UTC,2026-02-02 07:49:52 UTC
117260289,31802,31161,134130,"{""Filename"":""102160334_2670034572681276540_gz_arcsinh_vis_y.jpg""}","{""0"":""https://panoptes-uploads.zooniverse.org/subject_location/ef0982af-ebee-465f-8bdf-e320e1a2bb85.jpeg""}",0,,,2026-02-02 07:49:53 UTC,2026-02-02 07:49:53 UTC
117260290,31802,31161,134130,"{""Filename"":""102021016_NEG624261938484862285_gz_arcsinh_vis_y.jpg""}","{""0"":""https://panoptes-uploads.zooniverse.org/subject_location/7af00d3c-719d-4988-88e7-eb8c96094185.jpeg""}",0,,,2026-02-02 07:49:53 UTC,2026-02-02 07:49:53 UTC
117260291,31802,31161,134130,"{""Filename"":""102044182_NEG514659237278799127_gz_arcsinh_vis_y.jpg""}","{""0"":""https://panoptes-uploads.zooniverse.org/subject_location/0d0ad304-1ef3-4096-9582-a3d63b0c248f.jpeg""}",0,,,2026-02-02 07:49:54 UTC,2026-02-02 07:49:54 UTC
117260292,31802,31161,134130,"{""Filename"":""102160609_2714722830685586060_gz_arcsinh_vis_y.jpg""}","{""0"":""https://panoptes-uploads.zooniverse.org/subject_location/ffb6c55b-f508-4173-b3a7-8bb81329239b.jpeg""}",0,,,2026-02-02 07:49:54 UTC,2026-02-02 07:49:54 UTC
117260293,31802,31161,134130,"{""Filename"":""102021018_NEG639305395482685548_gz_arcsinh_vis_y.jpg""}","{""0"":""https://panoptes-uploads.zooniverse.org/subject_location/9415d574-a91d-476c-8cc5-a4bda11dd8aa.jpeg""}",0,,,2026-02-02 07:49:55 UTC,2026-02-02 07:49:55 UTC
117260294,31802,31161,134130,"{""Filename"":""102044827_NEG545793139275376674_gz_arcsinh_vis_y.jpg""}","{""0"":""https://panoptes-uploads.zooniverse.org/subject_location/defa11fa-c8b6-4e98-abc1-40c1ad97b0b1.jpeg""}",0,,,2026-02-02 07:49:55 UTC,2026-02-02 07:49:55 UTC
117260295,31802,31161,134130,"{""Filename"":""102021492_NEG579390193481368150_gz_arcsinh_vis_y.jpg""}","{""0"":""https://panoptes-uploads.zooniverse.org/subject_location/2062d090-896c-4825-b6c6-35d0817d5630.jpeg""}",0,,,2026-02-02 07:49:56 UTC,2026-02-02 07:49:56 UTC
117260296,31802,31161,134130,"{""Filename"":""102158893_2721702937652579310_gz_arcsinh_vis_y.jpg""}","{""0"":""https://panoptes-uploads.zooniverse.org/subject_location/1ad7ac7d-ea87-4567-ae24-7d0aee5dfe2e.jpeg""}",0,,,2026-02-02 07:49:56 UTC,2026-02-02 07:49:56 UTC
117260297,31802,31161,134130,"{""Filename"":""102044182_NEG515179104282178447_gz_arcsinh_vis_y.jpg""}","{""0"":""https://panoptes-uploads.zooniverse.org/subject_location/620c221b-e3f2-491a-94e6-c6fbaf5ae253.jpeg""}",0,,,2026-02-02 07:49:57 UTC,2026-02-02 07:49:57 UTC
117260298,31802,31161,134130,"{""Filename"":""102158893_2726225794654246738_gz_arcsinh_vis_y.jpg""}","{""0"":""https://panoptes-uploads.zooniverse.org/subject_location/043d0017-ce6c-4c96-a689-9b05049dbb57.jpeg""}",0,,,2026-02-02 07:49:57 UTC,2026-02-02 07:49:57 UTC
117260299,31802,31161,134130,"{""Filename"":""102020532_NEG586895901490632790_gz_arcsinh_vis_y.jpg""}","{""0"":""https://panoptes-uploads.zooniverse.org/subject_location/ace81cd6-d169-4491-95fb-bbd17a833818.jpeg""}",0,,,2026-02-02 07:49:58 UTC,2026-02-02 07:49:58 UTC
117260300,31802,31161,134130,"{""Filename"":""102020535_NEG613099695489416285_gz_arcsinh_vis_y.jpg""}","{""0"":""https://panoptes-uploads.zooniverse.org/subject_location/217a1f74-a61d-464b-b6d1-00d20c4942e0.jpeg""}",0,,,2026-02-02 07:49:58 UTC,2026-02-02 07:49:58 UTC
117260301,31802,31161,134130,"{""Filename"":""102158584_2681163874650488067_gz_arcsinh_vis_y.jpg""}","{""0"":""https://panoptes-uploads.zooniverse.org/subject_location/7b9dd3c0-b3f1-4d2a-9c79-757caad359bf.jpeg""}",0,,,2026-02-02 07:49:59 UTC,2026-02-02 07:49:59 UTC
117260302,31802,31161,134130,"{""Filename"":""102021017_NEG638359599486722579_gz_arcsinh_vis_y.jpg""}","{""0"":""https://panoptes-uploads.zooniverse.org/subject_location/7432d02b-3f1e-4ed3-9d7c-fddd1662ce08.jpeg""}",0,,,2026-02-02 07:49:59 UTC,2026-02-02 07:49:59 UTC
117260303,31802,31161,134130,"{""Filename"":""102023481_NEG649280558460040618_gz_arcsinh_vis_y.jpg""}","{""0"":""https://panoptes-uploads.zooniverse.org/subject_location/3a417a0e-c62e-4f1a-ae32-c6da669a6859.jpeg""}",0,,,2026-02-02 07:50:00 UTC,2026-02-02 07:50:00 UTC
117260304,31802,31161,134130,"{""Filename"":""102158895_2743745479657376804_gz_arcsinh_vis_y.jpg""}","{""0"":""https://panoptes-uploads.zooniverse.org/subject_location/33851830-b7a8-47c7-a60a-68e7746ecb13.jpeg""}",0,,,2026-02-02 07:50:00 UTC,2026-02-02 07:50:00 UTC
117260305,31802,31161,134130,"{""Filename"":""102160338_2714632392679672650_gz_arcsinh_vis_y.jpg""}","{""0"":""https://panoptes-uploads.zooniverse.org/subject_location/96576bce-1357-4704-be45-f59cbc080ef7.jpeg""}",0,,,2026-02-02 07:50:00 UTC,2026-02-02 07:50:00 UTC
117260306,31802,31161,134130,"{""Filename"":""102019588_NEG577757963501360895_gz_arcsinh_vis_y.jpg""}","{""0"":""https://panoptes-uploads.zooniverse.org/subject_location/1314b2e2-1033-4abf-80b7-e7d3b319a7e4.jpeg""}",0,,,2026-02-02 07:50:01 UTC,2026-02-02 07:50:01 UTC
117260307,31802,31161,134130,"{""Filename"":""102019594_NEG624965481500503189_gz_arcsinh_vis_y.jpg""}","{""0"":""https://panoptes-uploads.zooniverse.org/subject_location/b1f643f4-091f-4452-9bd0-7abde15fb25a.jpeg""}",0,,,2026-02-02 07:50:01 UTC,2026-02-02 07:50:01 UTC
117260308,31802,31161,134130,"{""Filename"":""102159192_2700420920662197387_gz_arcsinh_vis_y.jpg""}","{""0"":""https://panoptes-uploads.zooniverse.org/subject_location/d5394e3f-538b-4dd0-9c2e-2240bd7c23a7.jpeg""}",0,,,2026-02-02 07:50:02 UTC,2026-02-02 07:50:02 UTC
117260309,31802,31161,134130,"{""Filename"":""102019594_NEG622355175497904454_gz_arcsinh_vis_y.jpg""}","{""0"":""https://panoptes-uploads.zooniverse.org/subject_location/6d83f3ae-8100-4588-badf-274ad7857ce1.jpeg""}",0,,,2026-02-02 07:50:02 UTC,2026-02-02 07:50:02 UTC
117260310,31802,31161,134130,"{""Filename"":""102021013_NEG605802480487234091_gz_arcsinh_vis_y.jpg""}","{""0"":""https://panoptes-uploads.zooniverse.org/subject_location/ca93bb53-ebe3-44d7-b62b-f0a4b95b367c.jpeg""}",0,,,2026-02-02 07:50:03 UTC,2026-02-02 07:50:03 UTC
117260311,31802,31161,134130,"{""Filename"":""102021491_NEG568431382481319807_gz_arcsinh_vis_y.jpg""}","{""0"":""https://panoptes-uploads.zooniverse.org/subject_location/f2f61f9c-b18d-4398-a6c2-fb679448b3d0.jpeg""}",0,,,2026-02-02 07:50:03 UTC,2026-02-02 07:50:03 UTC
117260312,31802,31161,134130,"{""Filename"":""102046110_NEG516964768266115841_gz_arcsinh_vis_y.jpg""}","{""0"":""https://panoptes-uploads.zooniverse.org/subject_location/54d0a1a8-b114-4c29-9895-9799161ce835.jpeg""}",0,,,2026-02-02 07:50:04 UTC,2026-02-02 07:50:04 UTC
117260313,31802,31161,134130,"{""Filename"":""102020528_NEG554960608489616682_gz_arcsinh_vis_y.jpg""}","{""0"":""https://panoptes-uploads.zooniverse.org/subject_location/ca7fd254-58e4-4081-a0aa-da2badb42bd3.jpeg""}",0,,,2026-02-02 07:50:04 UTC,2026-02-02 07:50:04 UTC
117260314,31802,31161,134130,"{""Filename"":""102157954_2680537145640684069_gz_arcsinh_vis_y.jpg""}","{""0"":""https://panoptes-uploads.zooniverse.org/subject_location/082b96c3-663b-4475-a985-ac0f6767c729.jpeg""}",0,,,2026-02-02 07:50:05 UTC,2026-02-02 07:50:05 UTC
117260315,31802,31161,134130,"{""Filename"":""102158274_2702757696645020750_gz_arcsinh_vis_y.jpg""}","{""0"":""https://panoptes-uploads.zooniverse.org/subject_location/46f1b3b6-6606-40fe-992e-3693edfdd614.jpeg""}",0,,,2026-02-02 07:50:05 UTC,2026-02-02 07:50:05 UTC
117260316,31802,31161,134130,"{""Filename"":""102044182_NEG514662294282034196_gz_arcsinh_vis_y.jpg""}","{""0"":""https://panoptes-uploads.zooniverse.org/subject_location/d37f220d-6bba-4489-afd7-f64129d2c31d.jpeg""}",0,,,2026-02-02 07:50:06 UTC,2026-02-02 07:50:06 UTC
117260317,31802,31161,134130,"{""Filename"":""102157631_2677692225635833251_gz_arcsinh_vis_y.jpg""}","{""0"":""https://panoptes-uploads.zooniverse.org/subject_location/ac909a45-b94f-48fe-8efc-7d8c7a66e41c.jpeg""}",0,,,2026-02-02 07:50:06 UTC,2026-02-02 07:50:06 UTC
117260318,31802,31161,134130,"{""Filename"":""102022481_NEG637669766469347113_gz_arcsinh_vis_y.jpg""}","{""0"":""https://panoptes-uploads.zooniverse.org/subject_location/b9bd9ecb-99e1-4f1d-9c52-bb30b2809204.jpeg""}",0,,,2026-02-02 07:50:07 UTC,2026-02-02 07:50:07 UTC
117260319,31802,31161,134130,"{""Filename"":""102021493_NEG582292014479660578_gz_arcsinh_vis_y.jpg""}","{""0"":""https://panoptes-uploads.zooniverse.org/subject_location/691fc86d-3326-4334-a17e-7a383d65ab6b.jpeg""}",0,,,2026-02-02 07:50:07 UTC,2026-02-02 07:50:07 UTC
117260320,31802,31161,134130,"{""Filename"":""102158888_2667223436655195313_gz_arcsinh_vis_y.jpg""}","{""0"":""https://panoptes-uploads.zooniverse.org/subject_location/216a1ef4-9546-4bee-a61c-c1f806c0bd9f.jpeg""}",0,,,2026-02-02 07:50:08 UTC,2026-02-02 07:50:08 UTC
117260321,31802,31161,134130,"{""Filename"":""102022477_NEG609163249470624831_gz_arcsinh_vis_y.jpg""}","{""0"":""https://panoptes-uploads.zooniverse.org/subject_location/c700b4f0-cf93-4ec6-8a07-a6aa5260106b.jpeg""}",0,,,2026-02-02 07:50:08 UTC,2026-02-02 07:50:08 UTC
117260322,31802,31161,134130,"{""Filename"":""102019591_NEG603655942502500410_gz_arcsinh_vis_y.jpg""}","{""0"":""https://panoptes-uploads.zooniverse.org/subject_location/ec561ef5-4241-4d9c-9703-e8c5375c48d8.jpeg""}",0,,,2026-02-02 07:50:09 UTC,2026-02-02 07:50:09 UTC
117260323,31802,31161,134130,"{""Filename"":""102019588_NEG576928699498750224_gz_arcsinh_vis_y.jpg""}","{""0"":""https://panoptes-uploads.zooniverse.org/subject_location/3defb254-ead6-469b-a4ec-4aed14c04f58.jpeg""}",0,,,2026-02-02 07:50:09 UTC,2026-02-02 07:50:09 UTC
117260324,31802,31161,134130,"{""Filename"":""102044189_NEG550921142281411527_gz_arcsinh_vis_y.jpg""}","{""0"":""https://panoptes-uploads.zooniverse.org/subject_location/6b29cbe0-d2d7-49c2-a23d-3abd3d9482a4.jpeg""}",0,,,2026-02-02 07:50:10 UTC,2026-02-02 07:50:10 UTC
117260325,31802,31161,134130,"{""Filename"":""102022480_NEG630617770470102892_gz_arcsinh_vis_y.jpg""}","{""0"":""https://panoptes-uploads.zooniverse.org/subject_location/58955e1a-7811-4799-a26c-c39f813c5c49.jpeg""}",0,,,2026-02-02 07:50:10 UTC,2026-02-02 07:50:10 UTC
117260326,31802,31161,134130,"{""Filename"":""102020063_NEG621332674494934719_gz_arcsinh_vis_y.jpg""}","{""0"":""https://panoptes-uploads.zooniverse.org/subject_location/4878bf4f-91ee-475c-a744-db94e764640f.jpeg""}",0,,,2026-02-02 07:50:11 UTC,2026-02-02 07:50:11 UTC
117260327,31802,31161,134130,"{""Filename"":""102021987_NEG628767865477437400_gz_arcsinh_vis_y.jpg""}","{""0"":""https://panoptes-uploads.zooniverse.org/subject_location/a622b732-ecc8-4988-94a0-99bad92d8c04.jpeg""}",0,,,2026-02-02 07:50:11 UTC,2026-02-02 07:50:11 UTC
117260328,31802,31161,134130,"{""Filename"":""102046113_NEG534910234267319223_gz_arcsinh_vis_y.jpg""}","{""0"":""https://panoptes-uploads.zooniverse.org/subject_location/2d6f8b24-49a4-4714-b494-46a52283efc5.jpeg""}",0,,,2026-02-02 07:50:11 UTC,2026-02-02 07:50:11 UTC
117260329,31802,31161,134130,"{""Filename"":""102157953_2670214218641538193_gz_arcsinh_vis_y.jpg""}","{""0"":""https://panoptes-uploads.zooniverse.org/subject_location/242f19a6-6049-4b68-81d6-28a9076883a5.jpeg""}",0,,,2026-02-02 07:50:12 UTC,2026-02-02 07:50:12 UTC
117260330,31802,31161,134130,"{""Filename"":""102046114_NEG542128908265592630_gz_arcsinh_vis_y.jpg""}","{""0"":""https://panoptes-uploads.zooniverse.org/subject_location/d2c9ca41-27a1-43d9-a05b-206b29b81b1b.jpeg""}",0,,,2026-02-02 07:50:12 UTC,2026-02-02 07:50:12 UTC
117260331,31802,31161,134130,"{""Filename"":""102157956_2706018195637802046_gz_arcsinh_vis_y.jpg""}","{""0"":""https://panoptes-uploads.zooniverse.org/subject_location/a8d4423e-3f5b-4e44-a63f-5cb73259844a.jpeg""}",0,,,2026-02-02 07:50:13 UTC,2026-02-02 07:50:13 UTC
117260332,31802,31161,134130,"{""Filename"":""102021982_NEG594709017474803028_gz_arcsinh_vis_y.jpg""}","{""0"":""https://panoptes-uploads.zooniverse.org/subject_location/5c03fe0e-5d5b-4177-b246-6cba9c751939.jpeg""}",0,,,2026-02-02 07:50:13 UTC,2026-02-02 07:50:13 UTC
117260333,31802,31161,134130,"{""Filename"":""102043547_NEG520086867284011014_gz_arcsinh_vis_y.jpg""}","{""0"":""https://panoptes-uploads.zooniverse.org/subject_location/0643de6a-f763-4d44-bc78-6805106cc18f.jpeg""}",0,,,2026-02-02 07:50:14 UTC,2026-02-02 07:50:14 UTC
117260334,31802,31161,134130,"{""Filename"":""102021017_NEG638075039486336635_gz_arcsinh_vis_y.jpg""}","{""0"":""https://panoptes-uploads.zooniverse.org/subject_location/43ea99d0-8d06-48a1-988d-537bb41fc9f9.jpeg""}",0,,,2026-02-02 07:50:14 UTC,2026-02-02 07:50:14 UTC
117260335,31802,31161,134130,"{""Filename"":""102021500_NEG634779366480897847_gz_arcsinh_vis_y.jpg""}","{""0"":""https://panoptes-uploads.zooniverse.org/subject_location/b9ee522d-1f9d-4fc0-b918-09746fc772ec.jpeg""}",0,,,2026-02-02 07:50:15 UTC,2026-02-02 07:50:15 UTC
117260336,31802,31161,134130,"{""Filename"":""102021007_NEG560562852485790718_gz_arcsinh_vis_y.jpg""}","{""0"":""https://panoptes-uploads.zooniverse.org/subject_location/9cd7c63d-0acd-4e24-9a45-cd4fb141376a.jpeg""}",0,,,2026-02-02 07:50:15 UTC,2026-02-02 07:50:15 UTC
117260337,31802,31161,134130,"{""Filename"":""102160876_2734535991687898092_gz_arcsinh_vis_y.jpg""}","{""0"":""https://panoptes-uploads.zooniverse.org/subject_location/39499ea2-0ed7-46d2-801e-543873ccb7a5.jpeg""}",0,,,2026-02-02 07:50:16 UTC,2026-02-02 07:50:16 UTC
117260338,31802,31161,134130,"{""Filename"":""102021503_NEG655252260481737540_gz_arcsinh_vis_y.jpg""}","{""0"":""https://panoptes-uploads.zooniverse.org/subject_location/1d8efd73-68c6-408c-99d1-3e779245a8c5.jpeg""}",0,,,2026-02-02 07:50:16 UTC,2026-02-02 07:50:16 UTC
117260339,31802,31161,134130,"{""Filename"":""102042286_NEG538918831293752664_gz_arcsinh_vis_y.jpg""}","{""0"":""https://panoptes-uploads.zooniverse.org/subject_location/36ef232f-f7a0-45a9-96f2-c896be4e4883.jpeg""}",0,,,2026-02-02 07:50:17 UTC,2026-02-02 07:50:17 UTC
117260340,31802,31161,134130,"{""Filename"":""102045469_NEG542995393270588185_gz_arcsinh_vis_y.jpg""}","{""0"":""https://panoptes-uploads.zooniverse.org/subject_location/2d163096-d878-4f7b-804b-ec7db19787cd.jpeg""}",0,,,2026-02-02 07:50:17 UTC,2026-02-02 07:50:17 UTC
117260341,31802,31161,134130,"{""Filename"":""102159484_2667245773666932647_gz_arcsinh_vis_y.jpg""}","{""0"":""https://panoptes-uploads.zooniverse.org/subject_location/17d8aaee-9adf-4f2f-b30b-d4d689bfd010.jpeg""}",0,,,2026-02-02 07:50:18 UTC,2026-02-02 07:50:18 UTC
117260342,31802,31161,134130,"{""Filename"":""102020528_NEG560622778492199978_gz_arcsinh_vis_y.jpg""}","{""0"":""https://panoptes-uploads.zooniverse.org/subject_location/be8c0c3d-d568-4daf-87a2-fb6ade806ac3.jpeg""}",0,,,2026-02-02 07:50:18 UTC,2026-02-02 07:50:18 UTC
117260343,31802,31161,134130,"{""Filename"":""102021010_NEG584993239486468834_gz_arcsinh_vis_y.jpg""}","{""0"":""https://panoptes-uploads.zooniverse.org/subject_location/6be45336-7e3e-43af-bb74-02046b84c592.jpeg""}",0,,,2026-02-02 07:50:19 UTC,2026-02-02 07:50:19 UTC
117260344,31802,31161,134130,"{""Filename"":""102042284_NEG527965165294937394_gz_arcsinh_vis_y.jpg""}","{""0"":""https://panoptes-uploads.zooniverse.org/subject_location/5bd23110-3fa5-4e53-89af-a250643cdf82.jpeg""}",0,,,2026-02-02 07:50:19 UTC,2026-02-02 07:50:19 UTC
117260345,31802,31161,134130,"{""Filename"":""102042287_NEG542116885296986204_gz_arcsinh_vis_y.jpg""}","{""0"":""https://panoptes-uploads.zooniverse.org/subject_location/98a3a972-3c50-4c12-9637-bb9fd770d53b.jpeg""}",0,,,2026-02-02 07:50:20 UTC,2026-02-02 07:50:20 UTC
117260346,31802,31161,134130,"{""Filename"":""102160060_2711217883674824859_gz_arcsinh_vis_y.jpg""}","{""0"":""https://panoptes-uploads.zooniverse.org/subject_location/713ec2f2-3ee5-4b4c-9a11-e4acbec602c1.jpeg""}",0,,,2026-02-02 07:50:20 UTC,2026-02-02 07:50:20 UTC
117260347,31802,31161,134130,"{""Filename"":""102045470_NEG546062663272440369_gz_arcsinh_vis_y.jpg""}","{""0"":""https://panoptes-uploads.zooniverse.org/subject_location/f8a4a5a1-322a-41e9-a178-1ed8db17932f.jpeg""}",0,,,2026-02-02 07:50:21 UTC,2026-02-02 07:50:21 UTC
117260348,31802,31161,134130,"{""Filename"":""102158895_2744836355656219515_gz_arcsinh_vis_y.jpg""}","{""0"":""https://panoptes-uploads.zooniverse.org/subject_location/0db7aa9d-8947-4d48-8b4a-ad4683fc0177.jpeg""}",0,,,2026-02-02 07:50:21 UTC,2026-02-02 07:50:21 UTC
117260349,31802,31161,134130,"{""Filename"":""102046114_NEG537892230264934545_gz_arcsinh_vis_y.jpg""}","{""0"":""https://panoptes-uploads.zooniverse.org/subject_location/053a91a9-f826-4f9b-b588-63b585406c50.jpeg""}",0,,,2026-02-02 07:50:21 UTC,2026-02-02 07:50:21 UTC
117260350,31802,31161,134130,"{""Filename"":""102020060_NEG600769094496571377_gz_arcsinh_vis_y.jpg""}","{""0"":""https://panoptes-uploads.zooniverse.org/subject_location/6d968a31-7b42-4add-85cc-7c4a59ad53c8.jpeg""}",0,,,2026-02-02 07:50:22 UTC,2026-02-02 07:50:22 UTC
117260351,31802,31161,134130,"{""Filename"":""102158888_2666850415656275091_gz_arcsinh_vis_y.jpg""}","{""0"":""https://panoptes-uploads.zooniverse.org/subject_location/eaae1978-8753-441e-ae18-1bb4f3bf22e8.jpeg""}",0,,,2026-02-02 07:50:22 UTC,2026-02-02 07:50:22 UTC
117260352,31802,31161,134130,"{""Filename"":""102159483_2660599151666314427_gz_arcsinh_vis_y.jpg""}","{""0"":""https://panoptes-uploads.zooniverse.org/subject_location/0b75383d-c682-48ef-9ced-56511acd9845.jpeg""}",0,,,2026-02-02 07:50:23 UTC,2026-02-02 07:50:23 UTC
117260353,31802,31161,134130,"{""Filename"":""102020528_NEG558241258488837971_gz_arcsinh_vis_y.jpg""}","{""0"":""https://panoptes-uploads.zooniverse.org/subject_location/69206021-511b-4174-87a3-804b64e95046.jpeg""}",0,,,2026-02-02 07:50:23 UTC,2026-02-02 07:50:23 UTC
117260354,31802,31161,134130,"{""Filename"":""102158270_2656669577645882270_gz_arcsinh_vis_y.jpg""}","{""0"":""https://panoptes-uploads.zooniverse.org/subject_location/4c235c0b-ca45-41c4-abcd-03c78002a3cb.jpeg""}",0,,,2026-02-02 07:50:24 UTC,2026-02-02 07:50:24 UTC
117260355,31802,31161,134130,"{""Filename"":""102023983_NEG625408490457122884_gz_arcsinh_vis_y.jpg""}","{""0"":""https://panoptes-uploads.zooniverse.org/subject_location/cf7b27c1-df3d-4f24-a85f-1117aab0cc0c.jpeg""}",0,,,2026-02-02 07:50:24 UTC,2026-02-02 07:50:24 UTC
117260356,31802,31161,134130,"{""Filename"":""102018666_NEG584130848512125088_gz_arcsinh_vis_y.jpg""}","{""0"":""https://panoptes-uploads.zooniverse.org/subject_location/96a903d0-959e-4d43-b62c-39bcb085284b.jpeg""}",0,,,2026-02-02 07:50:25 UTC,2026-02-02 07:50:25 UTC
117260357,31802,31161,134130,"{""Filename"":""102022482_NEG649832764468338559_gz_arcsinh_vis_y.jpg""}","{""0"":""https://panoptes-uploads.zooniverse.org/subject_location/c98a1137-0b44-4804-b632-ade5cc030411.jpeg""}",0,,,2026-02-02 07:50:25 UTC,2026-02-02 07:50:25 UTC
117260358,31802,31161,134130,"{""Filename"":""102018667_NEG592925932511017572_gz_arcsinh_vis_y.jpg""}","{""0"":""https://panoptes-uploads.zooniverse.org/subject_location/ac7ca4ab-9c70-4da9-9b69-a766df120055.jpeg""}",0,,,2026-02-02 07:50:26 UTC,2026-02-02 07:50:26 UTC
117260359,31802,31161,134130,"{""Filename"":""102022975_NEG616402013463246446_gz_arcsinh_vis_y.jpg""}","{""0"":""https://panoptes-uploads.zooniverse.org/subject_location/04257617-5ae4-453f-9c6a-b01e32c34fd4.jpeg""}",0,,,2026-02-02 07:50:26 UTC,2026-02-02 07:50:26 UTC
117260360,31802,31161,134130,"{""Filename"":""102021012_NEG594621400487476642_gz_arcsinh_vis_y.jpg""}","{""0"":""https://panoptes-uploads.zooniverse.org/subject_location/b35755c5-32af-4863-99b8-fdedadd93249.jpeg""}",0,,,2026-02-02 07:50:27 UTC,2026-02-02 07:50:27 UTC
117260361,31802,31161,134130,"{""Filename"":""102020541_NEG656885867490081068_gz_arcsinh_vis_y.jpg""}","{""0"":""https://panoptes-uploads.zooniverse.org/subject_location/b6f38402-0cfb-479d-b1c9-0a4b1c7f7337.jpeg""}",0,,,2026-02-02 07:50:27 UTC,2026-02-02 07:50:27 UTC
117260362,31802,31161,134130,"{""Filename"":""102158887_2645813508655332976_gz_arcsinh_vis_y.jpg""}","{""0"":""https://panoptes-uploads.zooniverse.org/subject_location/56746823-8c96-4f80-8974-908e4774064b.jpeg""}",0,,,2026-02-02 07:50:28 UTC,2026-02-02 07:50:28 UTC
117260363,31802,31161,134130,"{""Filename"":""102020062_NEG616390053496803796_gz_arcsinh_vis_y.jpg""}","{""0"":""https://panoptes-uploads.zooniverse.org/subject_location/8a384c14-a49f-414c-8d63-da5798f7b667.jpeg""}",0,,,2026-02-02 07:50:28 UTC,2026-02-02 07:50:28 UTC
117260364,31802,31161,134130,"{""Filename"":""102020535_NEG613994194492398874_gz_arcsinh_vis_y.jpg""}","{""0"":""https://panoptes-uploads.zooniverse.org/subject_location/3d8d31a1-a4d4-42dd-9ad4-1dfb539e72a5.jpeg""}",0,,,2026-02-02 07:50:29 UTC,2026-02-02 07:50:29 UTC
117260365,31802,31161,134130,"{""Filename"":""102020056_NEG570262324495189069_gz_arcsinh_vis_y.jpg""}","{""0"":""https://panoptes-uploads.zooniverse.org/subject_location/559d90ee-0cea-4df8-ad56-07130039570e.jpeg""}",0,,,2026-02-02 07:50:29 UTC,2026-02-02 07:50:29 UTC
117260366,31802,31161,134130,"{""Filename"":""102023984_NEG628798846457019380_gz_arcsinh_vis_y.jpg""}","{""0"":""https://panoptes-uploads.zooniverse.org/subject_location/97287315-4d30-41fb-84f6-bbe0f2f115ca.jpeg""}",0,,,2026-02-02 07:50:30 UTC,2026-02-02 07:50:30 UTC
117260367,31802,31161,134130,"{""Filename"":""102157635_2715634453636420094_gz_arcsinh_vis_y.jpg""}","{""0"":""https://panoptes-uploads.zooniverse.org/subject_location/4aafb735-12a1-4486-af87-b12b8a9ea37e.jpeg""}",0,,,2026-02-02 07:50:32 UTC,2026-02-02 07:50:32 UTC
117260368,31802,31161,134130,"{""Filename"":""102044184_NEG524573354281259670_gz_arcsinh_vis_y.jpg""}","{""0"":""https://panoptes-uploads.zooniverse.org/subject_location/4ef3d9aa-3e9c-4fad-9c38-9d2ba0d2fe76.jpeg""}",0,,,2026-02-02 07:50:32 UTC,2026-02-02 07:50:32 UTC
117260369,31802,31161,134130,"{""Filename"":""102042915_NEG528595319291175447_gz_arcsinh_vis_y.jpg""}","{""0"":""https://panoptes-uploads.zooniverse.org/subject_location/b6825319-3f3b-42fe-8a87-420125ec535b.jpeg""}",0,,,2026-02-02 07:50:33 UTC,2026-02-02 07:50:33 UTC
117260370,31802,31161,134130,"{""Filename"":""102159772_2654845605668668764_gz_arcsinh_vis_y.jpg""}","{""0"":""https://panoptes-uploads.zooniverse.org/subject_location/9c329b9b-0ea9-45f5-9e86-93090991ef3b.jpeg""}",0,,,2026-02-02 07:50:33 UTC,2026-02-02 07:50:33 UTC
117260371,31802,31161,134130,"{""Filename"":""102022979_NEG649926864463147978_gz_arcsinh_vis_y.jpg""}","{""0"":""https://panoptes-uploads.zooniverse.org/subject_location/c4462215-743a-41ca-bbae-dce3747018ff.jpeg""}",0,,,2026-02-02 07:50:33 UTC,2026-02-02 07:50:33 UTC
117260372,31802,31161,134130,"{""Filename"":""102045469_NEG544040236270041726_gz_arcsinh_vis_y.jpg""}","{""0"":""https://panoptes-uploads.zooniverse.org/subject_location/a934ddb1-fecb-4fb9-b58b-89f3058bf3be.jpeg""}",0,,,2026-02-02 07:50:34 UTC,2026-02-02 07:50:34 UTC
117260373,31802,31161,134130,"{""Filename"":""102019126_NEG594595785506002483_gz_arcsinh_vis_y.jpg""}","{""0"":""https://panoptes-uploads.zooniverse.org/subject_location/5fff9d21-cc6f-4fbe-a30f-6d4a0ec2803b.jpeg""}",0,,,2026-02-02 07:50:34 UTC,2026-02-02 07:50:34 UTC
117260374,31802,31161,134130,"{""Filename"":""102159195_2732553696658251124_gz_arcsinh_vis_y.jpg""}","{""0"":""https://panoptes-uploads.zooniverse.org/subject_location/5d74e291-c654-42dd-86ac-661114098552.jpeg""}",0,,,2026-02-02 07:50:35 UTC,2026-02-02 07:50:35 UTC
117260375,31802,31161,134130,"{""Filename"":""102023986_NEG641930879456243063_gz_arcsinh_vis_y.jpg""}","{""0"":""https://panoptes-uploads.zooniverse.org/subject_location/c1bf305f-1ce1-4b48-8069-5720fba39a71.jpeg""}",0,,,2026-02-02 07:50:35 UTC,2026-02-02 07:50:35 UTC
117260376,31802,31161,134130,"{""Filename"":""102019588_NEG579278037501622579_gz_arcsinh_vis_y.jpg""}","{""0"":""https://panoptes-uploads.zooniverse.org/subject_location/bf7be5ea-6906-400f-87ec-83588cbb48a2.jpeg""}",0,,,2026-02-02 07:50:36 UTC,2026-02-02 07:50:36 UTC
117260377,31802,31161,134130,"{""Filename"":""102160335_2676140830679827961_gz_arcsinh_vis_y.jpg""}","{""0"":""https://panoptes-uploads.zooniverse.org/subject_location/b70dba52-036b-434f-9549-d3b9f7f4209d.jpeg""}",0,,,2026-02-02 07:50:36 UTC,2026-02-02 07:50:36 UTC
117260378,31802,31161,134130,"{""Filename"":""102023481_NEG652496212460606532_gz_arcsinh_vis_y.jpg""}","{""0"":""https://panoptes-uploads.zooniverse.org/subject_location/668a5409-8188-47d7-8375-e775d3e60387.jpeg""}",0,,,2026-02-02 07:50:37 UTC,2026-02-02 07:50:37 UTC
117260379,31802,31161,134130,"{""Filename"":""102021990_NEG655898034475050189_gz_arcsinh_vis_y.jpg""}","{""0"":""https://panoptes-uploads.zooniverse.org/subject_location/7a622a57-6033-4045-963f-1aa2d7a5d8ff.jpeg""}",0,,,2026-02-02 07:50:37 UTC,2026-02-02 07:50:37 UTC
117260380,31802,31161,134130,"{""Filename"":""102019128_NEG610031494503387153_gz_arcsinh_vis_y.jpg""}","{""0"":""https://panoptes-uploads.zooniverse.org/subject_location/df5a6462-2358-4170-877d-5b1871a7e987.jpeg""}",0,,,2026-02-02 07:50:38 UTC,2026-02-02 07:50:38 UTC
117260381,31802,31161,134130,"{""Filename"":""102157634_2708562172634676663_gz_arcsinh_vis_y.jpg""}","{""0"":""https://panoptes-uploads.zooniverse.org/subject_location/4cca6e52-dbdc-4632-9501-87291d11e17d.jpeg""}",0,,,2026-02-02 07:50:38 UTC,2026-02-02 07:50:38 UTC
117260382,31802,31161,134130,"{""Filename"":""102158887_2650253303655792768_gz_arcsinh_vis_y.jpg""}","{""0"":""https://panoptes-uploads.zooniverse.org/subject_location/cacd7dfc-e412-4acb-b1a7-a596c9b62273.jpeg""}",0,,,2026-02-02 07:50:39 UTC,2026-02-02 07:50:39 UTC
117260383,31802,31161,134130,"{""Filename"":""102020536_NEG615800920492492887_gz_arcsinh_vis_y.jpg""}","{""0"":""https://panoptes-uploads.zooniverse.org/subject_location/2151a4bf-b3c5-45bd-9cd9-2f5ce6b45519.jpeg""}",0,,,2026-02-02 07:50:39 UTC,2026-02-02 07:50:39 UTC
117260384,31802,31161,134130,"{""Filename"":""102021986_NEG622156774477076134_gz_arcsinh_vis_y.jpg""}","{""0"":""https://panoptes-uploads.zooniverse.org/subject_location/eb5e1819-3a35-4d83-825d-21f757c156cb.jpeg""}",0,,,2026-02-02 07:50:40 UTC,2026-02-02 07:50:40 UTC
117260385,31802,31161,134130,"{""Filename"":""102022974_NEG613130479465112783_gz_arcsinh_vis_y.jpg""}","{""0"":""https://panoptes-uploads.zooniverse.org/subject_location/ee95f9ad-57f0-46a0-bbb5-b63359caf797.jpeg""}",0,,,2026-02-02 07:50:41 UTC,2026-02-02 07:50:41 UTC
117260386,31802,31161,134130,"{""Filename"":""102157952_2650405116640869132_gz_arcsinh_vis_y.jpg""}","{""0"":""https://panoptes-uploads.zooniverse.org/subject_location/a4bb895f-a41a-4eab-80aa-d793d6bedd25.jpeg""}",0,,,2026-02-02 07:50:41 UTC,2026-02-02 07:50:41 UTC
117260387,31802,31161,134130,"{""Filename"":""102044825_NEG534856119273913898_gz_arcsinh_vis_y.jpg""}","{""0"":""https://panoptes-uploads.zooniverse.org/subject_location/079b5eed-d8ca-47a0-8ea7-c24439b19b5b.jpeg""}",0,,,2026-02-02 07:50:42 UTC,2026-02-02 07:50:42 UTC
117260388,31802,31161,134130,"{""Filename"":""102157632_2684617989635180670_gz_arcsinh_vis_y.jpg""}","{""0"":""https://panoptes-uploads.zooniverse.org/subject_location/1312d8b7-3504-4d7b-a4be-edddacd299d2.jpeg""}",0,,,2026-02-02 07:50:42 UTC,2026-02-02 07:50:42 UTC
117260389,31802,31161,134130,"{""Filename"":""102159188_2651109086658147947_gz_arcsinh_vis_y.jpg""}","{""0"":""https://panoptes-uploads.zooniverse.org/subject_location/4ea5a957-941f-42a2-9047-a34770540152.jpeg""}",0,,,2026-02-02 07:50:43 UTC,2026-02-02 07:50:43 UTC
117260390,31802,31161,134130,"{""Filename"":""102157952_2654926183641902028_gz_arcsinh_vis_y.jpg""}","{""0"":""https://panoptes-uploads.zooniverse.org/subject_location/12fa359f-fca1-4d10-a471-3b0b3d722240.jpeg""}",0,,,2026-02-02 07:50:43 UTC,2026-02-02 07:50:43 UTC
117260391,31802,31161,134130,"{""Filename"":""102019127_NEG602517264504984727_gz_arcsinh_vis_y.jpg""}","{""0"":""https://panoptes-uploads.zooniverse.org/subject_location/26de43cd-8d36-472e-95e8-bc248240866f.jpeg""}",0,,,2026-02-02 07:50:44 UTC,2026-02-02 07:50:44 UTC
117260392,31802,31161,134130,"{""Filename"":""102019590_NEG589261135498186896_gz_arcsinh_vis_y.jpg""}","{""0"":""https://panoptes-uploads.zooniverse.org/subject_location/dfe64d64-eca3-48ec-b318-e5d6bb9d2aa5.jpeg""}",0,,,2026-02-02 07:50:44 UTC,2026-02-02 07:50:44 UTC
117260393,31802,31161,134130,"{""Filename"":""102042288_NEG547306445292558399_gz_arcsinh_vis_y.jpg""}","{""0"":""https://panoptes-uploads.zooniverse.org/subject_location/221af259-7cbb-445f-b6c0-a99426d5f9ce.jpeg""}",0,,,2026-02-02 07:50:45 UTC,2026-02-02 07:50:45 UTC
117260394,31802,31161,134130,"{""Filename"":""102157959_2732433555640451570_gz_arcsinh_vis_y.jpg""}","{""0"":""https://panoptes-uploads.zooniverse.org/subject_location/ba5a7f80-ce83-4d53-91a4-ee45b41bdee3.jpeg""}",0,,,2026-02-02 07:50:45 UTC,2026-02-02 07:50:45 UTC
117260395,31802,31161,134130,"{""Filename"":""102019589_NEG585342913500090554_gz_arcsinh_vis_y.jpg""}","{""0"":""https://panoptes-uploads.zooniverse.org/subject_location/8acbaf8e-ccea-4671-a084-adf1721de210.jpeg""}",0,,,2026-02-02 07:50:45 UTC,2026-02-02 07:50:45 UTC
117260396,31802,31161,134130,"{""Filename"":""102157955_2684188059639489365_gz_arcsinh_vis_y.jpg""}","{""0"":""https://panoptes-uploads.zooniverse.org/subject_location/89718320-9f7a-44b2-9ee6-2034dca91bda.jpeg""}",0,,,2026-02-02 07:50:46 UTC,2026-02-02 07:50:46 UTC
117260397,31802,31161,134130,"{""Filename"":""102045464_NEG512861838269271561_gz_arcsinh_vis_y.jpg""}","{""0"":""https://panoptes-uploads.zooniverse.org/subject_location/5630a5f4-7256-436d-91a1-093122bacf68.jpeg""}",0,,,2026-02-02 07:50:46 UTC,2026-02-02 07:50:46 UTC
117260398,31802,31161,134130,"{""Filename"":""102158581_2646395390649514859_gz_arcsinh_vis_y.jpg""}","{""0"":""https://panoptes-uploads.zooniverse.org/subject_location/6c22df85-ff28-49ab-a6ca-e6447a918178.jpeg""}",0,,,2026-02-02 07:50:47 UTC,2026-02-02 07:50:47 UTC
117260399,31802,31161,134130,"{""Filename"":""102160335_2676042063678345519_gz_arcsinh_vis_y.jpg""}","{""0"":""https://panoptes-uploads.zooniverse.org/subject_location/1d6c67cf-a2d5-42d0-abdc-4488a5b57ded.jpeg""}",0,,,2026-02-02 07:50:47 UTC,2026-02-02 07:50:47 UTC
117260400,31802,31161,134130,"{""Filename"":""102020534_NEG604170747487808481_gz_arcsinh_vis_y.jpg""}","{""0"":""https://panoptes-uploads.zooniverse.org/subject_location/9bc18bcd-d60a-4ef1-b8fd-e7267a3db82f.jpeg""}",0,,,2026-02-02 07:50:48 UTC,2026-02-02 07:50:48 UTC
117260401,31802,31161,134130,"{""Filename"":""102042912_NEG511857971288023605_gz_arcsinh_vis_y.jpg""}","{""0"":""https://panoptes-uploads.zooniverse.org/subject_location/214c994e-0991-439d-b37d-38ba2e4acd9b.jpeg""}",0,,,2026-02-02 07:50:48 UTC,2026-02-02 07:50:48 UTC
117260402,31802,31161,134130,"{""Filename"":""102159193_2708072607658404315_gz_arcsinh_vis_y.jpg""}","{""0"":""https://panoptes-uploads.zooniverse.org/subject_location/eb96c010-c9ba-43ad-a7c7-e76bd3300f72.jpeg""}",0,,,2026-02-02 07:50:49 UTC,2026-02-02 07:50:49 UTC
117260403,31802,31161,134130,"{""Filename"":""102159190_2671108158660695067_gz_arcsinh_vis_y.jpg""}","{""0"":""https://panoptes-uploads.zooniverse.org/subject_location/c740b8c4-8f32-4fd5-96ae-b77a00051816.jpeg""}",0,,,2026-02-02 07:50:49 UTC,2026-02-02 07:50:49 UTC
117260404,31802,31161,134130,"{""Filename"":""102042284_NEG524108670292685495_gz_arcsinh_vis_y.jpg""}","{""0"":""https://panoptes-uploads.zooniverse.org/subject_location/6283c15e-02a0-4f55-ba9d-0b8e96c0decb.jpeg""}",0,,,2026-02-02 07:50:50 UTC,2026-02-02 07:50:50 UTC
117260405,31802,31161,134130,"{""Filename"":""102044824_NEG528607933273107379_gz_arcsinh_vis_y.jpg""}","{""0"":""https://panoptes-uploads.zooniverse.org/subject_location/5b5a59ce-2932-4f7e-92c8-30115d902602.jpeg""}",0,,,2026-02-02 07:50:50 UTC,2026-02-02 07:50:50 UTC
117260406,31802,31161,134130,"{""Filename"":""102044823_NEG523953997273513929_gz_arcsinh_vis_y.jpg""}","{""0"":""https://panoptes-uploads.zooniverse.org/subject_location/51347f38-6e9d-4fa7-9de4-05e18a33b38a.jpeg""}",0,,,2026-02-02 07:50:51 UTC,2026-02-02 07:50:51 UTC
117260407,31802,31161,134130,"{""Filename"":""102160335_2681266158680267089_gz_arcsinh_vis_y.jpg""}","{""0"":""https://panoptes-uploads.zooniverse.org/subject_location/7cfa3ba4-4a27-4809-8bad-ee142c5b386b.jpeg""}",0,,,2026-02-02 07:50:51 UTC,2026-02-02 07:50:51 UTC
117260408,31802,31161,134130,"{""Filename"":""102021979_NEG571736409477160510_gz_arcsinh_vis_y.jpg""}","{""0"":""https://panoptes-uploads.zooniverse.org/subject_location/33b44611-1cf1-41be-908d-ae8929bbe10a.jpeg""}",0,,,2026-02-02 07:50:52 UTC,2026-02-02 07:50:52 UTC
117260409,31802,31161,134130,"{""Filename"":""102044187_NEG541145925279722873_gz_arcsinh_vis_y.jpg""}","{""0"":""https://panoptes-uploads.zooniverse.org/subject_location/8bbb0e23-2b23-4da5-bf7b-365b15a94384.jpeg""}",0,,,2026-02-02 07:50:52 UTC,2026-02-02 07:50:52 UTC
117260410,31802,31161,134130,"{""Filename"":""102043550_NEG539159415283512459_gz_arcsinh_vis_y.jpg""}","{""0"":""https://panoptes-uploads.zooniverse.org/subject_location/4c80bf9a-4581-454a-9bcf-3d101f9dca85.jpeg""}",0,,,2026-02-02 07:50:52 UTC,2026-02-02 07:50:52 UTC
117260411,31802,31161,134130,"{""Filename"":""102159772_2655097050671573868_gz_arcsinh_vis_y.jpg""}","{""0"":""https://panoptes-uploads.zooniverse.org/subject_location/39c84c5e-d709-41e0-a6a1-c2f90617b698.jpeg""}",0,,,2026-02-02 07:50:53 UTC,2026-02-02 07:50:53 UTC
117260412,31802,31161,134130,"{""Filename"":""102021015_NEG621616587486887220_gz_arcsinh_vis_y.jpg""}","{""0"":""https://panoptes-uploads.zooniverse.org/subject_location/f9270016-20bc-416b-af78-9ce3779c016f.jpeg""}",0,,,2026-02-02 07:50:53 UTC,2026-02-02 07:50:53 UTC
117260413,31802,31161,134130,"{""Filename"":""102020062_NEG613607269493457937_gz_arcsinh_vis_y.jpg""}","{""0"":""https://panoptes-uploads.zooniverse.org/subject_location/2b8aefbf-fe9f-4477-8ac1-5cd8260b3f8d.jpeg""}",0,,,2026-02-02 07:50:54 UTC,2026-02-02 07:50:54 UTC
117260414,31802,31161,134130,"{""Filename"":""102021504_NEG666463627478086552_gz_arcsinh_vis_y.jpg""}","{""0"":""https://panoptes-uploads.zooniverse.org/subject_location/e8c8d42a-326e-4f57-a771-8f41d676499e.jpeg""}",0,,,2026-02-02 07:50:54 UTC,2026-02-02 07:50:54 UTC
117260415,31802,31161,134130,"{""Filename"":""102019129_NEG613813690506005495_gz_arcsinh_vis_y.jpg""}","{""0"":""https://panoptes-uploads.zooniverse.org/subject_location/e2bb72fa-f1de-4aea-b339-9e75e06ac79c.jpeg""}",0,,,2026-02-02 07:50:55 UTC,2026-02-02 07:50:55 UTC
117260416,31802,31161,134130,"{""Filename"":""102045468_NEG533694025269305017_gz_arcsinh_vis_y.jpg""}","{""0"":""https://panoptes-uploads.zooniverse.org/subject_location/4268dace-4cab-4be2-baf0-c5abf84ee688.jpeg""}",0,,,2026-02-02 07:50:55 UTC,2026-02-02 07:50:55 UTC
117260417,31802,31161,134130,"{""Filename"":""102022483_NEG650988934472025754_gz_arcsinh_vis_y.jpg""}","{""0"":""https://panoptes-uploads.zooniverse.org/subject_location/ff77cd45-150b-4685-ad18-1967f6740e1f.jpeg""}",0,,,2026-02-02 07:50:56 UTC,2026-02-02 07:50:56 UTC
117260418,31802,31161,134130,"{""Filename"":""102158895_2741284393654683011_gz_arcsinh_vis_y.jpg""}","{""0"":""https://panoptes-uploads.zooniverse.org/subject_location/5052e1c6-4dff-4869-ac51-caf49bb9636d.jpeg""}",0,,,2026-02-02 07:50:56 UTC,2026-02-02 07:50:56 UTC
117260419,31802,31161,134130,"{""Filename"":""102021017_NEG635355419483066418_gz_arcsinh_vis_y.jpg""}","{""0"":""https://panoptes-uploads.zooniverse.org/subject_location/5ceb53a9-8dd1-420a-8bb5-285441467b21.jpeg""}",0,,,2026-02-02 07:50:57 UTC,2026-02-02 07:50:57 UTC
117260420,31802,31161,134130,"{""Filename"":""102157958_2720815489638553167_gz_arcsinh_vis_y.jpg""}","{""0"":""https://panoptes-uploads.zooniverse.org/subject_location/6b14c90d-3d58-4fb8-b12d-099b313768c3.jpeg""}",0,,,2026-02-02 07:50:57 UTC,2026-02-02 07:50:57 UTC
117260421,31802,31161,134130,"{""Filename"":""102158275_2709882678643734053_gz_arcsinh_vis_y.jpg""}","{""0"":""https://panoptes-uploads.zooniverse.org/subject_location/a400d189-4ae7-4ba6-a3ed-8fa5687fc5da.jpeg""}",0,,,2026-02-02 07:50:58 UTC,2026-02-02 07:50:58 UTC
117260422,31802,31161,134130,"{""Filename"":""102159773_2671639685670223924_gz_arcsinh_vis_y.jpg""}","{""0"":""https://panoptes-uploads.zooniverse.org/subject_location/9caf2b07-e421-4ae4-a9d2-9e1fca3f19e7.jpeg""}",0,,,2026-02-02 07:50:58 UTC,2026-02-02 07:50:58 UTC
117260423,31802,31161,134130,"{""Filename"":""102158893_2724559757652539065_gz_arcsinh_vis_y.jpg""}","{""0"":""https://panoptes-uploads.zooniverse.org/subject_location/d1726a67-1d1f-4533-accf-689d8e8f2e51.jpeg""}",0,,,2026-02-02 07:50:59 UTC,2026-02-02 07:50:59 UTC
117260424,31802,31161,134130,"{""Filename"":""102159485_2679067137666240795_gz_arcsinh_vis_y.jpg""}","{""0"":""https://panoptes-uploads.zooniverse.org/subject_location/0b40c264-3edc-4254-98d2-4d14d0922696.jpeg""}",0,,,2026-02-02 07:50:59 UTC,2026-02-02 07:50:59 UTC
117260425,31802,31161,134130,"{""Filename"":""102160610_2724420507685622997_gz_arcsinh_vis_y.jpg""}","{""0"":""https://panoptes-uploads.zooniverse.org/subject_location/a14f81f2-daba-47ae-8e34-d53cae52b7e7.jpeg""}",0,,,2026-02-02 07:51:00 UTC,2026-02-02 07:51:00 UTC
117260426,31802,31161,134130,"{""Filename"":""102159489_2725201032662734818_gz_arcsinh_vis_y.jpg""}","{""0"":""https://panoptes-uploads.zooniverse.org/subject_location/d8097894-5411-4953-a0f3-fd78c039c502.jpeg""}",0,,,2026-02-02 07:51:00 UTC,2026-02-02 07:51:00 UTC
117260427,31802,31161,134130,"{""Filename"":""102023480_NEG638895958457671120_gz_arcsinh_vis_y.jpg""}","{""0"":""https://panoptes-uploads.zooniverse.org/subject_location/1397c224-0032-4c9a-9e4f-b4b9c49bf951.jpeg""}",0,,,2026-02-02 07:51:01 UTC,2026-02-02 07:51:01 UTC
117260428,31802,31161,134130,"{""Filename"":""102044185_NEG531888749279646093_gz_arcsinh_vis_y.jpg""}","{""0"":""https://panoptes-uploads.zooniverse.org/subject_location/c6af8bfd-31ba-4696-877c-05b09e9d9888.jpeg""}",0,,,2026-02-02 07:51:01 UTC,2026-02-02 07:51:01 UTC
117260429,31802,31161,134130,"{""Filename"":""102020060_NEG605227616495518858_gz_arcsinh_vis_y.jpg""}","{""0"":""https://panoptes-uploads.zooniverse.org/subject_location/aed9eb7b-f244-4a5d-b112-3ad6805a7541.jpeg""}",0,,,2026-02-02 07:51:02 UTC,2026-02-02 07:51:02 UTC
117260430,31802,31161,134130,"{""Filename"":""102018669_NEG603903822508799580_gz_arcsinh_vis_y.jpg""}","{""0"":""https://panoptes-uploads.zooniverse.org/subject_location/3bf57322-196f-4748-832b-3b252004d052.jpeg""}",0,,,2026-02-02 07:51:02 UTC,2026-02-02 07:51:02 UTC
117260431,31802,31161,134130,"{""Filename"":""102021015_NEG619705986487289453_gz_arcsinh_vis_y.jpg""}","{""0"":""https://panoptes-uploads.zooniverse.org/subject_location/ea505d4c-3bad-40a0-bdc3-4d0e967dfd28.jpeg""}",0,,,2026-02-02 07:51:03 UTC,2026-02-02 07:51:03 UTC
117260432,31802,31161,134130,"{""Filename"":""102044188_NEG546868987278636239_gz_arcsinh_vis_y.jpg""}","{""0"":""https://panoptes-uploads.zooniverse.org/subject_location/9cfd4997-2c13-4436-aa5a-48aaef61b215.jpeg""}",0,,,2026-02-02 07:51:03 UTC,2026-02-02 07:51:03 UTC
117260433,31802,31161,134130,"{""Filename"":""102160335_2682929162682446881_gz_arcsinh_vis_y.jpg""}","{""0"":""https://panoptes-uploads.zooniverse.org/subject_location/2a22f245-8545-4928-a45f-69c1b34a6b04.jpeg""}",0,,,2026-02-02 07:51:04 UTC,2026-02-02 07:51:04 UTC
117260434,31802,31161,134130,"{""Filename"":""102071571_NEG858727288081591184_gz_arcsinh_vis_y.jpg""}","{""0"":""https://panoptes-uploads.zooniverse.org/subject_location/e121cddf-97ef-4b94-b674-576839a5db13.jpeg""}",0,,,2026-02-02 07:51:04 UTC,2026-02-02 07:51:04 UTC
117260435,31802,31161,134130,"{""Filename"":""102042286_NEG539520634297459227_gz_arcsinh_vis_y.jpg""}","{""0"":""https://panoptes-uploads.zooniverse.org/subject_location/4483c302-1ccb-4038-a3ef-cab864fc7fd3.jpeg""}",0,,,2026-02-02 07:51:04 UTC,2026-02-02 07:51:04 UTC
117260436,31802,31161,134130,"{""Filename"":""102019125_NEG582944391504315043_gz_arcsinh_vis_y.jpg""}","{""0"":""https://panoptes-uploads.zooniverse.org/subject_location/52c159a9-d7b5-46c8-a7a6-a280ced31ea0.jpeg""}",0,,,2026-02-02 07:51:05 UTC,2026-02-02 07:51:05 UTC
117260437,31802,31161,134130,"{""Filename"":""102159188_2658050153658285564_gz_arcsinh_vis_y.jpg""}","{""0"":""https://panoptes-uploads.zooniverse.org/subject_location/b212309a-442d-4e47-a597-81752f4cdd34.jpeg""}",0,,,2026-02-02 07:51:05 UTC,2026-02-02 07:51:05 UTC
117260438,31802,31161,134130,"{""Filename"":""102158891_2699202231657351476_gz_arcsinh_vis_y.jpg""}","{""0"":""https://panoptes-uploads.zooniverse.org/subject_location/9d7287e5-5a34-459d-a3be-948a3ed4d960.jpeg""}",0,,,2026-02-02 07:51:06 UTC,2026-02-02 07:51:06 UTC
117260439,31802,31161,134130,"{""Filename"":""102021504_NEG663533600479057980_gz_arcsinh_vis_y.jpg""}","{""0"":""https://panoptes-uploads.zooniverse.org/subject_location/bab84ed9-4569-4f18-970d-1b8053dffa16.jpeg""}",0,,,2026-02-02 07:51:06 UTC,2026-02-02 07:51:06 UTC
117260440,31802,31161,134130,"{""Filename"":""102021010_NEG585505751484035354_gz_arcsinh_vis_y.jpg""}","{""0"":""https://panoptes-uploads.zooniverse.org/subject_location/4d5379f4-2043-4eb6-8663-847de20d56d8.jpeg""}",0,,,2026-02-02 07:51:07 UTC,2026-02-02 07:51:07 UTC
117260441,31802,31161,134130,"{""Filename"":""102158590_2753575262649884221_gz_arcsinh_vis_y.jpg""}","{""0"":""https://panoptes-uploads.zooniverse.org/subject_location/2a5991f9-e000-418b-9547-691204d358e3.jpeg""}",0,,,2026-02-02 07:51:07 UTC,2026-02-02 07:51:07 UTC
117260442,31802,31161,134130,"{""Filename"":""102021014_NEG612490202487487430_gz_arcsinh_vis_y.jpg""}","{""0"":""https://panoptes-uploads.zooniverse.org/subject_location/38939ed2-0b69-47d4-8cf6-1d0123c864e6.jpeg""}",0,,,2026-02-02 07:51:08 UTC,2026-02-02 07:51:08 UTC
117260443,31802,31161,134130,"{""Filename"":""102023479_NEG637838698458146449_gz_arcsinh_vis_y.jpg""}","{""0"":""https://panoptes-uploads.zooniverse.org/subject_location/d0cea8de-b017-4996-99e9-109340df28bd.jpeg""}",0,,,2026-02-02 07:51:08 UTC,2026-02-02 07:51:08 UTC
117260444,31802,31161,134130,"{""Filename"":""102043550_NEG536918908286270952_gz_arcsinh_vis_y.jpg""}","{""0"":""https://panoptes-uploads.zooniverse.org/subject_location/ef6c6581-8f03-4368-b58c-6adafc716af3.jpeg""}",0,,,2026-02-02 07:51:09 UTC,2026-02-02 07:51:09 UTC
117260445,31802,31161,134130,"{""Filename"":""102022481_NEG641763252470398703_gz_arcsinh_vis_y.jpg""}","{""0"":""https://panoptes-uploads.zooniverse.org/subject_location/1bbd1587-902a-478c-9785-840848845dc6.jpeg""}",0,,,2026-02-02 07:51:09 UTC,2026-02-02 07:51:09 UTC
117260446,31802,31161,134130,"{""Filename"":""102021501_NEG643633781477960537_gz_arcsinh_vis_y.jpg""}","{""0"":""https://panoptes-uploads.zooniverse.org/subject_location/af294afb-d375-445d-aa1f-d25358e63108.jpeg""}",0,,,2026-02-02 07:51:10 UTC,2026-02-02 07:51:10 UTC
117260447,31802,31161,134130,"{""Filename"":""102044188_NEG547506577281921203_gz_arcsinh_vis_y.jpg""}","{""0"":""https://panoptes-uploads.zooniverse.org/subject_location/a2fb9ccc-4e4d-42a8-b2b3-0870f154531e.jpeg""}",0,,,2026-02-02 07:51:10 UTC,2026-02-02 07:51:10 UTC
117260448,31802,31161,134130,"{""Filename"":""102044186_NEG533585381279048634_gz_arcsinh_vis_y.jpg""}","{""0"":""https://panoptes-uploads.zooniverse.org/subject_location/d7272bd3-a8c0-48cf-b1c0-435c551e8e9e.jpeg""}",0,,,2026-02-02 07:51:11 UTC,2026-02-02 07:51:11 UTC
117260449,31802,31161,134130,"{""Filename"":""102021989_NEG643689447476299606_gz_arcsinh_vis_y.jpg""}","{""0"":""https://panoptes-uploads.zooniverse.org/subject_location/942851cc-5b33-46dc-bfdd-0d836fce3246.jpeg""}",0,,,2026-02-02 07:51:11 UTC,2026-02-02 07:51:11 UTC
117260450,31802,31161,134130,"{""Filename"":""102160063_2753929586672659777_gz_arcsinh_vis_y.jpg""}","{""0"":""https://panoptes-uploads.zooniverse.org/subject_location/fea64eec-3753-454f-b5b0-c72dd83ce515.jpeg""}",0,,,2026-02-02 07:51:12 UTC,2026-02-02 07:51:12 UTC
117260451,31802,31161,134130,"{""Filename"":""102021492_NEG576088849479515255_gz_arcsinh_vis_y.jpg""}","{""0"":""https://panoptes-uploads.zooniverse.org/subject_location/602553cf-9134-4ec2-ac4f-12eed2a311f2.jpeg""}",0,,,2026-02-02 07:51:12 UTC,2026-02-02 07:51:12 UTC
117260452,31802,31161,134130,"{""Filename"":""102022979_NEG644583965464013064_gz_arcsinh_vis_y.jpg""}","{""0"":""https://panoptes-uploads.zooniverse.org/subject_location/91e5a407-309a-4dee-9c03-a75c0b833671.jpeg""}",0,,,2026-02-02 07:51:12 UTC,2026-02-02 07:51:12 UTC
117260453,31802,31161,134130,"{""Filename"":""102021982_NEG594899811473770384_gz_arcsinh_vis_y.jpg""}","{""0"":""https://panoptes-uploads.zooniverse.org/subject_location/86a4e763-bb6a-42fc-9325-f94b965da945.jpeg""}",0,,,2026-02-02 07:51:13 UTC,2026-02-02 07:51:13 UTC
117260454,31802,31161,134130,"{""Filename"":""102158582_2659920583651653686_gz_arcsinh_vis_y.jpg""}","{""0"":""https://panoptes-uploads.zooniverse.org/subject_location/7bd0afed-2bba-4707-bdfb-482c074e8a37.jpeg""}",0,,,2026-02-02 07:51:13 UTC,2026-02-02 07:51:13 UTC
117260455,31802,31161,134130,"{""Filename"":""102158272_2681542395642595164_gz_arcsinh_vis_y.jpg""}","{""0"":""https://panoptes-uploads.zooniverse.org/subject_location/db3d32ba-83d8-4c31-8275-7e048e21eff7.jpeg""}",0,,,2026-02-02 07:51:14 UTC,2026-02-02 07:51:14 UTC
117260456,31802,31161,134130,"{""Filename"":""102043549_NEG530517242283608180_gz_arcsinh_vis_y.jpg""}","{""0"":""https://panoptes-uploads.zooniverse.org/subject_location/3d86f530-b082-4cc6-905c-4f22f34981df.jpeg""}",0,,,2026-02-02 07:51:14 UTC,2026-02-02 07:51:14 UTC
117260457,31802,31161,134130,"{""Filename"":""102023479_NEG634043031459816543_gz_arcsinh_vis_y.jpg""}","{""0"":""https://panoptes-uploads.zooniverse.org/subject_location/fbffb613-9199-4bdc-b9ec-90ebfe337755.jpeg""}",0,,,2026-02-02 07:51:15 UTC,2026-02-02 07:51:15 UTC
117260458,31802,31161,134130,"{""Filename"":""102159188_2649037046661958518_gz_arcsinh_vis_y.jpg""}","{""0"":""https://panoptes-uploads.zooniverse.org/subject_location/b47054c9-0666-40e2-89e9-0454717773fb.jpeg""}",0,,,2026-02-02 07:51:15 UTC,2026-02-02 07:51:15 UTC
117260459,31802,31161,134130,"{""Filename"":""102158892_2707651015655742078_gz_arcsinh_vis_y.jpg""}","{""0"":""https://panoptes-uploads.zooniverse.org/subject_location/f56f1a55-e40a-44ff-9057-85f2f420fed4.jpeg""}",0,,,2026-02-02 07:51:16 UTC,2026-02-02 07:51:16 UTC
117260460,31802,31161,134130,"{""Filename"":""102022480_NEG631323258468942729_gz_arcsinh_vis_y.jpg""}","{""0"":""https://panoptes-uploads.zooniverse.org/subject_location/cde252bb-45b0-4538-be73-a06cf4a609cf.jpeg""}",0,,,2026-02-02 07:51:16 UTC,2026-02-02 07:51:16 UTC
117260461,31802,31161,134130,"{""Filename"":""102022979_NEG645739493463245977_gz_arcsinh_vis_y.jpg""}","{""0"":""https://panoptes-uploads.zooniverse.org/subject_location/481065de-c531-459a-b1d5-b6281559e8cc.jpeg""}",0,,,2026-02-02 07:51:17 UTC,2026-02-02 07:51:17 UTC
117260462,31802,31161,134130,"{""Filename"":""102042916_NEG532712596290218338_gz_arcsinh_vis_y.jpg""}","{""0"":""https://panoptes-uploads.zooniverse.org/subject_location/2ded5ed4-0cd2-4bf5-8bc7-ee0bddd0621b.jpeg""}",0,,,2026-02-02 07:51:17 UTC,2026-02-02 07:51:17 UTC
117260463,31802,31161,134130,"{""Filename"":""102021006_NEG556074665487138550_gz_arcsinh_vis_y.jpg""}","{""0"":""https://panoptes-uploads.zooniverse.org/subject_location/914db1b0-51e1-4c25-ade3-dcd0b1a1f05b.jpeg""}",0,,,2026-02-02 07:51:18 UTC,2026-02-02 07:51:18 UTC
117260464,31802,31161,134130,"{""Filename"":""102041657_NEG526678430302442333_gz_arcsinh_vis_y.jpg""}","{""0"":""https://panoptes-uploads.zooniverse.org/subject_location/0d8b1af5-5ae3-4d7b-b705-8e05ceb30b87.jpeg""}",0,,,2026-02-02 07:51:18 UTC,2026-02-02 07:51:18 UTC
117260465,31802,31161,134130,"{""Filename"":""102158581_2646328080651275373_gz_arcsinh_vis_y.jpg""}","{""0"":""https://panoptes-uploads.zooniverse.org/subject_location/0b2ccf8e-0442-4582-9fe1-163a638884da.jpeg""}",0,,,2026-02-02 07:51:19 UTC,2026-02-02 07:51:19 UTC
117260466,31802,31161,134130,"{""Filename"":""102022477_NEG609429819470540283_gz_arcsinh_vis_y.jpg""}","{""0"":""https://panoptes-uploads.zooniverse.org/subject_location/6f7509ce-a419-4e33-8eff-b9e5ff6c694a.jpeg""}",0,,,2026-02-02 07:51:19 UTC,2026-02-02 07:51:19 UTC
117260467,31802,31161,134130,"{""Filename"":""102021992_NEG666769590475163640_gz_arcsinh_vis_y.jpg""}","{""0"":""https://panoptes-uploads.zooniverse.org/subject_location/14acf9cd-9950-4c51-8808-9353f17aff4b.jpeg""}",0,,,2026-02-02 07:51:19 UTC,2026-02-02 07:51:19 UTC
117260468,31802,31161,134130,"{""Filename"":""102043550_NEG538236275284069737_gz_arcsinh_vis_y.jpg""}","{""0"":""https://panoptes-uploads.zooniverse.org/subject_location/1f445f67-fdc2-4c3a-a66e-5b78de85da56.jpeg""}",0,,,2026-02-02 07:51:20 UTC,2026-02-02 07:51:20 UTC
117260469,31802,31161,134130,"{""Filename"":""102159483_2651133842665329494_gz_arcsinh_vis_y.jpg""}","{""0"":""https://panoptes-uploads.zooniverse.org/subject_location/53636b07-14ab-4690-96e0-7fcc754b516d.jpeg""}",0,,,2026-02-02 07:51:20 UTC,2026-02-02 07:51:20 UTC
117260470,31802,31161,134130,"{""Filename"":""102021492_NEG574964256477624315_gz_arcsinh_vis_y.jpg""}","{""0"":""https://panoptes-uploads.zooniverse.org/subject_location/bf186175-9917-49fe-835c-eda3fcf19ba7.jpeg""}",0,,,2026-02-02 07:51:21 UTC,2026-02-02 07:51:21 UTC
117260471,31802,31161,134130,"{""Filename"":""102042285_NEG533211653293968387_gz_arcsinh_vis_y.jpg""}","{""0"":""https://panoptes-uploads.zooniverse.org/subject_location/f6772185-4c3e-4d88-922a-4ad07bbffb7d.jpeg""}",0,,,2026-02-02 07:51:21 UTC,2026-02-02 07:51:21 UTC
117260472,31802,31161,134130,"{""Filename"":""102021011_NEG592268962486530417_gz_arcsinh_vis_y.jpg""}","{""0"":""https://panoptes-uploads.zooniverse.org/subject_location/3d181b1d-5d21-4e4f-a529-1a9c8ac5d2c5.jpeg""}",0,,,2026-02-02 07:51:22 UTC,2026-02-02 07:51:22 UTC
117260473,31802,31161,134130,"{""Filename"":""102157631_2676658675636375388_gz_arcsinh_vis_y.jpg""}","{""0"":""https://panoptes-uploads.zooniverse.org/subject_location/80ce9b66-2d98-444a-a4fc-c88a4f73cede.jpeg""}",0,,,2026-02-02 07:51:22 UTC,2026-02-02 07:51:22 UTC
117260474,31802,31161,134130,"{""Filename"":""102159187_2643742267661628235_gz_arcsinh_vis_y.jpg""}","{""0"":""https://panoptes-uploads.zooniverse.org/subject_location/86dd0d75-5054-4278-9882-99a7b73ef348.jpeg""}",0,,,2026-02-02 07:51:23 UTC,2026-02-02 07:51:23 UTC
117260475,31802,31161,134130,"{""Filename"":""102160057_2678603892677187168_gz_arcsinh_vis_y.jpg""}","{""0"":""https://panoptes-uploads.zooniverse.org/subject_location/d443257d-ef64-4b8c-a79c-79127bbf29f0.jpeg""}",0,,,2026-02-02 07:51:23 UTC,2026-02-02 07:51:23 UTC
117260476,31802,31161,134130,"{""Filename"":""102022483_NEG653109879467621762_gz_arcsinh_vis_y.jpg""}","{""0"":""https://panoptes-uploads.zooniverse.org/subject_location/3a9949cb-3d0b-4b26-9ec1-57bd757d0b9f.jpeg""}",0,,,2026-02-02 07:51:24 UTC,2026-02-02 07:51:24 UTC
117260477,31802,31161,134130,"{""Filename"":""102022978_NEG643626660465784045_gz_arcsinh_vis_y.jpg""}","{""0"":""https://panoptes-uploads.zooniverse.org/subject_location/758fb2c8-1f80-4d0c-863a-cac86539d88b.jpeg""}",0,,,2026-02-02 07:51:24 UTC,2026-02-02 07:51:24 UTC
117260478,31802,31161,134130,"{""Filename"":""102021495_NEG596120631479168733_gz_arcsinh_vis_y.jpg""}","{""0"":""https://panoptes-uploads.zooniverse.org/subject_location/dec51c99-936f-4ff7-b148-3e094748d966.jpeg""}",0,,,2026-02-02 07:51:25 UTC,2026-02-02 07:51:25 UTC
117260479,31802,31161,134130,"{""Filename"":""102021013_NEG606502070483512486_gz_arcsinh_vis_y.jpg""}","{""0"":""https://panoptes-uploads.zooniverse.org/subject_location/409de6ae-0fe6-437b-bd7d-5442a7440905.jpeg""}",0,,,2026-02-02 07:51:25 UTC,2026-02-02 07:51:25 UTC
117260480,31802,31161,134130,"{""Filename"":""102158275_2716759018647283883_gz_arcsinh_vis_y.jpg""}","{""0"":""https://panoptes-uploads.zooniverse.org/subject_location/46bd1a31-6d88-4cf3-959c-27d34c1d3602.jpeg""}",0,,,2026-02-02 07:51:26 UTC,2026-02-02 07:51:26 UTC
117260481,31802,31161,134130,"{""Filename"":""102020055_NEG562034791492729451_gz_arcsinh_vis_y.jpg""}","{""0"":""https://panoptes-uploads.zooniverse.org/subject_location/07ae9c71-2b92-4601-839f-61ad87e043cf.jpeg""}",0,,,2026-02-02 07:51:26 UTC,2026-02-02 07:51:26 UTC
117260482,31802,31161,134130,"{""Filename"":""102157955_2690840256642219777_gz_arcsinh_vis_y.jpg""}","{""0"":""https://panoptes-uploads.zooniverse.org/subject_location/b9fbbb5f-b3f9-4fab-9e53-580f2f6eab43.jpeg""}",0,,,2026-02-02 07:51:27 UTC,2026-02-02 07:51:27 UTC
117260483,31802,31161,134130,"{""Filename"":""102044826_NEG539054674272540229_gz_arcsinh_vis_y.jpg""}","{""0"":""https://panoptes-uploads.zooniverse.org/subject_location/4790359c-d8e7-43ea-8385-c8d441e7f8ea.jpeg""}",0,,,2026-02-02 07:51:27 UTC,2026-02-02 07:51:27 UTC
117260484,31802,31161,134130,"{""Filename"":""102158270_2653006145644890479_gz_arcsinh_vis_y.jpg""}","{""0"":""https://panoptes-uploads.zooniverse.org/subject_location/062ee1cd-e05d-4264-ae7d-564a7c459ee3.jpeg""}",0,,,2026-02-02 07:51:28 UTC,2026-02-02 07:51:28 UTC
117260485,31802,31161,134130,"{""Filename"":""102046114_NEG537404940262815836_gz_arcsinh_vis_y.jpg""}","{""0"":""https://panoptes-uploads.zooniverse.org/subject_location/aa810e3b-45bc-4898-b5b3-b84684000624.jpeg""}",0,,,2026-02-02 07:51:28 UTC,2026-02-02 07:51:28 UTC
117260486,31802,31161,134130,"{""Filename"":""102159772_2659088368671974735_gz_arcsinh_vis_y.jpg""}","{""0"":""https://panoptes-uploads.zooniverse.org/subject_location/55ccaad2-0f66-40bd-9790-8398cf0cc5ba.jpeg""}",0,,,2026-02-02 07:51:28 UTC,2026-02-02 07:51:28 UTC
117260487,31802,31161,134130,"{""Filename"":""102042916_NEG537118175289673323_gz_arcsinh_vis_y.jpg""}","{""0"":""https://panoptes-uploads.zooniverse.org/subject_location/5538e21d-2e6f-4992-becd-815bd16322ec.jpeg""}",0,,,2026-02-02 07:51:29 UTC,2026-02-02 07:51:29 UTC
117260488,31802,31161,134130,"{""Filename"":""102021989_NEG647659914475401997_gz_arcsinh_vis_y.jpg""}","{""0"":""https://panoptes-uploads.zooniverse.org/subject_location/1db6a012-cb3d-42f6-bed3-1248b879ab7f.jpeg""}",0,,,2026-02-02 07:51:29 UTC,2026-02-02 07:51:29 UTC
117260489,31802,31161,134130,"{""Filename"":""102159777_2719952642668604154_gz_arcsinh_vis_y.jpg""}","{""0"":""https://panoptes-uploads.zooniverse.org/subject_location/57e39032-405f-4e02-a416-bbfbd71478e0.jpeg""}",0,,,2026-02-02 07:51:30 UTC,2026-02-02 07:51:30 UTC
117260490,31802,31161,134130,"{""Filename"":""102019592_NEG609392316501069049_gz_arcsinh_vis_y.jpg""}","{""0"":""https://panoptes-uploads.zooniverse.org/subject_location/9c46a085-9839-4e55-afdf-472f3c9352ef.jpeg""}",0,,,2026-02-02 07:51:30 UTC,2026-02-02 07:51:30 UTC
117260491,31802,31161,134130,"{""Filename"":""102044827_NEG546507130275934965_gz_arcsinh_vis_y.jpg""}","{""0"":""https://panoptes-uploads.zooniverse.org/subject_location/d9d71ae8-6ac4-43ba-8794-4c5513792d79.jpeg""}",0,,,2026-02-02 07:51:31 UTC,2026-02-02 07:51:31 UTC
117260492,31802,31161,134130,"{""Filename"":""102041657_NEG530584432299272526_gz_arcsinh_vis_y.jpg""}","{""0"":""https://panoptes-uploads.zooniverse.org/subject_location/ba61b5b1-63d4-4737-82a4-9ad581d3adb1.jpeg""}",0,,,2026-02-02 07:51:31 UTC,2026-02-02 07:51:31 UTC
117260493,31802,31161,134130,"{""Filename"":""102023481_NEG648055525459948803_gz_arcsinh_vis_y.jpg""}","{""0"":""https://panoptes-uploads.zooniverse.org/subject_location/9a3a2273-3216-4f51-96a9-4d55dde6050a.jpeg""}",0,,,2026-02-02 07:51:32 UTC,2026-02-02 07:51:32 UTC
117260494,31802,31161,134130,"{""Filename"":""102158891_2697827618652724939_gz_arcsinh_vis_y.jpg""}","{""0"":""https://panoptes-uploads.zooniverse.org/subject_location/c68a1142-f591-4d0d-8a4c-265dfa076b68.jpeg""}",0,,,2026-02-02 07:51:32 UTC,2026-02-02 07:51:32 UTC
117260495,31802,31161,134130,"{""Filename"":""102159492_2768366115663817151_gz_arcsinh_vis_y.jpg""}","{""0"":""https://panoptes-uploads.zooniverse.org/subject_location/1002570e-29b8-4601-8210-041bb35cff0a.jpeg""}",0,,,2026-02-02 07:51:33 UTC,2026-02-02 07:51:33 UTC
117260496,31802,31161,134130,"{""Filename"":""102158888_2662263292653891893_gz_arcsinh_vis_y.jpg""}","{""0"":""https://panoptes-uploads.zooniverse.org/subject_location/3f211cdc-ed37-4041-9fa8-3ad503779bd5.jpeg""}",0,,,2026-02-02 07:51:33 UTC,2026-02-02 07:51:33 UTC
117260497,31802,31161,134130,"{""Filename"":""102021019_NEG653180768485367302_gz_arcsinh_vis_y.jpg""}","{""0"":""https://panoptes-uploads.zooniverse.org/subject_location/f35de0a9-ac62-48a8-b374-361c686c886a.jpeg""}",0,,,2026-02-02 07:51:34 UTC,2026-02-02 07:51:34 UTC
117260498,31802,31161,134130,"{""Filename"":""102044187_NEG541405144281434569_gz_arcsinh_vis_y.jpg""}","{""0"":""https://panoptes-uploads.zooniverse.org/subject_location/3eba8364-b0e6-4384-a540-ef14963b94a7.jpeg""}",0,,,2026-02-02 07:51:34 UTC,2026-02-02 07:51:34 UTC
117260499,31802,31161,134130,"{""Filename"":""102020530_NEG575728742491519814_gz_arcsinh_vis_y.jpg""}","{""0"":""https://panoptes-uploads.zooniverse.org/subject_location/a5c53949-bc71-429b-b4a6-317ea2607ff3.jpeg""}",0,,,2026-02-02 07:51:35 UTC,2026-02-02 07:51:35 UTC
117260500,31802,31161,134130,"{""Filename"":""102022483_NEG650848374472026763_gz_arcsinh_vis_y.jpg""}","{""0"":""https://panoptes-uploads.zooniverse.org/subject_location/5951f2fd-ac54-4fb7-81cd-d2408139698f.jpeg""}",0,,,2026-02-02 07:51:35 UTC,2026-02-02 07:51:35 UTC
117260501,31802,31161,134130,"{""Filename"":""102158890_2679846499656493216_gz_arcsinh_vis_y.jpg""}","{""0"":""https://panoptes-uploads.zooniverse.org/subject_location/d3c18bff-faa1-46e9-a44d-3772684154a9.jpeg""}",0,,,2026-02-02 07:51:35 UTC,2026-02-02 07:51:35 UTC
117260502,31802,31161,134130,"{""Filename"":""102021500_NEG634610002481925173_gz_arcsinh_vis_y.jpg""}","{""0"":""https://panoptes-uploads.zooniverse.org/subject_location/c8ffea3f-a9a1-4ea6-8d36-dad57f5b5237.jpeg""}",0,,,2026-02-02 07:51:36 UTC,2026-02-02 07:51:36 UTC
117260503,31802,31161,134130,"{""Filename"":""102023479_NEG633006018462248012_gz_arcsinh_vis_y.jpg""}","{""0"":""https://panoptes-uploads.zooniverse.org/subject_location/5c33791a-4ed2-4ebc-bf9e-c7a2e65246e8.jpeg""}",0,,,2026-02-02 07:51:36 UTC,2026-02-02 07:51:36 UTC
117260504,31802,31161,134130,"{""Filename"":""102158889_2674887032655250294_gz_arcsinh_vis_y.jpg""}","{""0"":""https://panoptes-uploads.zooniverse.org/subject_location/763732ed-5a22-41e4-a6bb-2e238b92e8f6.jpeg""}",0,,,2026-02-02 07:51:37 UTC,2026-02-02 07:51:37 UTC
117260505,31802,31161,134130,"{""Filename"":""102021491_NEG567944381477801410_gz_arcsinh_vis_y.jpg""}","{""0"":""https://panoptes-uploads.zooniverse.org/subject_location/f2c6add8-5797-4326-8c44-8f6b2f2b83b5.jpeg""}",0,,,2026-02-02 07:51:37 UTC,2026-02-02 07:51:37 UTC
117260506,31802,31161,134130,"{""Filename"":""102020061_NEG609512231494116822_gz_arcsinh_vis_y.jpg""}","{""0"":""https://panoptes-uploads.zooniverse.org/subject_location/98c47627-6d37-4f3b-9a02-0d26a94e694e.jpeg""}",0,,,2026-02-02 07:51:38 UTC,2026-02-02 07:51:38 UTC
117260507,31802,31161,134130,"{""Filename"":""102020059_NEG594642354495522035_gz_arcsinh_vis_y.jpg""}","{""0"":""https://panoptes-uploads.zooniverse.org/subject_location/7d287ab6-5184-4941-8bc3-77d93baaf62e.jpeg""}",0,,,2026-02-02 07:51:38 UTC,2026-02-02 07:51:38 UTC
117260508,31802,31161,134130,"{""Filename"":""102159489_2725105824664789428_gz_arcsinh_vis_y.jpg""}","{""0"":""https://panoptes-uploads.zooniverse.org/subject_location/da1fdf80-a3d3-42d2-bb20-a0ae098ea32c.jpeg""}",0,,,2026-02-02 07:51:39 UTC,2026-02-02 07:51:39 UTC
117260509,31802,31161,134130,"{""Filename"":""102158887_2645244812653028271_gz_arcsinh_vis_y.jpg""}","{""0"":""https://panoptes-uploads.zooniverse.org/subject_location/b3702f5a-6feb-4270-8d41-45a335330089.jpeg""}",0,,,2026-02-02 07:51:40 UTC,2026-02-02 07:51:40 UTC
117260510,31802,31161,134130,"{""Filename"":""102021015_NEG617898687483995638_gz_arcsinh_vis_y.jpg""}","{""0"":""https://panoptes-uploads.zooniverse.org/subject_location/33b0bd7d-6988-44fb-a487-f229616b0950.jpeg""}",0,,,2026-02-02 07:51:40 UTC,2026-02-02 07:51:40 UTC
117260511,31802,31161,134130,"{""Filename"":""102160055_2648681967675661138_gz_arcsinh_vis_y.jpg""}","{""0"":""https://panoptes-uploads.zooniverse.org/subject_location/a2835751-3bd1-4481-a0ed-3ebe22deaa63.jpeg""}",0,,,2026-02-02 07:51:41 UTC,2026-02-02 07:51:41 UTC
117260512,31802,31161,134130,"{""Filename"":""102022484_NEG659642817467620230_gz_arcsinh_vis_y.jpg""}","{""0"":""https://panoptes-uploads.zooniverse.org/subject_location/c62122bf-10b7-42e4-97b3-4e03fdd28127.jpeg""}",0,,,2026-02-02 07:51:41 UTC,2026-02-02 07:51:41 UTC
117260513,31802,31161,134130,"{""Filename"":""102044186_NEG535834440278717593_gz_arcsinh_vis_y.jpg""}","{""0"":""https://panoptes-uploads.zooniverse.org/subject_location/c1bd6caa-300d-4532-908d-a099c5953279.jpeg""}",0,,,2026-02-02 07:51:42 UTC,2026-02-02 07:51:42 UTC
117260514,31802,31161,134130,"{""Filename"":""102023477_NEG619412526460579684_gz_arcsinh_vis_y.jpg""}","{""0"":""https://panoptes-uploads.zooniverse.org/subject_location/b85829c4-cda0-494c-a90b-35d1d1cbddb3.jpeg""}",0,,,2026-02-02 07:51:42 UTC,2026-02-02 07:51:42 UTC
117260515,31802,31161,134130,"{""Filename"":""102045468_NEG537100816270935205_gz_arcsinh_vis_y.jpg""}","{""0"":""https://panoptes-uploads.zooniverse.org/subject_location/e0d473dc-db39-4c8a-a57e-5546982f2b14.jpeg""}",0,,,2026-02-02 07:51:43 UTC,2026-02-02 07:51:43 UTC
117260516,31802,31161,134130,"{""Filename"":""102159489_2728635476663310044_gz_arcsinh_vis_y.jpg""}","{""0"":""https://panoptes-uploads.zooniverse.org/subject_location/31b433fc-43b0-4dee-a194-aa7f1b2da1a8.jpeg""}",0,,,2026-02-02 07:51:43 UTC,2026-02-02 07:51:43 UTC
117260517,31802,31161,134130,"{""Filename"":""102020058_NEG583766343492473246_gz_arcsinh_vis_y.jpg""}","{""0"":""https://panoptes-uploads.zooniverse.org/subject_location/2831a591-221d-4734-be61-c8528ad14850.jpeg""}",0,,,2026-02-02 07:51:43 UTC,2026-02-02 07:51:43 UTC
117260518,31802,31161,134130,"{""Filename"":""102157958_2717406996640127938_gz_arcsinh_vis_y.jpg""}","{""0"":""https://panoptes-uploads.zooniverse.org/subject_location/403f5bf8-fb34-448f-9d3a-38a1c0c16230.jpeg""}",0,,,2026-02-02 07:51:44 UTC,2026-02-02 07:51:44 UTC
117260519,31802,31161,134130,"{""Filename"":""102159773_2669386994667600750_gz_arcsinh_vis_y.jpg""}","{""0"":""https://panoptes-uploads.zooniverse.org/subject_location/7287fab1-6b43-4567-8391-280b7af7240b.jpeg""}",0,,,2026-02-02 07:51:44 UTC,2026-02-02 07:51:44 UTC
117260520,31802,31161,134130,"{""Filename"":""102018666_NEG579407834510419943_gz_arcsinh_vis_y.jpg""}","{""0"":""https://panoptes-uploads.zooniverse.org/subject_location/4d0a7b79-51d5-42fe-b004-f876691ad081.jpeg""}",0,,,2026-02-02 07:51:45 UTC,2026-02-02 07:51:45 UTC
117260521,31802,31161,134130,"{""Filename"":""102021015_NEG622798612486067861_gz_arcsinh_vis_y.jpg""}","{""0"":""https://panoptes-uploads.zooniverse.org/subject_location/6e1fdda2-cba6-4965-b8ce-90ff9b3ba11d.jpeg""}",0,,,2026-02-02 07:51:45 UTC,2026-02-02 07:51:45 UTC
117260522,31802,31161,134130,"{""Filename"":""102020542_NEG660282030489818697_gz_arcsinh_vis_y.jpg""}","{""0"":""https://panoptes-uploads.zooniverse.org/subject_location/281de45a-89b4-460f-8fd5-b9ed12c528f7.jpeg""}",0,,,2026-02-02 07:51:46 UTC,2026-02-02 07:51:46 UTC
117260523,31802,31161,134130,"{""Filename"":""102159186_2632295957659898919_gz_arcsinh_vis_y.jpg""}","{""0"":""https://panoptes-uploads.zooniverse.org/subject_location/cd5a2bce-0b73-483c-8089-c171aca50005.jpeg""}",0,,,2026-02-02 07:51:46 UTC,2026-02-02 07:51:46 UTC
117260524,31802,31161,134130,"{""Filename"":""102019586_NEG565480613499968810_gz_arcsinh_vis_y.jpg""}","{""0"":""https://panoptes-uploads.zooniverse.org/subject_location/78f13d8e-748f-4489-98be-412a0db0bb2d.jpeg""}",0,,,2026-02-02 07:51:47 UTC,2026-02-02 07:51:47 UTC
117260525,31802,31161,134130,"{""Filename"":""102158582_2657597699649188637_gz_arcsinh_vis_y.jpg""}","{""0"":""https://panoptes-uploads.zooniverse.org/subject_location/2e98adf8-43c0-4149-812b-c9d34cf7de31.jpeg""}",0,,,2026-02-02 07:51:47 UTC,2026-02-02 07:51:47 UTC
117260526,31802,31161,134130,"{""Filename"":""102021502_NEG650696836482174719_gz_arcsinh_vis_y.jpg""}","{""0"":""https://panoptes-uploads.zooniverse.org/subject_location/5285805e-cbe9-4a9f-9197-e4b7057082b4.jpeg""}",0,,,2026-02-02 07:51:48 UTC,2026-02-02 07:51:48 UTC
117260527,31802,31161,134130,"{""Filename"":""102019124_NEG576532441503190045_gz_arcsinh_vis_y.jpg""}","{""0"":""https://panoptes-uploads.zooniverse.org/subject_location/e8fd3ec4-3079-44cf-bf12-5db13078d9c5.jpeg""}",0,,,2026-02-02 07:51:48 UTC,2026-02-02 07:51:48 UTC
117260528,31802,31161,134130,"{""Filename"":""102021017_NEG631548963484336835_gz_arcsinh_vis_y.jpg""}","{""0"":""https://panoptes-uploads.zooniverse.org/subject_location/eff6121a-16ab-464e-aa3f-92e2fdcf810c.jpeg""}",0,,,2026-02-02 07:51:49 UTC,2026-02-02 07:51:49 UTC
117260529,31802,31161,134130,"{""Filename"":""102022479_NEG623948960469406224_gz_arcsinh_vis_y.jpg""}","{""0"":""https://panoptes-uploads.zooniverse.org/subject_location/8c9afddc-4675-4cf6-b84f-22c6005cca96.jpeg""}",0,,,2026-02-02 07:51:49 UTC,2026-02-02 07:51:49 UTC
117260530,31802,31161,134130,"{""Filename"":""102158887_2650669915652524887_gz_arcsinh_vis_y.jpg""}","{""0"":""https://panoptes-uploads.zooniverse.org/subject_location/a7e22284-eafd-49a9-a55b-272b2294f9dc.jpeg""}",0,,,2026-02-02 07:51:50 UTC,2026-02-02 07:51:50 UTC
117260531,31802,31161,134130,"{""Filename"":""102021010_NEG585527212484322275_gz_arcsinh_vis_y.jpg""}","{""0"":""https://panoptes-uploads.zooniverse.org/subject_location/0ab1fa67-28e0-4005-96c7-952b23bbbf14.jpeg""}",0,,,2026-02-02 07:51:50 UTC,2026-02-02 07:51:50 UTC
117260532,31802,31161,134130,"{""Filename"":""102045464_NEG512335288270888845_gz_arcsinh_vis_y.jpg""}","{""0"":""https://panoptes-uploads.zooniverse.org/subject_location/5adce48e-6e32-4aa7-8b90-34fbd8e0076d.jpeg""}",0,,,2026-02-02 07:51:51 UTC,2026-02-02 07:51:51 UTC
117260533,31802,31161,134130,"{""Filename"":""102159774_2689503073667654270_gz_arcsinh_vis_y.jpg""}","{""0"":""https://panoptes-uploads.zooniverse.org/subject_location/9f292302-4059-4533-a7d8-c5150c6f0d65.jpeg""}",0,,,2026-02-02 07:51:51 UTC,2026-02-02 07:51:51 UTC
117260534,31802,31161,134130,"{""Filename"":""102019125_NEG582426884506808576_gz_arcsinh_vis_y.jpg""}","{""0"":""https://panoptes-uploads.zooniverse.org/subject_location/5a6069da-31e0-4fca-a3b3-55e2ad532df4.jpeg""}",0,,,2026-02-02 07:51:52 UTC,2026-02-02 07:51:52 UTC
117260535,31802,31161,134130,"{""Filename"":""102157630_2669203609634474554_gz_arcsinh_vis_y.jpg""}","{""0"":""https://panoptes-uploads.zooniverse.org/subject_location/d5d52aa4-2411-451a-9cbd-150430250b67.jpeg""}",0,,,2026-02-02 07:51:52 UTC,2026-02-02 07:51:52 UTC
117260536,31802,31161,134130,"{""Filename"":""102022482_NEG643610816471684549_gz_arcsinh_vis_y.jpg""}","{""0"":""https://panoptes-uploads.zooniverse.org/subject_location/677a1ba4-80e9-488f-a4bd-fcbc0e0e9f1e.jpeg""}",0,,,2026-02-02 07:51:52 UTC,2026-02-02 07:51:52 UTC
117260537,31802,31161,134130,"{""Filename"":""102021013_NEG603438507486129151_gz_arcsinh_vis_y.jpg""}","{""0"":""https://panoptes-uploads.zooniverse.org/subject_location/fae2ec31-f6db-4d88-9d5c-6916bede81ba.jpeg""}",0,,,2026-02-02 07:51:53 UTC,2026-02-02 07:51:53 UTC
117260538,31802,31161,134130,"{""Filename"":""102020064_NEG633888640493210209_gz_arcsinh_vis_y.jpg""}","{""0"":""https://panoptes-uploads.zooniverse.org/subject_location/23763d9c-6a69-4b32-bbcc-5e3f7da8bdf7.jpeg""}",0,,,2026-02-02 07:51:53 UTC,2026-02-02 07:51:53 UTC
117260539,31802,31161,134130,"{""Filename"":""102022977_NEG635631394463439323_gz_arcsinh_vis_y.jpg""}","{""0"":""https://panoptes-uploads.zooniverse.org/subject_location/c56b08e4-807b-4bdf-8eb3-c1a0bc3eb544.jpeg""}",0,,,2026-02-02 07:51:54 UTC,2026-02-02 07:51:54 UTC
117260540,31802,31161,134130,"{""Filename"":""102021499_NEG629002743479484826_gz_arcsinh_vis_y.jpg""}","{""0"":""https://panoptes-uploads.zooniverse.org/subject_location/4933cb71-3268-470b-b7cd-fc055a016cf6.jpeg""}",0,,,2026-02-02 07:51:54 UTC,2026-02-02 07:51:54 UTC
117260541,31802,31161,134130,"{""Filename"":""102042284_NEG525673310296512132_gz_arcsinh_vis_y.jpg""}","{""0"":""https://panoptes-uploads.zooniverse.org/subject_location/b30335c0-60ab-4284-a281-75dc859df8f7.jpeg""}",0,,,2026-02-02 07:51:55 UTC,2026-02-02 07:51:55 UTC
117260542,31802,31161,134130,"{""Filename"":""102018667_NEG588791600512030047_gz_arcsinh_vis_y.jpg""}","{""0"":""https://panoptes-uploads.zooniverse.org/subject_location/71b74411-492b-4a23-b97e-611518b9fd99.jpeg""}",0,,,2026-02-02 07:51:55 UTC,2026-02-02 07:51:55 UTC
117260543,31802,31161,134130,"{""Filename"":""102158270_2658986205645761101_gz_arcsinh_vis_y.jpg""}","{""0"":""https://panoptes-uploads.zooniverse.org/subject_location/7c5e371e-4e83-42f1-b185-2bb8e3b7b68b.jpeg""}",0,,,2026-02-02 07:51:56 UTC,2026-02-02 07:51:56 UTC
117260544,31802,31161,134130,"{""Filename"":""102022974_NEG614256167465561020_gz_arcsinh_vis_y.jpg""}","{""0"":""https://panoptes-uploads.zooniverse.org/subject_location/c83643d1-d89d-4c1f-a6e6-8888cf157b7a.jpeg""}",0,,,2026-02-02 07:51:56 UTC,2026-02-02 07:51:56 UTC
117260545,31802,31161,134130,"{""Filename"":""102022474_NEG587699172469029309_gz_arcsinh_vis_y.jpg""}","{""0"":""https://panoptes-uploads.zooniverse.org/subject_location/86ff91b3-47ca-49db-92ec-1df492b8a01a.jpeg""}",0,,,2026-02-02 07:51:57 UTC,2026-02-02 07:51:57 UTC
117260546,31802,31161,134130,"{""Filename"":""102160608_2690254660683336904_gz_arcsinh_vis_y.jpg""}","{""0"":""https://panoptes-uploads.zooniverse.org/subject_location/109be047-fcfc-4585-a95a-351e3250b139.jpeg""}",0,,,2026-02-02 07:51:57 UTC,2026-02-02 07:51:57 UTC
117260547,31802,31161,134130,"{""Filename"":""102022476_NEG602450854469160688_gz_arcsinh_vis_y.jpg""}","{""0"":""https://panoptes-uploads.zooniverse.org/subject_location/34e8db58-45ad-46d5-b235-6676a454b4a1.jpeg""}",0,,,2026-02-02 07:51:58 UTC,2026-02-02 07:51:58 UTC
117260548,31802,31161,134130,"{""Filename"":""102022974_NEG611673309463493142_gz_arcsinh_vis_y.jpg""}","{""0"":""https://panoptes-uploads.zooniverse.org/subject_location/c20defcb-1ae4-46c3-a0dc-5f2e6bca1f26.jpeg""}",0,,,2026-02-02 07:51:58 UTC,2026-02-02 07:51:58 UTC
117260549,31802,31161,134130,"{""Filename"":""102159485_2680949706665208595_gz_arcsinh_vis_y.jpg""}","{""0"":""https://panoptes-uploads.zooniverse.org/subject_location/b686029d-e4de-4adf-a2c4-898aeba448ef.jpeg""}",0,,,2026-02-02 07:51:59 UTC,2026-02-02 07:51:59 UTC
117260550,31802,31161,134130,"{""Filename"":""102043547_NEG519000458284061820_gz_arcsinh_vis_y.jpg""}","{""0"":""https://panoptes-uploads.zooniverse.org/subject_location/7320acd9-d47a-45a2-af14-316b4c861a01.jpeg""}",0,,,2026-02-02 07:51:59 UTC,2026-02-02 07:51:59 UTC
117260551,31802,31161,134130,"{""Filename"":""102158893_2717247353656706354_gz_arcsinh_vis_y.jpg""}","{""0"":""https://panoptes-uploads.zooniverse.org/subject_location/48703337-258b-4180-9042-e4ba7652807b.jpeg""}",0,,,2026-02-02 07:52:00 UTC,2026-02-02 07:52:00 UTC
117260552,31802,31161,134130,"{""Filename"":""102020532_NEG584835167491294039_gz_arcsinh_vis_y.jpg""}","{""0"":""https://panoptes-uploads.zooniverse.org/subject_location/92a8bb72-6536-47d6-9e9f-a8a023443b5e.jpeg""}",0,,,2026-02-02 07:52:00 UTC,2026-02-02 07:52:00 UTC
117260553,31802,31161,134130,"{""Filename"":""102022483_NEG650535191468024449_gz_arcsinh_vis_y.jpg""}","{""0"":""https://panoptes-uploads.zooniverse.org/subject_location/3f6902e4-5895-445c-85d5-2479005af0db.jpeg""}",0,,,2026-02-02 07:52:01 UTC,2026-02-02 07:52:01 UTC
117260554,31802,31161,134130,"{""Filename"":""102158269_2649426005644851752_gz_arcsinh_vis_y.jpg""}","{""0"":""https://panoptes-uploads.zooniverse.org/subject_location/91f87e10-ead0-4dab-b0da-b1108d5b5f09.jpeg""}",0,,,2026-02-02 07:52:01 UTC,2026-02-02 07:52:01 UTC
117260555,31802,31161,134130,"{""Filename"":""102021990_NEG652394605473278743_gz_arcsinh_vis_y.jpg""}","{""0"":""https://panoptes-uploads.zooniverse.org/subject_location/b30088a7-8784-4ae1-ac91-b2f09b7475e6.jpeg""}",0,,,2026-02-02 07:52:02 UTC,2026-02-02 07:52:02 UTC
117260556,31802,31161,134130,"{""Filename"":""102021007_NEG557622895486819101_gz_arcsinh_vis_y.jpg""}","{""0"":""https://panoptes-uploads.zooniverse.org/subject_location/8a3f92fd-7479-4be6-a5b7-9a13d5251015.jpeg""}",0,,,2026-02-02 07:52:02 UTC,2026-02-02 07:52:02 UTC
117260557,31802,31161,134130,"{""Filename"":""102022978_NEG643254262466283685_gz_arcsinh_vis_y.jpg""}","{""0"":""https://panoptes-uploads.zooniverse.org/subject_location/0923378c-daee-4492-82fb-ac3837d6fc3f.jpeg""}",0,,,2026-02-02 07:52:02 UTC,2026-02-02 07:52:02 UTC
117260558,31802,31161,134130,"{""Filename"":""102160339_2731120378678055416_gz_arcsinh_vis_y.jpg""}","{""0"":""https://panoptes-uploads.zooniverse.org/subject_location/4271e4fc-d080-4acf-abec-3819d208f73c.jpeg""}",0,,,2026-02-02 07:52:03 UTC,2026-02-02 07:52:03 UTC
117260559,31802,31161,134130,"{""Filename"":""102042288_NEG550079220293816851_gz_arcsinh_vis_y.jpg""}","{""0"":""https://panoptes-uploads.zooniverse.org/subject_location/cd9bfb8d-3a5d-4890-9061-ad3f4dae940f.jpeg""}",0,,,2026-02-02 07:52:03 UTC,2026-02-02 07:52:03 UTC
117260560,31802,31161,134130,"{""Filename"":""102044182_NEG513386760278173878_gz_arcsinh_vis_y.jpg""}","{""0"":""https://panoptes-uploads.zooniverse.org/subject_location/d5d98393-fb1c-4bcd-bf01-292a310ad988.jpeg""}",0,,,2026-02-02 07:52:04 UTC,2026-02-02 07:52:04 UTC
117260561,31802,31161,134130,"{""Filename"":""102158887_2646827996653225479_gz_arcsinh_vis_y.jpg""}","{""0"":""https://panoptes-uploads.zooniverse.org/subject_location/e097f44f-399d-4b84-b43a-1e3624634872.jpeg""}",0,,,2026-02-02 07:52:04 UTC,2026-02-02 07:52:04 UTC
117260562,31802,31161,134130,"{""Filename"":""102160059_2697129938672939600_gz_arcsinh_vis_y.jpg""}","{""0"":""https://panoptes-uploads.zooniverse.org/subject_location/13b61d3a-b1f5-4ab4-b92b-4535d689faba.jpeg""}",0,,,2026-02-02 07:52:05 UTC,2026-02-02 07:52:05 UTC
117260563,31802,31161,134130,"{""Filename"":""102160334_2659081538680068963_gz_arcsinh_vis_y.jpg""}","{""0"":""https://panoptes-uploads.zooniverse.org/subject_location/cef789a3-697b-4e95-9545-929f35380989.jpeg""}",0,,,2026-02-02 07:52:05 UTC,2026-02-02 07:52:05 UTC
117260564,31802,31161,134130,"{""Filename"":""102158890_2684307089655281086_gz_arcsinh_vis_y.jpg""}","{""0"":""https://panoptes-uploads.zooniverse.org/subject_location/c60b38cf-2746-4e28-8160-92dc6b4d180d.jpeg""}",0,,,2026-02-02 07:52:06 UTC,2026-02-02 07:52:06 UTC
117260565,31802,31161,134130,"{""Filename"":""102158590_2751941589651516478_gz_arcsinh_vis_y.jpg""}","{""0"":""https://panoptes-uploads.zooniverse.org/subject_location/ab77c19b-1cd8-4ec2-92e2-2bc4936f18f8.jpeg""}",0,,,2026-02-02 07:52:06 UTC,2026-02-02 07:52:06 UTC
117260566,31802,31161,134130,"{""Filename"":""102022481_NEG639566810471909564_gz_arcsinh_vis_y.jpg""}","{""0"":""https://panoptes-uploads.zooniverse.org/subject_location/42188688-f5aa-455b-b7b4-ce7f05d063bd.jpeg""}",0,,,2026-02-02 07:52:07 UTC,2026-02-02 07:52:07 UTC
117260567,31802,31161,134130,"{""Filename"":""102021493_NEG585233943479305215_gz_arcsinh_vis_y.jpg""}","{""0"":""https://panoptes-uploads.zooniverse.org/subject_location/add92a62-0049-44fc-a7f1-2c8ab4bfcc16.jpeg""}",0,,,2026-02-02 07:52:07 UTC,2026-02-02 07:52:07 UTC
117260568,31802,31161,134130,"{""Filename"":""102021982_NEG593896199474794545_gz_arcsinh_vis_y.jpg""}","{""0"":""https://panoptes-uploads.zooniverse.org/subject_location/2e6bab82-4e8b-4448-9ee8-addfce6ecd78.jpeg""}",0,,,2026-02-02 07:52:08 UTC,2026-02-02 07:52:08 UTC
117260569,31802,31161,134130,"{""Filename"":""102160057_2671325685675619146_gz_arcsinh_vis_y.jpg""}","{""0"":""https://panoptes-uploads.zooniverse.org/subject_location/12773d33-8b08-456b-8be3-2a1743cbb69c.jpeg""}",0,,,2026-02-02 07:52:08 UTC,2026-02-02 07:52:08 UTC
117260570,31802,31161,134130,"{""Filename"":""102157630_2661312649635340173_gz_arcsinh_vis_y.jpg""}","{""0"":""https://panoptes-uploads.zooniverse.org/subject_location/562c71cc-a346-4d97-8cfb-535fecac1b9b.jpeg""}",0,,,2026-02-02 07:52:09 UTC,2026-02-02 07:52:09 UTC
117260571,31802,31161,134130,"{""Filename"":""102045469_NEG544662425271806972_gz_arcsinh_vis_y.jpg""}","{""0"":""https://panoptes-uploads.zooniverse.org/subject_location/db336b0d-aa6d-43ed-bc24-ea89abb2b5b9.jpeg""}",0,,,2026-02-02 07:52:09 UTC,2026-02-02 07:52:09 UTC
117260572,31802,31161,134130,"{""Filename"":""102022979_NEG650341346466275367_gz_arcsinh_vis_y.jpg""}","{""0"":""https://panoptes-uploads.zooniverse.org/subject_location/efcc3d59-923b-4228-9c6d-a5e45c54cc33.jpeg""}",0,,,2026-02-02 07:52:10 UTC,2026-02-02 07:52:10 UTC
117260573,31802,31161,134130,"{""Filename"":""102158892_2705774592653243417_gz_arcsinh_vis_y.jpg""}","{""0"":""https://panoptes-uploads.zooniverse.org/subject_location/9b0439dd-2c89-4cbc-8443-59c1aede6bfe.jpeg""}",0,,,2026-02-02 07:52:10 UTC,2026-02-02 07:52:10 UTC
117260574,31802,31161,134130,"{""Filename"":""102021497_NEG616035226478466051_gz_arcsinh_vis_y.jpg""}","{""0"":""https://panoptes-uploads.zooniverse.org/subject_location/82b807e3-1316-4fec-8e26-66a82131acd4.jpeg""}",0,,,2026-02-02 07:52:10 UTC,2026-02-02 07:52:10 UTC
117260575,31802,31161,134130,"{""Filename"":""102158892_2710718989656591661_gz_arcsinh_vis_y.jpg""}","{""0"":""https://panoptes-uploads.zooniverse.org/subject_location/929f84c6-1ee3-4ceb-8102-09315187d918.jpeg""}",0,,,2026-02-02 07:52:11 UTC,2026-02-02 07:52:11 UTC
117260576,31802,31161,134130,"{""Filename"":""102018669_NEG605797133510543386_gz_arcsinh_vis_y.jpg""}","{""0"":""https://panoptes-uploads.zooniverse.org/subject_location/1543c422-b1ce-46e7-8348-df23cc105a10.jpeg""}",0,,,2026-02-02 07:52:11 UTC,2026-02-02 07:52:11 UTC
117260577,31802,31161,134130,"{""Filename"":""102159186_2631184146658476416_gz_arcsinh_vis_y.jpg""}","{""0"":""https://panoptes-uploads.zooniverse.org/subject_location/0be0f09e-f24d-4ccf-8315-fc8a8c3ffb76.jpeg""}",0,,,2026-02-02 07:52:12 UTC,2026-02-02 07:52:12 UTC
117260578,31802,31161,134130,"{""Filename"":""102021991_NEG661646565475884723_gz_arcsinh_vis_y.jpg""}","{""0"":""https://panoptes-uploads.zooniverse.org/subject_location/7328d393-b695-47b9-a917-17de949f4ab0.jpeg""}",0,,,2026-02-02 07:52:12 UTC,2026-02-02 07:52:12 UTC
117260579,31802,31161,134130,"{""Filename"":""102019126_NEG593041493504935406_gz_arcsinh_vis_y.jpg""}","{""0"":""https://panoptes-uploads.zooniverse.org/subject_location/b341991e-5274-4dd2-913e-34c9b24a2c2e.jpeg""}",0,,,2026-02-02 07:52:13 UTC,2026-02-02 07:52:13 UTC
117260580,31802,31161,134130,"{""Filename"":""102022975_NEG618561979462656090_gz_arcsinh_vis_y.jpg""}","{""0"":""https://panoptes-uploads.zooniverse.org/subject_location/09da77b4-5c8f-402b-80b7-328b65bb8103.jpeg""}",0,,,2026-02-02 07:52:13 UTC,2026-02-02 07:52:13 UTC
117260581,31802,31161,134130,"{""Filename"":""102044825_NEG531207995273536615_gz_arcsinh_vis_y.jpg""}","{""0"":""https://panoptes-uploads.zooniverse.org/subject_location/a2585f2a-9864-4eba-b657-6a6b94b89375.jpeg""}",0,,,2026-02-02 07:52:14 UTC,2026-02-02 07:52:14 UTC
117260582,31802,31161,134130,"{""Filename"":""102158890_2683753536656511473_gz_arcsinh_vis_y.jpg""}","{""0"":""https://panoptes-uploads.zooniverse.org/subject_location/3b296ffd-f1da-4723-b3a3-0c5cfb54a726.jpeg""}",0,,,2026-02-02 07:52:14 UTC,2026-02-02 07:52:14 UTC
117260583,31802,31161,134130,"{""Filename"":""102157956_2699899461637828938_gz_arcsinh_vis_y.jpg""}","{""0"":""https://panoptes-uploads.zooniverse.org/subject_location/8b2ab39b-9cbb-444e-abfb-9bc548e12349.jpeg""}",0,,,2026-02-02 07:52:15 UTC,2026-02-02 07:52:15 UTC
117260584,31802,31161,134130,"{""Filename"":""102022977_NEG631431571463713420_gz_arcsinh_vis_y.jpg""}","{""0"":""https://panoptes-uploads.zooniverse.org/subject_location/6b87da39-4a1a-40bb-af3b-6e86723f09fb.jpeg""}",0,,,2026-02-02 07:52:15 UTC,2026-02-02 07:52:15 UTC
117260585,31802,31161,134130,"{""Filename"":""102019590_NEG596591856497956860_gz_arcsinh_vis_y.jpg""}","{""0"":""https://panoptes-uploads.zooniverse.org/subject_location/ec2fdeea-9c81-4aa2-92c9-431099d822c7.jpeg""}",0,,,2026-02-02 07:52:16 UTC,2026-02-02 07:52:16 UTC
117260586,31802,31161,134130,"{""Filename"":""102020534_NEG600002381490433549_gz_arcsinh_vis_y.jpg""}","{""0"":""https://panoptes-uploads.zooniverse.org/subject_location/b69d1817-0501-4cbe-9c0c-52f9c386c03e.jpeg""}",0,,,2026-02-02 07:52:16 UTC,2026-02-02 07:52:16 UTC
117260587,31802,31161,134130,"{""Filename"":""102042288_NEG550017731293931182_gz_arcsinh_vis_y.jpg""}","{""0"":""https://panoptes-uploads.zooniverse.org/subject_location/fb6f5bec-0c06-4164-9af3-ac309230ebd2.jpeg""}",0,,,2026-02-02 07:52:17 UTC,2026-02-02 07:52:17 UTC
117260588,31802,31161,134130,"{""Filename"":""102021984_NEG610388939472601254_gz_arcsinh_vis_y.jpg""}","{""0"":""https://panoptes-uploads.zooniverse.org/subject_location/79c83435-1105-43de-8450-b0a60dd92a5c.jpeg""}",0,,,2026-02-02 07:52:17 UTC,2026-02-02 07:52:17 UTC
117260589,31802,31161,134130,"{""Filename"":""102159192_2706720321658826022_gz_arcsinh_vis_y.jpg""}","{""0"":""https://panoptes-uploads.zooniverse.org/subject_location/a05da5fc-eb69-4aa3-9fc2-6bb8e2bac483.jpeg""}",0,,,2026-02-02 07:52:18 UTC,2026-02-02 07:52:18 UTC
117260590,31802,31161,134130,"{""Filename"":""102021491_NEG571240663478551617_gz_arcsinh_vis_y.jpg""}","{""0"":""https://panoptes-uploads.zooniverse.org/subject_location/55c554e2-b396-4384-8521-75730220ddf6.jpeg""}",0,,,2026-02-02 07:52:18 UTC,2026-02-02 07:52:18 UTC
117260591,31802,31161,134130,"{""Filename"":""102044821_NEG509976347273031100_gz_arcsinh_vis_y.jpg""}","{""0"":""https://panoptes-uploads.zooniverse.org/subject_location/c7ca2338-a7a9-4731-a793-13db27acbe20.jpeg""}",0,,,2026-02-02 07:52:19 UTC,2026-02-02 07:52:19 UTC
117260592,31802,31161,134130,"{""Filename"":""102020532_NEG589700363489131739_gz_arcsinh_vis_y.jpg""}","{""0"":""https://panoptes-uploads.zooniverse.org/subject_location/0fbde124-9261-4fe3-a04e-2bf249185997.jpeg""}",0,,,2026-02-02 07:52:19 UTC,2026-02-02 07:52:19 UTC
117260593,31802,31161,134130,"{""Filename"":""102159488_2713935085666258644_gz_arcsinh_vis_y.jpg""}","{""0"":""https://panoptes-uploads.zooniverse.org/subject_location/7d4531c3-dc77-46b4-b895-899a2fdfb6cc.jpeg""}",0,,,2026-02-02 07:52:20 UTC,2026-02-02 07:52:20 UTC
117260594,31802,31161,134130,"{""Filename"":""102157958_2721998260641503750_gz_arcsinh_vis_y.jpg""}","{""0"":""https://panoptes-uploads.zooniverse.org/subject_location/921d0772-761b-4e02-99f2-bff531feffdf.jpeg""}",0,,,2026-02-02 07:52:20 UTC,2026-02-02 07:52:20 UTC
117260595,31802,31161,134130,"{""Filename"":""102021492_NEG574472027480551037_gz_arcsinh_vis_y.jpg""}","{""0"":""https://panoptes-uploads.zooniverse.org/subject_location/708b2f94-3c02-4683-a66c-16da307beb71.jpeg""}",0,,,2026-02-02 07:52:21 UTC,2026-02-02 07:52:21 UTC
117260596,31802,31161,134130,"{""Filename"":""102020055_NEG560391174496197899_gz_arcsinh_vis_y.jpg""}","{""0"":""https://panoptes-uploads.zooniverse.org/subject_location/156092c2-b3d2-4b42-9788-caf4ec7d3cb0.jpeg""}",0,,,2026-02-02 07:52:21 UTC,2026-02-02 07:52:21 UTC
117260597,31802,31161,134130,"{""Filename"":""102160057_2677401779677426997_gz_arcsinh_vis_y.jpg""}","{""0"":""https://panoptes-uploads.zooniverse.org/subject_location/3dccdc37-37ce-4495-bacf-13e7c9b909b5.jpeg""}",0,,,2026-02-02 07:52:22 UTC,2026-02-02 07:52:22 UTC
117260598,31802,31161,134130,"{""Filename"":""102021983_NEG602662046474730370_gz_arcsinh_vis_y.jpg""}","{""0"":""https://panoptes-uploads.zooniverse.org/subject_location/4c25126d-9398-454f-96b3-029dcdb9831a.jpeg""}",0,,,2026-02-02 07:52:22 UTC,2026-02-02 07:52:22 UTC
117260599,31802,31161,134130,"{""Filename"":""102021009_NEG576294252485943464_gz_arcsinh_vis_y.jpg""}","{""0"":""https://panoptes-uploads.zooniverse.org/subject_location/bc4ac4f7-c236-4790-bbf5-480f3376d906.jpeg""}",0,,,2026-02-02 07:52:23 UTC,2026-02-02 07:52:23 UTC
117260600,31802,31161,134130,"{""Filename"":""102023481_NEG645560085458587351_gz_arcsinh_vis_y.jpg""}","{""0"":""https://panoptes-uploads.zooniverse.org/subject_location/e47388da-b0bc-4dbe-94f4-d88074397c79.jpeg""}",0,,,2026-02-02 07:52:23 UTC,2026-02-02 07:52:23 UTC
117260601,31802,31161,134130,"{""Filename"":""102159193_2715378988659431272_gz_arcsinh_vis_y.jpg""}","{""0"":""https://panoptes-uploads.zooniverse.org/subject_location/879e706d-b44b-4476-ada0-d5cdc56fb1d6.jpeg""}",0,,,2026-02-02 07:52:24 UTC,2026-02-02 07:52:24 UTC
117260602,31802,31161,134130,"{""Filename"":""102159777_2725514545671531517_gz_arcsinh_vis_y.jpg""}","{""0"":""https://panoptes-uploads.zooniverse.org/subject_location/0d37af05-1f13-4ee3-bc59-2765c08b0758.jpeg""}",0,,,2026-02-02 07:52:24 UTC,2026-02-02 07:52:24 UTC
117260603,31802,31161,134130,"{""Filename"":""102022484_NEG661966513471180151_gz_arcsinh_vis_y.jpg""}","{""0"":""https://panoptes-uploads.zooniverse.org/subject_location/13633381-4b11-4200-ad59-07b241bc8938.jpeg""}",0,,,2026-02-02 07:52:24 UTC,2026-02-02 07:52:24 UTC
117260604,31802,31161,134130,"{""Filename"":""102159776_2708552744668277636_gz_arcsinh_vis_y.jpg""}","{""0"":""https://panoptes-uploads.zooniverse.org/subject_location/d9a03971-e352-4352-ac34-b7f303cd3238.jpeg""}",0,,,2026-02-02 07:52:25 UTC,2026-02-02 07:52:25 UTC
117260605,31802,31161,134130,"{""Filename"":""102020063_NEG624757663497327752_gz_arcsinh_vis_y.jpg""}","{""0"":""https://panoptes-uploads.zooniverse.org/subject_location/b546aded-84b1-4574-a622-7b2350b7316a.jpeg""}",0,,,2026-02-02 07:52:25 UTC,2026-02-02 07:52:25 UTC
117260606,31802,31161,134130,"{""Filename"":""102159194_2730425625657542532_gz_arcsinh_vis_y.jpg""}","{""0"":""https://panoptes-uploads.zooniverse.org/subject_location/7dd6b75c-385e-477a-8ee9-b25f751e2439.jpeg""}",0,,,2026-02-02 07:52:26 UTC,2026-02-02 07:52:26 UTC
117260607,31802,31161,134130,"{""Filename"":""102046112_NEG531265687267135811_gz_arcsinh_vis_y.jpg""}","{""0"":""https://panoptes-uploads.zooniverse.org/subject_location/8d4bc79d-5f2b-44b7-975f-86aa41452655.jpeg""}",0,,,2026-02-02 07:52:26 UTC,2026-02-02 07:52:26 UTC
117260608,31802,31161,134130,"{""Filename"":""102157956_2697224591639340579_gz_arcsinh_vis_y.jpg""}","{""0"":""https://panoptes-uploads.zooniverse.org/subject_location/83682ade-c3e5-4a5d-a799-b2c4d1e3c6c6.jpeg""}",0,,,2026-02-02 07:52:27 UTC,2026-02-02 07:52:27 UTC
117260609,31802,31161,134130,"{""Filename"":""102042914_NEG521898559290559641_gz_arcsinh_vis_y.jpg""}","{""0"":""https://panoptes-uploads.zooniverse.org/subject_location/74841551-27e3-489d-af93-053b327ccd72.jpeg""}",0,,,2026-02-02 07:52:27 UTC,2026-02-02 07:52:27 UTC
117260610,31802,31161,134130,"{""Filename"":""102159190_2673373108659980491_gz_arcsinh_vis_y.jpg""}","{""0"":""https://panoptes-uploads.zooniverse.org/subject_location/9ae314d1-1196-4e3f-8fd5-b61e868c43eb.jpeg""}",0,,,2026-02-02 07:52:28 UTC,2026-02-02 07:52:28 UTC
117260611,31802,31161,134130,"{""Filename"":""102158277_2741727696643605002_gz_arcsinh_vis_y.jpg""}","{""0"":""https://panoptes-uploads.zooniverse.org/subject_location/2904ce1f-fa33-486d-9d33-12c2e6f2aee6.jpeg""}",0,,,2026-02-02 07:52:28 UTC,2026-02-02 07:52:28 UTC
117260612,31802,31161,134130,"{""Filename"":""102022974_NEG609030722465237063_gz_arcsinh_vis_y.jpg""}","{""0"":""https://panoptes-uploads.zooniverse.org/subject_location/86526a27-4da5-4b4c-b8f8-b4339bb760e3.jpeg""}",0,,,2026-02-02 07:52:29 UTC,2026-02-02 07:52:29 UTC
117260613,31802,31161,134130,"{""Filename"":""102020062_NEG620209612495247043_gz_arcsinh_vis_y.jpg""}","{""0"":""https://panoptes-uploads.zooniverse.org/subject_location/cde448c9-1a55-4655-9cbf-ce082c342063.jpeg""}",0,,,2026-02-02 07:52:29 UTC,2026-02-02 07:52:29 UTC
117260614,31802,31161,134130,"{""Filename"":""102020539_NEG642019042487921239_gz_arcsinh_vis_y.jpg""}","{""0"":""https://panoptes-uploads.zooniverse.org/subject_location/8afa2f02-b40a-4cc4-9b8f-3ad34f93891b.jpeg""}",0,,,2026-02-02 07:52:30 UTC,2026-02-02 07:52:30 UTC
117260615,31802,31161,134130,"{""Filename"":""102160334_2670733819681598254_gz_arcsinh_vis_y.jpg""}","{""0"":""https://panoptes-uploads.zooniverse.org/subject_location/0df9812e-0295-4b50-9c41-120cc38b7a42.jpeg""}",0,,,2026-02-02 07:52:30 UTC,2026-02-02 07:52:30 UTC
117260616,31802,31161,134130,"{""Filename"":""102044825_NEG534485435272670534_gz_arcsinh_vis_y.jpg""}","{""0"":""https://panoptes-uploads.zooniverse.org/subject_location/463faaf5-1828-4105-8fe6-c31b91fb728a.jpeg""}",0,,,2026-02-02 07:52:31 UTC,2026-02-02 07:52:31 UTC
117260617,31802,31161,134130,"{""Filename"":""102020062_NEG615700692492516542_gz_arcsinh_vis_y.jpg""}","{""0"":""https://panoptes-uploads.zooniverse.org/subject_location/e787d2e5-e06e-419b-8733-77116caa6bdb.jpeg""}",0,,,2026-02-02 07:52:31 UTC,2026-02-02 07:52:31 UTC
117260618,31802,31161,134130,"{""Filename"":""102042917_NEG537746187287646577_gz_arcsinh_vis_y.jpg""}","{""0"":""https://panoptes-uploads.zooniverse.org/subject_location/af88a13e-99bd-4b44-ade0-560f906bdaa4.jpeg""}",0,,,2026-02-02 07:52:32 UTC,2026-02-02 07:52:32 UTC
117260619,31802,31161,134130,"{""Filename"":""102157954_2680055885642134863_gz_arcsinh_vis_y.jpg""}","{""0"":""https://panoptes-uploads.zooniverse.org/subject_location/70605034-0957-477c-87f3-29dac312fea6.jpeg""}",0,,,2026-02-02 07:52:32 UTC,2026-02-02 07:52:32 UTC
117260620,31802,31161,134130,"{""Filename"":""102021988_NEG640609682474466662_gz_arcsinh_vis_y.jpg""}","{""0"":""https://panoptes-uploads.zooniverse.org/subject_location/bcd6524f-3f48-4f43-ae09-29961e44fad1.jpeg""}",0,,,2026-02-02 07:52:32 UTC,2026-02-02 07:52:32 UTC
117260621,31802,31161,134130,"{""Filename"":""102157957_2715773551640701667_gz_arcsinh_vis_y.jpg""}","{""0"":""https://panoptes-uploads.zooniverse.org/subject_location/c90187c6-35ea-46b5-a224-12aaf5841ed4.jpeg""}",0,,,2026-02-02 07:52:33 UTC,2026-02-02 07:52:33 UTC
117538192,31802,31221,134321,"{""redshift"":""0.1899999976158142"",""object_id"":""-629693856458575146"",""contour_image"":""102023478_NEG629693856458575146_gz_arcsinh_vis_y_contour.jpg"",""original_image"":""102023478_NEG629693856458575146_gz_arcsinh_vis_y.jpg"",""disk-edge-on_yes_fraction"":""0.89160156""}","{""0"":""https://panoptes-uploads.zooniverse.org/subject_location/07b8e281-67f8-4c7a-a215-87f638dc3c6f.jpeg"",""1"":""https://panoptes-uploads.zooniverse.org/subject_location/ad4cdf1b-a82a-4b55-a09c-e5af23b77ed9.jpeg""}",0,,,2026-02-13 08:15:34 UTC,2026-02-13 08:15:34 UTC
117538193,31802,31221,134321,"{""redshift"":""0.1899999976158142"",""object_id"":""2723927136648484691"",""contour_image"":""102158588_2723927136648484691_gz_arcsinh_vis_y_contour.jpg"",""original_image"":""102158588_2723927136648484691_gz_arcsinh_vis_y.jpg"",""disk-edge-on_yes_fraction"":""0.9824219""}","{""0"":""https://panoptes-uploads.zooniverse.org/subject_location/25631627-2749-4929-945f-f2d8d469357c.jpeg"",""1"":""https://panoptes-uploads.zooniverse.org/subject_location/2c05121c-462f-45dc-b262-f323a43eefaf.jpeg""}",0,,,2026-02-13 08:15:36 UTC,2026-02-13 08:15:36 UTC
117538194,31802,31221,134321,"{""redshift"":""0.1700000017881393"",""object_id"":""-648468512465450254"",""contour_image"":""102022979_NEG648468512465450254_gz_arcsinh_vis_y_contour.jpg"",""original_image"":""102022979_NEG648468512465450254_gz_arcsinh_vis_y.jpg"",""disk-edge-on_yes_fraction"":""0.98535156""}","{""0"":""https://panoptes-uploads.zooniverse.org/subject_location/1e176302-0650-4ff1-af8d-f8334639b727.jpeg"",""1"":""https://panoptes-uploads.zooniverse.org/subject_location/7f7266fb-8d9a-455b-809f-760ab89ee6bf.jpeg""}",0,,,2026-02-13 08:15:36 UTC,2026-02-13 08:15:36 UTC
117538195,31802,31221,134321,"{""redshift"":""0.270000010728836"",""object_id"":""-603206550491769139"",""contour_image"":""102020534_NEG603206550491769139_gz_arcsinh_vis_y_contour.jpg"",""original_image"":""102020534_NEG603206550491769139_gz_arcsinh_vis_y.jpg"",""disk-edge-on_yes_fraction"":""0.9848633""}","{""0"":""https://panoptes-uploads.zooniverse.org/subject_location/9b07fb9a-44fb-4ced-89a2-4678001c8435.jpeg"",""1"":""https://panoptes-uploads.zooniverse.org/subject_location/809568b8-8402-4aa3-ad5a-2cf37676ccb3.jpeg""}",0,,,2026-02-13 08:15:37 UTC,2026-02-13 08:15:37 UTC
117538196,31802,31221,134321,"{""redshift"":""0.1400000005960464"",""object_id"":""-585105918513443194"",""contour_image"":""102018212_NEG585105918513443194_gz_arcsinh_vis_y_contour.jpg"",""original_image"":""102018212_NEG585105918513443194_gz_arcsinh_vis_y.jpg"",""disk-edge-on_yes_fraction"":""0.98535156""}","{""0"":""https://panoptes-uploads.zooniverse.org/subject_location/f8a9ca9c-67e7-4ef0-8722-d029316b4250.jpeg"",""1"":""https://panoptes-uploads.zooniverse.org/subject_location/4a9cf396-cf50-46b6-ab7f-9589a90c4acc.jpeg""}",0,,,2026-02-13 08:15:38 UTC,2026-02-13 08:15:38 UTC
117538197,31802,31221,134321,"{""redshift"":""0.0799999982118606"",""object_id"":""2667245773666932647"",""contour_image"":""102159484_2667245773666932647_gz_arcsinh_vis_y_contour.jpg"",""original_image"":""102159484_2667245773666932647_gz_arcsinh_vis_y.jpg"",""disk-edge-on_yes_fraction"":""0.92871094""}","{""0"":""https://panoptes-uploads.zooniverse.org/subject_location/4798bf28-994e-4092-abcc-6a8d3589e870.jpeg"",""1"":""https://panoptes-uploads.zooniverse.org/subject_location/df481e04-1fd9-40fc-ad0e-e276f18038f8.jpeg""}",0,,,2026-02-13 08:15:38 UTC,2026-02-13 08:15:38 UTC
117538198,31802,31221,134321,"{""redshift"":""0.2599999904632568"",""object_id"":""-616367645500573512"",""contour_image"":""102019593_NEG616367645500573512_gz_arcsinh_vis_y_contour.jpg"",""original_image"":""102019593_NEG616367645500573512_gz_arcsinh_vis_y.jpg"",""disk-edge-on_yes_fraction"":""0.97509766""}","{""0"":""https://panoptes-uploads.zooniverse.org/subject_location/e9e18e44-5880-4f3a-beb2-8eb630dcdb10.jpeg"",""1"":""https://panoptes-uploads.zooniverse.org/subject_location/b9aa23a0-6830-4ce3-b820-b80e904c1a4c.jpeg""}",0,,,2026-02-13 08:15:39 UTC,2026-02-13 08:15:39 UTC
117538199,31802,31221,134321,"{""redshift"":""0.2599999904632568"",""object_id"":""-527892516273769165"",""contour_image"":""102044824_NEG527892516273769165_gz_arcsinh_vis_y_contour.jpg"",""original_image"":""102044824_NEG527892516273769165_gz_arcsinh_vis_y.jpg"",""disk-edge-on_yes_fraction"":""0.9692383""}","{""0"":""https://panoptes-uploads.zooniverse.org/subject_location/4e63e369-64a4-4156-8fbc-0419190edc97.jpeg"",""1"":""https://panoptes-uploads.zooniverse.org/subject_location/890b3d5a-8042-416d-bb53-7c06ad4b7a07.jpeg""}",0,,,2026-02-13 08:15:40 UTC,2026-02-13 08:15:40 UTC
117538200,31802,31221,134321,"{""redshift"":""0.2000000029802322"",""object_id"":""-536296159282596690"",""contour_image"":""102043550_NEG536296159282596690_gz_arcsinh_vis_y_contour.jpg"",""original_image"":""102043550_NEG536296159282596690_gz_arcsinh_vis_y.jpg"",""disk-edge-on_yes_fraction"":""0.9711914""}","{""0"":""https://panoptes-uploads.zooniverse.org/subject_location/8c91d7a4-c593-4ef0-90de-393cec146b9b.jpeg"",""1"":""https://panoptes-uploads.zooniverse.org/subject_location/32be7abd-008e-4033-8030-209b7aa71c91.jpeg""}",0,,,2026-02-13 08:15:41 UTC,2026-02-13 08:15:41 UTC
117538201,31802,31221,134321,"{""redshift"":""0.270000010728836"",""object_id"":""-527056869284139920"",""contour_image"":""102043548_NEG527056869284139920_gz_arcsinh_vis_y_contour.jpg"",""original_image"":""102043548_NEG527056869284139920_gz_arcsinh_vis_y.jpg"",""disk-edge-on_yes_fraction"":""0.97802734""}","{""0"":""https://panoptes-uploads.zooniverse.org/subject_location/596492f7-c16b-44ee-8a0e-961c1d43cb92.jpeg"",""1"":""https://panoptes-uploads.zooniverse.org/subject_location/9f34f2ba-16e7-4d49-8e95-be9206f0516d.jpeg""}",0,,,2026-02-13 08:15:42 UTC,2026-02-13 08:15:42 UTC
117538202,31802,31221,134321,"{""redshift"":""0.2399999946355819"",""object_id"":""2677895621656136012"",""contour_image"":""102158889_2677895621656136012_gz_arcsinh_vis_y_contour.jpg"",""original_image"":""102158889_2677895621656136012_gz_arcsinh_vis_y.jpg"",""disk-edge-on_yes_fraction"":""0.95947266""}","{""0"":""https://panoptes-uploads.zooniverse.org/subject_location/029024d6-1e5d-44be-85f5-8eddd56d0291.jpeg"",""1"":""https://panoptes-uploads.zooniverse.org/subject_location/6f07fa3b-d375-48b6-af3f-33e546676c89.jpeg""}",0,,,2026-02-13 08:15:42 UTC,2026-02-13 08:15:42 UTC
117538203,31802,31221,134321,"{""redshift"":""0.2199999988079071"",""object_id"":""2758649542659602651"",""contour_image"":""102159197_2758649542659602651_gz_arcsinh_vis_y_contour.jpg"",""original_image"":""102159197_2758649542659602651_gz_arcsinh_vis_y.jpg"",""disk-edge-on_yes_fraction"":""0.96240234""}","{""0"":""https://panoptes-uploads.zooniverse.org/subject_location/ceecb36c-2e35-4df8-b45d-62ee284fbe67.jpeg"",""1"":""https://panoptes-uploads.zooniverse.org/subject_location/cf61db0c-6b07-4b6e-8d35-32ec5f5e0510.jpeg""}",0,,,2026-02-13 08:15:43 UTC,2026-02-13 08:15:43 UTC
117538204,31802,31221,134321,"{""redshift"":""0.1700000017881393"",""object_id"":""2669715703672463271"",""contour_image"":""102159773_2669715703672463271_gz_arcsinh_vis_y_contour.jpg"",""original_image"":""102159773_2669715703672463271_gz_arcsinh_vis_y.jpg"",""disk-edge-on_yes_fraction"":""0.8901367""}","{""0"":""https://panoptes-uploads.zooniverse.org/subject_location/e35dc190-4609-4efd-8b32-8dc11bc89aec.jpeg"",""1"":""https://panoptes-uploads.zooniverse.org/subject_location/e76cdd25-52bd-4b5f-b94f-a393e48e2764.jpeg""}",0,,,2026-02-13 08:15:43 UTC,2026-02-13 08:15:43 UTC
117538205,31802,31221,134321,"{""redshift"":""0.1500000059604644"",""object_id"":""2737196300675649524"",""contour_image"":""102160062_2737196300675649524_gz_arcsinh_vis_y_contour.jpg"",""original_image"":""102160062_2737196300675649524_gz_arcsinh_vis_y.jpg"",""disk-edge-on_yes_fraction"":""0.98535156""}","{""0"":""https://panoptes-uploads.zooniverse.org/subject_location/9a17663b-4ed7-4e07-bd02-c3cd4d43ca13.jpeg"",""1"":""https://panoptes-uploads.zooniverse.org/subject_location/778e860f-f2c5-4b0b-ba10-6dca358e4050.jpeg""}",0,,,2026-02-13 08:15:44 UTC,2026-02-13 08:15:44 UTC
117538206,31802,31221,134321,"{""redshift"":""0.2399999946355819"",""object_id"":""-588578697474223127"",""contour_image"":""102021981_NEG588578697474223127_gz_arcsinh_vis_y_contour.jpg"",""original_image"":""102021981_NEG588578697474223127_gz_arcsinh_vis_y.jpg"",""disk-edge-on_yes_fraction"":""0.85009766""}","{""0"":""https://panoptes-uploads.zooniverse.org/subject_location/2aba9247-16a1-4a95-8795-fa82eb7f0132.jpeg"",""1"":""https://panoptes-uploads.zooniverse.org/subject_location/3032dbf0-713d-4c6a-a4af-044a838e74f2.jpeg""}",0,,,2026-02-13 08:15:44 UTC,2026-02-13 08:15:44 UTC
117538207,31802,31221,134321,"{""redshift"":""0.2399999946355819"",""object_id"":""-523346501302924571"",""contour_image"":""102041032_NEG523346501302924571_gz_arcsinh_vis_y_contour.jpg"",""original_image"":""102041032_NEG523346501302924571_gz_arcsinh_vis_y.jpg"",""disk-edge-on_yes_fraction"":""0.97802734""}","{""0"":""https://panoptes-uploads.zooniverse.org/subject_location/e34154c8-e0f9-40d7-9fc2-c49f62cd5302.jpeg"",""1"":""https://panoptes-uploads.zooniverse.org/subject_location/4a3476ab-8463-40b7-87e2-78fd5a4c0b0e.jpeg""}",0,,,2026-02-13 08:15:45 UTC,2026-02-13 08:15:45 UTC
117538208,31802,31221,134321,"{""redshift"":""0.0900000035762786"",""object_id"":""2666275677662978981"",""contour_image"":""102159484_2666275677662978981_gz_arcsinh_vis_y_contour.jpg"",""original_image"":""102159484_2666275677662978981_gz_arcsinh_vis_y.jpg"",""disk-edge-on_yes_fraction"":""0.9692383""}","{""0"":""https://panoptes-uploads.zooniverse.org/subject_location/b1c2f4f2-51d5-4b6a-b9e7-67def300ef93.jpeg"",""1"":""https://panoptes-uploads.zooniverse.org/subject_location/0a1679b8-b9ed-4e31-90fa-2320033f12da.jpeg""}",0,,,2026-02-13 08:15:45 UTC,2026-02-13 08:15:45 UTC
117538209,31802,31221,134321,"{""redshift"":""0.270000010728836"",""object_id"":""-611925210493285403"",""contour_image"":""102020061_NEG611925210493285403_gz_arcsinh_vis_y_contour.jpg"",""original_image"":""102020061_NEG611925210493285403_gz_arcsinh_vis_y.jpg"",""disk-edge-on_yes_fraction"":""0.9863281""}","{""0"":""https://panoptes-uploads.zooniverse.org/subject_location/591e3d94-79d4-4703-b5ab-b55c1cc89ce3.jpeg"",""1"":""https://panoptes-uploads.zooniverse.org/subject_location/1e883d9e-5ce8-4517-9f53-e776f85e137b.jpeg""}",0,,,2026-02-13 08:15:46 UTC,2026-02-13 08:15:46 UTC
117538210,31802,31221,134321,"{""redshift"":""0.1800000071525573"",""object_id"":""-623243408461966505"",""contour_image"":""102023477_NEG623243408461966505_gz_arcsinh_vis_y_contour.jpg"",""original_image"":""102023477_NEG623243408461966505_gz_arcsinh_vis_y.jpg"",""disk-edge-on_yes_fraction"":""0.9814453""}","{""0"":""https://panoptes-uploads.zooniverse.org/subject_location/0ff29794-669c-405b-a36a-cd95c374890a.jpeg"",""1"":""https://panoptes-uploads.zooniverse.org/subject_location/96ff193e-1615-46f8-a346-75d85aab1a52.jpeg""}",0,,,2026-02-13 08:15:47 UTC,2026-02-13 08:15:47 UTC
117538211,31802,31221,134321,"{""redshift"":""0.1500000059604644"",""object_id"":""2699317904684493154"",""contour_image"":""102160608_2699317904684493154_gz_arcsinh_vis_y_contour.jpg"",""original_image"":""102160608_2699317904684493154_gz_arcsinh_vis_y.jpg"",""disk-edge-on_yes_fraction"":""0.96972656""}","{""0"":""https://panoptes-uploads.zooniverse.org/subject_location/44892f27-b021-4c6a-aa64-0611a996cf22.jpeg"",""1"":""https://panoptes-uploads.zooniverse.org/subject_location/8e90bced-4cc9-49bb-a0ff-2fc3766e903f.jpeg""}",0,,,2026-02-13 08:15:47 UTC,2026-02-13 08:15:47 UTC
117538212,31802,31221,134321,"{""redshift"":""0.0700000002980232"",""object_id"":""2695739842671763215"",""contour_image"":""102159775_2695739842671763215_gz_arcsinh_vis_y_contour.jpg"",""original_image"":""102159775_2695739842671763215_gz_arcsinh_vis_y.jpg"",""disk-edge-on_yes_fraction"":""0.9863281""}","{""0"":""https://panoptes-uploads.zooniverse.org/subject_location/faf7e148-c42e-4d33-9a6f-7671b9b5ba26.jpeg"",""1"":""https://panoptes-uploads.zooniverse.org/subject_location/13af5413-38fe-444c-9e0c-edd3420d2553.jpeg""}",0,,,2026-02-13 08:15:48 UTC,2026-02-13 08:15:48 UTC
117538213,31802,31221,134321,"{""redshift"":""0.2199999988079071"",""object_id"":""-620512555501378218"",""contour_image"":""102019594_NEG620512555501378218_gz_arcsinh_vis_y_contour.jpg"",""original_image"":""102019594_NEG620512555501378218_gz_arcsinh_vis_y.jpg"",""disk-edge-on_yes_fraction"":""0.9794922""}","{""0"":""https://panoptes-uploads.zooniverse.org/subject_location/bd3bd2ed-1527-4f75-afac-ade1594f05cb.jpeg"",""1"":""https://panoptes-uploads.zooniverse.org/subject_location/854ee0e9-ac26-4826-a214-fe7a91e6ab18.jpeg""}",0,,,2026-02-13 08:15:48 UTC,2026-02-13 08:15:48 UTC
117538214,31802,31221,134321,"{""redshift"":""0.270000010728836"",""object_id"":""2699085565658716524"",""contour_image"":""102159192_2699085565658716524_gz_arcsinh_vis_y_contour.jpg"",""original_image"":""102159192_2699085565658716524_gz_arcsinh_vis_y.jpg"",""disk-edge-on_yes_fraction"":""0.9711914""}","{""0"":""https://panoptes-uploads.zooniverse.org/subject_location/6ea1c32d-06ea-4bcf-9a47-2b8db187bf58.jpeg"",""1"":""https://panoptes-uploads.zooniverse.org/subject_location/bc86952f-0849-4ac4-bacc-930191a54074.jpeg""}",0,,,2026-02-13 08:15:49 UTC,2026-02-13 08:15:49 UTC
117538215,31802,31221,134321,"{""redshift"":""0.2199999988079071"",""object_id"":""2713234977682515683"",""contour_image"":""102160609_2713234977682515683_gz_arcsinh_vis_y_contour.jpg"",""original_image"":""102160609_2713234977682515683_gz_arcsinh_vis_y.jpg"",""disk-edge-on_yes_fraction"":""0.9848633""}","{""0"":""https://panoptes-uploads.zooniverse.org/subject_location/fc756f13-ddd7-45df-a52b-ac3889eb722e.jpeg"",""1"":""https://panoptes-uploads.zooniverse.org/subject_location/d232912e-b5d3-4d11-8e82-8a9ef9293d5e.jpeg""}",0,,,2026-02-13 08:15:49 UTC,2026-02-13 08:15:49 UTC
117538216,31802,31221,134321,"{""redshift"":""0.1599999964237213"",""object_id"":""-527750656291237723"",""contour_image"":""102042915_NEG527750656291237723_gz_arcsinh_vis_y_contour.jpg"",""original_image"":""102042915_NEG527750656291237723_gz_arcsinh_vis_y.jpg"",""disk-edge-on_yes_fraction"":""0.92578125""}","{""0"":""https://panoptes-uploads.zooniverse.org/subject_location/4eef35fa-9907-4053-acdb-7b03afffc7fc.jpeg"",""1"":""https://panoptes-uploads.zooniverse.org/subject_location/36f708df-eaa5-403a-a03a-8fcc83d3bc0b.jpeg""}",0,,,2026-02-13 08:15:50 UTC,2026-02-13 08:15:50 UTC
117538217,31802,31221,134321,"{""redshift"":""0.2000000029802322"",""object_id"":""-530581386262065065"",""contour_image"":""102046761_NEG530581386262065065_gz_arcsinh_vis_y_contour.jpg"",""original_image"":""102046761_NEG530581386262065065_gz_arcsinh_vis_y.jpg"",""disk-edge-on_yes_fraction"":""0.98535156""}","{""0"":""https://panoptes-uploads.zooniverse.org/subject_location/5e684702-482c-4e1a-9ed3-c172bc6f4960.jpeg"",""1"":""https://panoptes-uploads.zooniverse.org/subject_location/47141b51-6296-4347-b7c3-96877177c183.jpeg""}",0,,,2026-02-13 08:15:50 UTC,2026-02-13 08:15:50 UTC
117538218,31802,31221,134321,"{""redshift"":""0.2899999916553497"",""object_id"":""-636745134456266878"",""contour_image"":""102023985_NEG636745134456266878_gz_arcsinh_vis_y_contour.jpg"",""original_image"":""102023985_NEG636745134456266878_gz_arcsinh_vis_y.jpg"",""disk-edge-on_yes_fraction"":""0.97216797""}","{""0"":""https://panoptes-uploads.zooniverse.org/subject_location/1d86e8fe-0a24-4280-b063-b78c25ea6be1.jpeg"",""1"":""https://panoptes-uploads.zooniverse.org/subject_location/5c923088-295e-4a96-9e04-f99b488a2652.jpeg""}",0,,,2026-02-13 08:15:51 UTC,2026-02-13 08:15:51 UTC
117538219,31802,31221,134321,"{""redshift"":""0.25"",""object_id"":""2716863248659724251"",""contour_image"":""102159193_2716863248659724251_gz_arcsinh_vis_y_contour.jpg"",""original_image"":""102159193_2716863248659724251_gz_arcsinh_vis_y.jpg"",""disk-edge-on_yes_fraction"":""0.9736328""}","{""0"":""https://panoptes-uploads.zooniverse.org/subject_location/23b8d6d5-2b93-418a-ac81-4d613dd0e26f.jpeg"",""1"":""https://panoptes-uploads.zooniverse.org/subject_location/5f822761-1f2d-4df3-ac77-5a530688d6ad.jpeg""}",0,,,2026-02-13 08:15:51 UTC,2026-02-13 08:15:51 UTC
117538220,31802,31221,134321,"{""redshift"":""0.0900000035762786"",""object_id"":""2657976854656743055"",""contour_image"":""102158888_2657976854656743055_gz_arcsinh_vis_y_contour.jpg"",""original_image"":""102158888_2657976854656743055_gz_arcsinh_vis_y.jpg"",""disk-edge-on_yes_fraction"":""0.9707031""}","{""0"":""https://panoptes-uploads.zooniverse.org/subject_location/21a53d98-e1f5-4347-900d-7420a7359121.jpeg"",""1"":""https://panoptes-uploads.zooniverse.org/subject_location/14d64656-ad45-408b-a57d-6456bea475f5.jpeg""}",0,,,2026-02-13 08:15:52 UTC,2026-02-13 08:15:52 UTC
117538221,31802,31221,134321,"{""redshift"":""0.2899999916553497"",""object_id"":""-575167001500781116"",""contour_image"":""102019588_NEG575167001500781116_gz_arcsinh_vis_y_contour.jpg"",""original_image"":""102019588_NEG575167001500781116_gz_arcsinh_vis_y.jpg"",""disk-edge-on_yes_fraction"":""0.9868164""}","{""0"":""https://panoptes-uploads.zooniverse.org/subject_location/af89f5b8-56de-4a6e-aeb1-f347a4042910.jpeg"",""1"":""https://panoptes-uploads.zooniverse.org/subject_location/74bbd3b6-69b4-4e9b-9650-78019cefb091.jpeg""}",0,,,2026-02-13 08:15:52 UTC,2026-02-13 08:15:52 UTC
117538222,31802,31221,134321,"{""redshift"":""0.2199999988079071"",""object_id"":""2715579804636693424"",""contour_image"":""102157635_2715579804636693424_gz_arcsinh_vis_y_contour.jpg"",""original_image"":""102157635_2715579804636693424_gz_arcsinh_vis_y.jpg"",""disk-edge-on_yes_fraction"":""0.8520508""}","{""0"":""https://panoptes-uploads.zooniverse.org/subject_location/2ff10141-5578-4acb-b093-797b0c8ab383.jpeg"",""1"":""https://panoptes-uploads.zooniverse.org/subject_location/faf875ef-5a30-4f21-9fe0-9b015aab049c.jpeg""}",0,,,2026-02-13 08:15:53 UTC,2026-02-13 08:15:53 UTC
117538223,31802,31221,134321,"{""redshift"":""0.1800000071525573"",""object_id"":""-516551027290294200"",""contour_image"":""102042913_NEG516551027290294200_gz_arcsinh_vis_y_contour.jpg"",""original_image"":""102042913_NEG516551027290294200_gz_arcsinh_vis_y.jpg"",""disk-edge-on_yes_fraction"":""0.9814453""}","{""0"":""https://panoptes-uploads.zooniverse.org/subject_location/d4f06551-a1d2-4fa3-a017-cf71e70e4094.jpeg"",""1"":""https://panoptes-uploads.zooniverse.org/subject_location/5e8a877e-e492-49bb-bc96-60b0dcbd8e0c.jpeg""}",0,,,2026-02-13 08:15:53 UTC,2026-02-13 08:15:53 UTC
117538224,31802,31221,134321,"{""redshift"":""0.1599999964237213"",""object_id"":""-608711291464066448"",""contour_image"":""102022974_NEG608711291464066448_gz_arcsinh_vis_y_contour.jpg"",""original_image"":""102022974_NEG608711291464066448_gz_arcsinh_vis_y.jpg"",""disk-edge-on_yes_fraction"":""0.94628906""}","{""0"":""https://panoptes-uploads.zooniverse.org/subject_location/8c7bf1ef-d3fb-42ec-a1f3-9886a32e3921.jpeg"",""1"":""https://panoptes-uploads.zooniverse.org/subject_location/5a0cf9da-902d-4bda-8233-a0a55038de12.jpeg""}",0,,,2026-02-13 08:15:54 UTC,2026-02-13 08:15:54 UTC
117538225,31802,31221,134321,"{""redshift"":""0.2800000011920929"",""object_id"":""-618808325471260045"",""contour_image"":""102022478_NEG618808325471260045_gz_arcsinh_vis_y_contour.jpg"",""original_image"":""102022478_NEG618808325471260045_gz_arcsinh_vis_y.jpg"",""disk-edge-on_yes_fraction"":""0.81103516""}","{""0"":""https://panoptes-uploads.zooniverse.org/subject_location/33c65b14-0200-42e3-9d3c-89852d5a881c.jpeg"",""1"":""https://panoptes-uploads.zooniverse.org/subject_location/12f785c9-4bd7-4ced-9f5a-7ae4b8ad392c.jpeg""}",0,,,2026-02-13 08:15:54 UTC,2026-02-13 08:15:54 UTC
117538226,31802,31221,134321,"{""redshift"":""0.25"",""object_id"":""-580434652507648264"",""contour_image"":""102018666_NEG580434652507648264_gz_arcsinh_vis_y_contour.jpg"",""original_image"":""102018666_NEG580434652507648264_gz_arcsinh_vis_y.jpg"",""disk-edge-on_yes_fraction"":""0.9604492""}","{""0"":""https://panoptes-uploads.zooniverse.org/subject_location/d3756dbd-8e29-4923-8711-821c7f9145ba.jpeg"",""1"":""https://panoptes-uploads.zooniverse.org/subject_location/91127785-ca9b-4107-a490-c2d4dc0eb505.jpeg""}",0,,,2026-02-13 08:15:55 UTC,2026-02-13 08:15:55 UTC
117538227,31802,31221,134321,"{""redshift"":""0.050000000745058"",""object_id"":""2692347188638610044"",""contour_image"":""102157955_2692347188638610044_gz_arcsinh_vis_y_contour.jpg"",""original_image"":""102157955_2692347188638610044_gz_arcsinh_vis_y.jpg"",""disk-edge-on_yes_fraction"":""0.94091797""}","{""0"":""https://panoptes-uploads.zooniverse.org/subject_location/7722f215-bdd5-483a-ac3b-524524f28252.jpeg"",""1"":""https://panoptes-uploads.zooniverse.org/subject_location/5006d458-1aa0-4d25-b297-c8d934274f0c.jpeg""}",0,,,2026-02-13 08:15:55 UTC,2026-02-13 08:15:55 UTC
117538228,31802,31221,134321,"{""redshift"":""0.25"",""object_id"":""-526189454282244214"",""contour_image"":""102044184_NEG526189454282244214_gz_arcsinh_vis_y_contour.jpg"",""original_image"":""102044184_NEG526189454282244214_gz_arcsinh_vis_y.jpg"",""disk-edge-on_yes_fraction"":""0.9814453""}","{""0"":""https://panoptes-uploads.zooniverse.org/subject_location/c0938ff6-343a-4f00-af3c-00b42b90e1a4.jpeg"",""1"":""https://panoptes-uploads.zooniverse.org/subject_location/65f55a49-0355-4bcc-a649-e18c3a711a11.jpeg""}",0,,,2026-02-13 08:15:56 UTC,2026-02-13 08:15:56 UTC
117538229,31802,31221,134321,"{""redshift"":""0.1800000071525573"",""object_id"":""-590507044483646075"",""contour_image"":""102021011_NEG590507044483646075_gz_arcsinh_vis_y_contour.jpg"",""original_image"":""102021011_NEG590507044483646075_gz_arcsinh_vis_y.jpg"",""disk-edge-on_yes_fraction"":""0.98535156""}","{""0"":""https://panoptes-uploads.zooniverse.org/subject_location/899fc0a8-2ae7-4956-a56a-bd59a802db4c.jpeg"",""1"":""https://panoptes-uploads.zooniverse.org/subject_location/f94798d5-3d41-4ec1-a1fd-f736e924cfb3.jpeg""}",0,,,2026-02-13 08:15:56 UTC,2026-02-13 08:15:56 UTC
117538230,31802,31221,134321,"{""redshift"":""0.1800000071525573"",""object_id"":""-644321697457178206"",""contour_image"":""102023986_NEG644321697457178206_gz_arcsinh_vis_y_contour.jpg"",""original_image"":""102023986_NEG644321697457178206_gz_arcsinh_vis_y.jpg"",""disk-edge-on_yes_fraction"":""0.9291992""}","{""0"":""https://panoptes-uploads.zooniverse.org/subject_location/a7ab0371-7ae3-45d8-932f-3b70497d2c62.jpeg"",""1"":""https://panoptes-uploads.zooniverse.org/subject_location/e122194c-67ee-4a60-8eee-dcde10f42d50.jpeg""}",0,,,2026-02-13 08:15:57 UTC,2026-02-13 08:15:57 UTC
117538231,31802,31221,134321,"{""redshift"":""0.2599999904632568"",""object_id"":""-636204767481714128"",""contour_image"":""102021500_NEG636204767481714128_gz_arcsinh_vis_y_contour.jpg"",""original_image"":""102021500_NEG636204767481714128_gz_arcsinh_vis_y.jpg"",""disk-edge-on_yes_fraction"":""0.8251953""}","{""0"":""https://panoptes-uploads.zooniverse.org/subject_location/a045a756-f191-4d56-ae8f-eafbbde6c70d.jpeg"",""1"":""https://panoptes-uploads.zooniverse.org/subject_location/96992f6f-3fa6-476b-8210-1b0a99c94e81.jpeg""}",0,,,2026-02-13 08:15:57 UTC,2026-02-13 08:15:57 UTC
117538232,31802,31221,134321,"{""redshift"":""0.2800000011920929"",""object_id"":""2707047075655004294"",""contour_image"":""102158892_2707047075655004294_gz_arcsinh_vis_y_contour.jpg"",""original_image"":""102158892_2707047075655004294_gz_arcsinh_vis_y.jpg"",""disk-edge-on_yes_fraction"":""0.83251953""}","{""0"":""https://panoptes-uploads.zooniverse.org/subject_location/5a18e779-9266-48d9-985e-70cbe2402463.jpeg"",""1"":""https://panoptes-uploads.zooniverse.org/subject_location/4b4084fd-0bd4-4b4c-848e-504595a38bfa.jpeg""}",0,,,2026-02-13 08:15:58 UTC,2026-02-13 08:15:58 UTC
117538233,31802,31221,134321,"{""redshift"":""0.2199999988079071"",""object_id"":""2692650585682107031"",""contour_image"":""102160336_2692650585682107031_gz_arcsinh_vis_y_contour.jpg"",""original_image"":""102160336_2692650585682107031_gz_arcsinh_vis_y.jpg"",""disk-edge-on_yes_fraction"":""0.9555664""}","{""0"":""https://panoptes-uploads.zooniverse.org/subject_location/41b8f274-4afc-47ce-ae1c-b92770b75297.jpeg"",""1"":""https://panoptes-uploads.zooniverse.org/subject_location/bec7caac-c1b8-4646-84fc-8eb2c8dd786e.jpeg""}",0,,,2026-02-13 08:15:58 UTC,2026-02-13 08:15:58 UTC
117538234,31802,31221,134321,"{""redshift"":""0.2599999904632568"",""object_id"":""-666490394470984155"",""contour_image"":""102022485_NEG666490394470984155_gz_arcsinh_vis_y_contour.jpg"",""original_image"":""102022485_NEG666490394470984155_gz_arcsinh_vis_y.jpg"",""disk-edge-on_yes_fraction"":""0.8227539""}","{""0"":""https://panoptes-uploads.zooniverse.org/subject_location/9761860b-b059-47fa-9cba-8ec0f3f993ff.jpeg"",""1"":""https://panoptes-uploads.zooniverse.org/subject_location/a10baaa3-572c-4cc2-950b-b6b79e9d636d.jpeg""}",0,,,2026-02-13 08:15:59 UTC,2026-02-13 08:15:59 UTC
117538235,31802,31221,134321,"{""redshift"":""0.2199999988079071"",""object_id"":""-557931913485580281"",""contour_image"":""102021007_NEG557931913485580281_gz_arcsinh_vis_y_contour.jpg"",""original_image"":""102021007_NEG557931913485580281_gz_arcsinh_vis_y.jpg"",""disk-edge-on_yes_fraction"":""0.8671875""}","{""0"":""https://panoptes-uploads.zooniverse.org/subject_location/454ebf35-a67d-40d0-90cc-234ddabeb906.jpeg"",""1"":""https://panoptes-uploads.zooniverse.org/subject_location/1676fe6d-cb76-4a02-960e-076e646fb5f3.jpeg""}",0,,,2026-02-13 08:16:01 UTC,2026-02-13 08:16:01 UTC
117538236,31802,31221,134321,"{""redshift"":""0.1400000005960464"",""object_id"":""-613120695461455754"",""contour_image"":""102023476_NEG613120695461455754_gz_arcsinh_vis_y_contour.jpg"",""original_image"":""102023476_NEG613120695461455754_gz_arcsinh_vis_y.jpg"",""disk-edge-on_yes_fraction"":""0.93066406""}","{""0"":""https://panoptes-uploads.zooniverse.org/subject_location/854c741e-7bab-401b-98f4-8863793c5e78.jpeg"",""1"":""https://panoptes-uploads.zooniverse.org/subject_location/f03d52cf-7727-4f2c-a94e-79c6562e7753.jpeg""}",0,,,2026-02-13 08:16:01 UTC,2026-02-13 08:16:01 UTC
117538237,31802,31221,134321,"{""redshift"":""0.1500000059604644"",""object_id"":""-608604333480028687"",""contour_image"":""102021496_NEG608604333480028687_gz_arcsinh_vis_y_contour.jpg"",""original_image"":""102021496_NEG608604333480028687_gz_arcsinh_vis_y.jpg"",""disk-edge-on_yes_fraction"":""0.9243164""}","{""0"":""https://panoptes-uploads.zooniverse.org/subject_location/354b1365-65bc-4d28-8d54-d7b2dcf3cb8a.jpeg"",""1"":""https://panoptes-uploads.zooniverse.org/subject_location/aec9a909-7650-402b-a7a6-45fae64b182e.jpeg""}",0,,,2026-02-13 08:16:02 UTC,2026-02-13 08:16:02 UTC
117538238,31802,31221,134321,"{""redshift"":""0.1199999973177909"",""object_id"":""-543903822273221184"",""contour_image"":""102044827_NEG543903822273221184_gz_arcsinh_vis_y_contour.jpg"",""original_image"":""102044827_NEG543903822273221184_gz_arcsinh_vis_y.jpg"",""disk-edge-on_yes_fraction"":""0.89990234""}","{""0"":""https://panoptes-uploads.zooniverse.org/subject_location/39e5453d-5e3b-4054-ae6c-b125d51f10d8.jpeg"",""1"":""https://panoptes-uploads.zooniverse.org/subject_location/51908b44-2024-4457-959d-8deec9a7f0e4.jpeg""}",0,,,2026-02-13 08:16:03 UTC,2026-02-13 08:16:03 UTC
117538239,31802,31221,134321,"{""redshift"":""0.050000000745058"",""object_id"":""2667261477681246157"",""contour_image"":""102160334_2667261477681246157_gz_arcsinh_vis_y_contour.jpg"",""original_image"":""102160334_2667261477681246157_gz_arcsinh_vis_y.jpg"",""disk-edge-on_yes_fraction"":""0.9716797""}","{""0"":""https://panoptes-uploads.zooniverse.org/subject_location/a13039ef-e85c-4070-826a-0ed665951c4f.jpeg"",""1"":""https://panoptes-uploads.zooniverse.org/subject_location/3b3aef38-50fc-4c00-a660-db1802a64a5d.jpeg""}",0,,,2026-02-13 08:16:03 UTC,2026-02-13 08:16:03 UTC
117538240,31802,31221,134321,"{""redshift"":""0.1099999994039535"",""object_id"":""-556132570485704542"",""contour_image"":""102021006_NEG556132570485704542_gz_arcsinh_vis_y_contour.jpg"",""original_image"":""102021006_NEG556132570485704542_gz_arcsinh_vis_y.jpg"",""disk-edge-on_yes_fraction"":""0.91552734""}","{""0"":""https://panoptes-uploads.zooniverse.org/subject_location/f0b4af75-9e82-4d6f-97b6-33fbae78e4e1.jpeg"",""1"":""https://panoptes-uploads.zooniverse.org/subject_location/19f01bd5-dbe4-4fbb-9fdf-c1df3a21102c.jpeg""}",0,,,2026-02-13 08:16:04 UTC,2026-02-13 08:16:04 UTC
117538241,31802,31221,134321,"{""redshift"":""0.2599999904632568"",""object_id"":""-637909769471409362"",""contour_image"":""102022481_NEG637909769471409362_gz_arcsinh_vis_y_contour.jpg"",""original_image"":""102022481_NEG637909769471409362_gz_arcsinh_vis_y.jpg"",""disk-edge-on_yes_fraction"":""0.98535156""}","{""0"":""https://panoptes-uploads.zooniverse.org/subject_location/9f4a1cc8-10aa-4432-a04f-fd917506ce79.jpeg"",""1"":""https://panoptes-uploads.zooniverse.org/subject_location/33b57f96-377c-4b5b-822b-cc1ab0c3f352.jpeg""}",0,,,2026-02-13 08:16:04 UTC,2026-02-13 08:16:04 UTC
117538242,31802,31221,134321,"{""redshift"":""0.0599999986588954"",""object_id"":""-511252520275344183"",""contour_image"":""102044821_NEG511252520275344183_gz_arcsinh_vis_y_contour.jpg"",""original_image"":""102044821_NEG511252520275344183_gz_arcsinh_vis_y.jpg"",""disk-edge-on_yes_fraction"":""0.95410156""}","{""0"":""https://panoptes-uploads.zooniverse.org/subject_location/04af7314-17ac-49a1-9f0e-d675b6f94d51.jpeg"",""1"":""https://panoptes-uploads.zooniverse.org/subject_location/563aace3-b21e-4dc8-bad4-7db2bcc7a5a6.jpeg""}",0,,,2026-02-13 08:16:05 UTC,2026-02-13 08:16:05 UTC
117538243,31802,31221,134321,"{""redshift"":""0.1000000014901161"",""object_id"":""2645940516656313776"",""contour_image"":""102158887_2645940516656313776_gz_arcsinh_vis_y_contour.jpg"",""original_image"":""102158887_2645940516656313776_gz_arcsinh_vis_y.jpg"",""disk-edge-on_yes_fraction"":""0.9868164""}","{""0"":""https://panoptes-uploads.zooniverse.org/subject_location/b27e714f-855c-4f1a-8dde-a70680863aef.jpeg"",""1"":""https://panoptes-uploads.zooniverse.org/subject_location/7cbc5499-8b9c-4cfa-83b8-9a3a9a305b6d.jpeg""}",0,,,2026-02-13 08:16:06 UTC,2026-02-13 08:16:06 UTC
117538244,31802,31221,134321,"{""redshift"":""0.1800000071525573"",""object_id"":""2698168636670061902"",""contour_image"":""102159775_2698168636670061902_gz_arcsinh_vis_y_contour.jpg"",""original_image"":""102159775_2698168636670061902_gz_arcsinh_vis_y.jpg"",""disk-edge-on_yes_fraction"":""0.9838867""}","{""0"":""https://panoptes-uploads.zooniverse.org/subject_location/578744f4-b181-4317-b267-d147e55c9763.jpeg"",""1"":""https://panoptes-uploads.zooniverse.org/subject_location/a5c5fcdc-a070-4349-bb42-7770fb1405ea.jpeg""}",0,,,2026-02-13 08:16:06 UTC,2026-02-13 08:16:06 UTC
117538245,31802,31221,134321,"{""redshift"":""0.0700000002980232"",""object_id"":""2668588793642954401"",""contour_image"":""102158271_2668588793642954401_gz_arcsinh_vis_y_contour.jpg"",""original_image"":""102158271_2668588793642954401_gz_arcsinh_vis_y.jpg"",""disk-edge-on_yes_fraction"":""0.9082031""}","{""0"":""https://panoptes-uploads.zooniverse.org/subject_location/e99cb686-06de-433f-b41e-f589a0f08fbb.jpeg"",""1"":""https://panoptes-uploads.zooniverse.org/subject_location/b1b618a1-5f30-42e3-a257-fed1f4dbee3c.jpeg""}",0,,,2026-02-13 08:16:07 UTC,2026-02-13 08:16:07 UTC
117538246,31802,31221,134321,"{""redshift"":""0.1700000017881393"",""object_id"":""-520956362299404710"",""contour_image"":""102041656_NEG520956362299404710_gz_arcsinh_vis_y_contour.jpg"",""original_image"":""102041656_NEG520956362299404710_gz_arcsinh_vis_y.jpg"",""disk-edge-on_yes_fraction"":""0.96533203""}","{""0"":""https://panoptes-uploads.zooniverse.org/subject_location/707ac88d-b498-4a43-a976-530bbc0fdd60.jpeg"",""1"":""https://panoptes-uploads.zooniverse.org/subject_location/2aef5123-21bc-419c-a622-552ae3560c66.jpeg""}",0,,,2026-02-13 08:16:07 UTC,2026-02-13 08:16:07 UTC
117538247,31802,31221,134321,"{""redshift"":""0.2300000041723251"",""object_id"":""-581856185502831674"",""contour_image"":""102019125_NEG581856185502831674_gz_arcsinh_vis_y_contour.jpg"",""original_image"":""102019125_NEG581856185502831674_gz_arcsinh_vis_y.jpg"",""disk-edge-on_yes_fraction"":""0.9321289""}","{""0"":""https://panoptes-uploads.zooniverse.org/subject_location/4a4bf761-ee9b-4bcb-afdc-8ac898ce97fb.jpeg"",""1"":""https://panoptes-uploads.zooniverse.org/subject_location/b9ebd669-e3ae-4b93-a151-7e0133c134fd.jpeg""}",0,,,2026-02-13 08:16:09 UTC,2026-02-13 08:16:09 UTC
117538248,31802,31221,134321,"{""redshift"":""0.2199999988079071"",""object_id"":""-615489341504707972"",""contour_image"":""102019129_NEG615489341504707972_gz_arcsinh_vis_y_contour.jpg"",""original_image"":""102019129_NEG615489341504707972_gz_arcsinh_vis_y.jpg"",""disk-edge-on_yes_fraction"":""0.9482422""}","{""0"":""https://panoptes-uploads.zooniverse.org/subject_location/829896b5-97d5-41c4-b800-05c782aabde1.jpeg"",""1"":""https://panoptes-uploads.zooniverse.org/subject_location/6ab2b3cf-5bd3-4be4-a5a4-e1dc2c5a5f6e.jpeg""}",0,,,2026-02-13 08:16:09 UTC,2026-02-13 08:16:09 UTC
117538249,31802,31221,134321,"{""redshift"":""0.1700000017881393"",""object_id"":""-530976477284738739"",""contour_image"":""102043549_NEG530976477284738739_gz_arcsinh_vis_y_contour.jpg"",""original_image"":""102043549_NEG530976477284738739_gz_arcsinh_vis_y.jpg"",""disk-edge-on_yes_fraction"":""0.9580078""}","{""0"":""https://panoptes-uploads.zooniverse.org/subject_location/529ca26f-ddf6-4c7e-b534-ab925295f0d9.jpeg"",""1"":""https://panoptes-uploads.zooniverse.org/subject_location/aaa30020-96ba-4f22-9a19-20814a66e5d1.jpeg""}",0,,,2026-02-13 08:16:10 UTC,2026-02-13 08:16:10 UTC
117538250,31802,31221,134321,"{""redshift"":""0.0399999991059303"",""object_id"":""2707618378638036591"",""contour_image"":""102157957_2707618378638036591_gz_arcsinh_vis_y_contour.jpg"",""original_image"":""102157957_2707618378638036591_gz_arcsinh_vis_y.jpg"",""disk-edge-on_yes_fraction"":""0.97314453""}","{""0"":""https://panoptes-uploads.zooniverse.org/subject_location/df0d8396-e47a-4ed8-8b78-c6153d273cec.jpeg"",""1"":""https://panoptes-uploads.zooniverse.org/subject_location/ce3774bf-7238-46f2-880d-a48ae1f5b009.jpeg""}",0,,,2026-02-13 08:16:11 UTC,2026-02-13 08:16:11 UTC
117538251,31802,31221,134321,"{""redshift"":""0.1800000071525573"",""object_id"":""2707911508640506929"",""contour_image"":""102157957_2707911508640506929_gz_arcsinh_vis_y_contour.jpg"",""original_image"":""102157957_2707911508640506929_gz_arcsinh_vis_y.jpg"",""disk-edge-on_yes_fraction"":""0.98583984""}","{""0"":""https://panoptes-uploads.zooniverse.org/subject_location/60da939b-0d96-4f2e-ab86-aaf178db3e3d.jpeg"",""1"":""https://panoptes-uploads.zooniverse.org/subject_location/63114bba-356b-4222-ba17-f6a5f6be01c9.jpeg""}",0,,,2026-02-13 08:16:12 UTC,2026-02-13 08:16:12 UTC
117538252,31802,31221,134321,"{""redshift"":""0.2399999946355819"",""object_id"":""-634594882496462351"",""contour_image"":""102020064_NEG634594882496462351_gz_arcsinh_vis_y_contour.jpg"",""original_image"":""102020064_NEG634594882496462351_gz_arcsinh_vis_y.jpg"",""disk-edge-on_yes_fraction"":""0.98291016""}","{""0"":""https://panoptes-uploads.zooniverse.org/subject_location/8dd729be-449a-44b8-8100-585b04460489.jpeg"",""1"":""https://panoptes-uploads.zooniverse.org/subject_location/08e9b16e-3186-432f-8b39-0bb76f4e1e36.jpeg""}",0,,,2026-02-13 08:16:13 UTC,2026-02-13 08:16:13 UTC
117538253,31802,31221,134321,"{""redshift"":""0.1500000059604644"",""object_id"":""-517907649268636693"",""contour_image"":""102045465_NEG517907649268636693_gz_arcsinh_vis_y_contour.jpg"",""original_image"":""102045465_NEG517907649268636693_gz_arcsinh_vis_y.jpg"",""disk-edge-on_yes_fraction"":""0.98095703""}","{""0"":""https://panoptes-uploads.zooniverse.org/subject_location/10f7eadb-454c-452f-a483-579f29bbec84.jpeg"",""1"":""https://panoptes-uploads.zooniverse.org/subject_location/de237ba4-a5c7-4a16-b4a1-55e174c27854.jpeg""}",0,,,2026-02-13 08:16:14 UTC,2026-02-13 08:16:14 UTC
117538254,31802,31221,134321,"{""redshift"":""0.1899999976158142"",""object_id"":""-508261029271360871"",""contour_image"":""102045463_NEG508261029271360871_gz_arcsinh_vis_y_contour.jpg"",""original_image"":""102045463_NEG508261029271360871_gz_arcsinh_vis_y.jpg"",""disk-edge-on_yes_fraction"":""0.9501953""}","{""0"":""https://panoptes-uploads.zooniverse.org/subject_location/12b94b3f-5ddb-4af2-93ad-1c61a216af39.jpeg"",""1"":""https://panoptes-uploads.zooniverse.org/subject_location/d1d0a69b-fe60-44a2-9fa3-40a173722e24.jpeg""}",0,,,2026-02-13 08:16:14 UTC,2026-02-13 08:16:14 UTC
117538255,31802,31221,134321,"{""redshift"":""0.1700000017881393"",""object_id"":""-543565497285303345"",""contour_image"":""102043551_NEG543565497285303345_gz_arcsinh_vis_y_contour.jpg"",""original_image"":""102043551_NEG543565497285303345_gz_arcsinh_vis_y.jpg"",""disk-edge-on_yes_fraction"":""0.9707031""}","{""0"":""https://panoptes-uploads.zooniverse.org/subject_location/57667093-83e3-4f86-b168-a7baa509132b.jpeg"",""1"":""https://panoptes-uploads.zooniverse.org/subject_location/db1f2d6f-8940-4a6f-b62f-dd29d12bdc3e.jpeg""}",0,,,2026-02-13 08:16:15 UTC,2026-02-13 08:16:15 UTC
117538256,31802,31221,134321,"{""redshift"":""0.1299999952316284"",""object_id"":""-527882740287150021"",""contour_image"":""102043548_NEG527882740287150021_gz_arcsinh_vis_y_contour.jpg"",""original_image"":""102043548_NEG527882740287150021_gz_arcsinh_vis_y.jpg"",""disk-edge-on_yes_fraction"":""0.9609375""}","{""0"":""https://panoptes-uploads.zooniverse.org/subject_location/d2505491-d427-4cf9-a420-0df8de81258f.jpeg"",""1"":""https://panoptes-uploads.zooniverse.org/subject_location/ef54ef26-a2d6-4a45-be9a-974b5508120b.jpeg""}",0,,,2026-02-13 08:16:15 UTC,2026-02-13 08:16:15 UTC
117538257,31802,31221,134321,"{""redshift"":""0.1899999976158142"",""object_id"":""2679629860638289300"",""contour_image"":""102157954_2679629860638289300_gz_arcsinh_vis_y_contour.jpg"",""original_image"":""102157954_2679629860638289300_gz_arcsinh_vis_y.jpg"",""disk-edge-on_yes_fraction"":""0.97998047""}","{""0"":""https://panoptes-uploads.zooniverse.org/subject_location/9cb31f2d-85d4-468a-a02c-e325d4e479a4.jpeg"",""1"":""https://panoptes-uploads.zooniverse.org/subject_location/321ff2a8-9489-4eac-b0db-447b2d4c158a.jpeg""}",0,,,2026-02-13 08:16:16 UTC,2026-02-13 08:16:16 UTC
117538258,31802,31221,134321,"{""redshift"":""0.1099999994039535"",""object_id"":""2731689158641453850"",""contour_image"":""102157959_2731689158641453850_gz_arcsinh_vis_y_contour.jpg"",""original_image"":""102157959_2731689158641453850_gz_arcsinh_vis_y.jpg"",""disk-edge-on_yes_fraction"":""0.9682617""}","{""0"":""https://panoptes-uploads.zooniverse.org/subject_location/38d07af7-017a-4d39-9a23-b03f5b5f8d75.jpeg"",""1"":""https://panoptes-uploads.zooniverse.org/subject_location/e9a7420a-613e-4757-8e69-282e4c373c2c.jpeg""}",0,,,2026-02-13 08:16:16 UTC,2026-02-13 08:16:16 UTC
117538259,31802,31221,134321,"{""redshift"":""0.1400000005960464"",""object_id"":""2755785926663347588"",""contour_image"":""102159491_2755785926663347588_gz_arcsinh_vis_y_contour.jpg"",""original_image"":""102159491_2755785926663347588_gz_arcsinh_vis_y.jpg"",""disk-edge-on_yes_fraction"":""0.9692383""}","{""0"":""https://panoptes-uploads.zooniverse.org/subject_location/862228b1-9c70-4772-bdfe-92f22498cdd8.jpeg"",""1"":""https://panoptes-uploads.zooniverse.org/subject_location/a56e593b-d208-4b8b-aea1-89d7ba85a958.jpeg""}",0,,,2026-02-13 08:16:17 UTC,2026-02-13 08:16:17 UTC
117538260,31802,31221,134321,"{""redshift"":""0.270000010728836"",""object_id"":""-614418791488040621"",""contour_image"":""102020535_NEG614418791488040621_gz_arcsinh_vis_y_contour.jpg"",""original_image"":""102020535_NEG614418791488040621_gz_arcsinh_vis_y.jpg"",""disk-edge-on_yes_fraction"":""0.9291992""}","{""0"":""https://panoptes-uploads.zooniverse.org/subject_location/011172a5-ffa9-4558-869f-301846062d66.jpeg"",""1"":""https://panoptes-uploads.zooniverse.org/subject_location/7d74d90a-694a-4f78-ac9d-4813bc1b62e4.jpeg""}",0,,,2026-02-13 08:16:17 UTC,2026-02-13 08:16:17 UTC
117538261,31802,31221,134321,"{""redshift"":""0.209999993443489"",""object_id"":""-598210350490269747"",""contour_image"":""102020533_NEG598210350490269747_gz_arcsinh_vis_y_contour.jpg"",""original_image"":""102020533_NEG598210350490269747_gz_arcsinh_vis_y.jpg"",""disk-edge-on_yes_fraction"":""0.9272461""}","{""0"":""https://panoptes-uploads.zooniverse.org/subject_location/75f2956c-daaf-4d72-aa63-9c3dcc2726c3.jpeg"",""1"":""https://panoptes-uploads.zooniverse.org/subject_location/529a51ce-26d6-450a-9ccc-826674127dce.jpeg""}",0,,,2026-02-13 08:16:18 UTC,2026-02-13 08:16:18 UTC
117538262,31802,31221,134321,"{""redshift"":""0.0700000002980232"",""object_id"":""-614026816489188419"",""contour_image"":""102020535_NEG614026816489188419_gz_arcsinh_vis_y_contour.jpg"",""original_image"":""102020535_NEG614026816489188419_gz_arcsinh_vis_y.jpg"",""disk-edge-on_yes_fraction"":""0.94873047""}","{""0"":""https://panoptes-uploads.zooniverse.org/subject_location/489ffb80-0d00-4bb7-8113-09655ac9908f.jpeg"",""1"":""https://panoptes-uploads.zooniverse.org/subject_location/633f69f1-cb96-4462-9cdf-b574ea4a25b6.jpeg""}",0,,,2026-02-13 08:16:18 UTC,2026-02-13 08:16:18 UTC
117538263,31802,31221,134321,"{""redshift"":""0.1299999952316284"",""object_id"":""-515934967285961610"",""contour_image"":""102043546_NEG515934967285961610_gz_arcsinh_vis_y_contour.jpg"",""original_image"":""102043546_NEG515934967285961610_gz_arcsinh_vis_y.jpg"",""disk-edge-on_yes_fraction"":""0.98095703""}","{""0"":""https://panoptes-uploads.zooniverse.org/subject_location/3d5b4d3b-2afc-40fc-a439-0048027b710d.jpeg"",""1"":""https://panoptes-uploads.zooniverse.org/subject_location/01efc6c5-d3cb-44df-9bf6-5e535759bedf.jpeg""}",0,,,2026-02-13 08:16:19 UTC,2026-02-13 08:16:19 UTC
117538264,31802,31221,134321,"{""redshift"":""0.25"",""object_id"":""-594449310472168352"",""contour_image"":""102022475_NEG594449310472168352_gz_arcsinh_vis_y_contour.jpg"",""original_image"":""102022475_NEG594449310472168352_gz_arcsinh_vis_y.jpg"",""disk-edge-on_yes_fraction"":""0.98291016""}","{""0"":""https://panoptes-uploads.zooniverse.org/subject_location/8933f9fb-7f19-4405-b30e-118a9162d70f.jpeg"",""1"":""https://panoptes-uploads.zooniverse.org/subject_location/9fc5d3e8-abb1-4cea-a2e1-1711c994594e.jpeg""}",0,,,2026-02-13 08:16:19 UTC,2026-02-13 08:16:19 UTC
117538265,31802,31221,134321,"{""redshift"":""0.1800000071525573"",""object_id"":""-618517158482468578"",""contour_image"":""102021498_NEG618517158482468578_gz_arcsinh_vis_y_contour.jpg"",""original_image"":""102021498_NEG618517158482468578_gz_arcsinh_vis_y.jpg"",""disk-edge-on_yes_fraction"":""0.80371094""}","{""0"":""https://panoptes-uploads.zooniverse.org/subject_location/81aad91d-b4af-494b-84bc-af1727f8871b.jpeg"",""1"":""https://panoptes-uploads.zooniverse.org/subject_location/1116f702-6791-4c86-b020-22ae7fd0ea48.jpeg""}",0,,,2026-02-13 08:16:20 UTC,2026-02-13 08:16:20 UTC
117538266,31802,31221,134321,"{""redshift"":""0.270000010728836"",""object_id"":""-603292327500289344"",""contour_image"":""102019591_NEG603292327500289344_gz_arcsinh_vis_y_contour.jpg"",""original_image"":""102019591_NEG603292327500289344_gz_arcsinh_vis_y.jpg"",""disk-edge-on_yes_fraction"":""0.9785156""}","{""0"":""https://panoptes-uploads.zooniverse.org/subject_location/1e317d85-dd39-429d-8b35-401fb665ba39.jpeg"",""1"":""https://panoptes-uploads.zooniverse.org/subject_location/db2641ae-68f1-4f65-85f2-df05a28ffcde.jpeg""}",0,,,2026-02-13 08:16:20 UTC,2026-02-13 08:16:20 UTC
117538267,31802,31221,134321,"{""redshift"":""0.1700000017881393"",""object_id"":""-541411143276493930"",""contour_image"":""102044826_NEG541411143276493930_gz_arcsinh_vis_y_contour.jpg"",""original_image"":""102044826_NEG541411143276493930_gz_arcsinh_vis_y.jpg"",""disk-edge-on_yes_fraction"":""0.96875""}","{""0"":""https://panoptes-uploads.zooniverse.org/subject_location/ac472416-c303-4a00-8969-cea5e002d039.jpeg"",""1"":""https://panoptes-uploads.zooniverse.org/subject_location/a0f4b3bf-d025-40e9-a7bd-2550cf09fd09.jpeg""}",0,,,2026-02-13 08:16:21 UTC,2026-02-13 08:16:21 UTC
117538268,31802,31221,134321,"{""redshift"":""0.2599999904632568"",""object_id"":""-523937351285474641"",""contour_image"":""102043548_NEG523937351285474641_gz_arcsinh_vis_y_contour.jpg"",""original_image"":""102043548_NEG523937351285474641_gz_arcsinh_vis_y.jpg"",""disk-edge-on_yes_fraction"":""0.80908203""}","{""0"":""https://panoptes-uploads.zooniverse.org/subject_location/27cd3563-4703-4e8e-90b3-2db1e55de7c0.jpeg"",""1"":""https://panoptes-uploads.zooniverse.org/subject_location/f97a3285-47ab-48b1-9109-72c59a0f80ef.jpeg""}",0,,,2026-02-13 08:16:21 UTC,2026-02-13 08:16:21 UTC
117538269,31802,31221,134321,"{""redshift"":""0.1400000005960464"",""object_id"":""2711265933652074179"",""contour_image"":""102158586_2711265933652074179_gz_arcsinh_vis_y_contour.jpg"",""original_image"":""102158586_2711265933652074179_gz_arcsinh_vis_y.jpg"",""disk-edge-on_yes_fraction"":""0.97998047""}","{""0"":""https://panoptes-uploads.zooniverse.org/subject_location/877743d9-393c-4a20-b3b1-93aff1fa30c0.jpeg"",""1"":""https://panoptes-uploads.zooniverse.org/subject_location/34add9c5-e12d-4c8c-902a-e0383cdcf548.jpeg""}",0,,,2026-02-13 08:16:22 UTC,2026-02-13 08:16:22 UTC
117538270,31802,31221,134321,"{""redshift"":""0.1099999994039535"",""object_id"":""2703569889649891086"",""contour_image"":""102158586_2703569889649891086_gz_arcsinh_vis_y_contour.jpg"",""original_image"":""102158586_2703569889649891086_gz_arcsinh_vis_y.jpg"",""disk-edge-on_yes_fraction"":""0.97021484""}","{""0"":""https://panoptes-uploads.zooniverse.org/subject_location/c06c1e89-55fb-4876-b49c-2ce618fa3cc7.jpeg"",""1"":""https://panoptes-uploads.zooniverse.org/subject_location/b19500d6-0b2d-409b-ac04-fca381c5fc31.jpeg""}",0,,,2026-02-13 08:16:22 UTC,2026-02-13 08:16:22 UTC
117538271,31802,31221,134321,"{""redshift"":""0.1400000005960464"",""object_id"":""-531461128259812304"",""contour_image"":""102046761_NEG531461128259812304_gz_arcsinh_vis_y_contour.jpg"",""original_image"":""102046761_NEG531461128259812304_gz_arcsinh_vis_y.jpg"",""disk-edge-on_yes_fraction"":""0.95996094""}","{""0"":""https://panoptes-uploads.zooniverse.org/subject_location/b25251e6-a0db-4870-8aab-0c1b837de3b5.jpeg"",""1"":""https://panoptes-uploads.zooniverse.org/subject_location/b5796a97-6781-488a-96a2-0046145b75b8.jpeg""}",0,,,2026-02-13 08:16:23 UTC,2026-02-13 08:16:23 UTC
117538272,31802,31221,134321,"{""redshift"":""0.2599999904632568"",""object_id"":""-614299007466950360"",""contour_image"":""102022974_NEG614299007466950360_gz_arcsinh_vis_y_contour.jpg"",""original_image"":""102022974_NEG614299007466950360_gz_arcsinh_vis_y.jpg"",""disk-edge-on_yes_fraction"":""0.9765625""}","{""0"":""https://panoptes-uploads.zooniverse.org/subject_location/f22e73ee-270c-41e5-aa2a-f82cade26fbd.jpeg"",""1"":""https://panoptes-uploads.zooniverse.org/subject_location/f680781d-98f0-46b5-be9d-29148f123400.jpeg""}",0,,,2026-02-13 08:16:23 UTC,2026-02-13 08:16:23 UTC
117538273,31802,31221,134321,"{""redshift"":""0.1199999973177909"",""object_id"":""2678701235664916496"",""contour_image"":""102159485_2678701235664916496_gz_arcsinh_vis_y_contour.jpg"",""original_image"":""102159485_2678701235664916496_gz_arcsinh_vis_y.jpg"",""disk-edge-on_yes_fraction"":""0.97021484""}","{""0"":""https://panoptes-uploads.zooniverse.org/subject_location/f4d8c5b3-4c44-492a-8095-c83594286ff0.jpeg"",""1"":""https://panoptes-uploads.zooniverse.org/subject_location/bbf59690-b1cc-41b6-bbc0-c94f841d4f47.jpeg""}",0,,,2026-02-13 08:16:24 UTC,2026-02-13 08:16:24 UTC
117538274,31802,31221,134321,"{""redshift"":""0.2800000011920929"",""object_id"":""-532141757296918193"",""contour_image"":""102042285_NEG532141757296918193_gz_arcsinh_vis_y_contour.jpg"",""original_image"":""102042285_NEG532141757296918193_gz_arcsinh_vis_y.jpg"",""disk-edge-on_yes_fraction"":""0.8027344""}","{""0"":""https://panoptes-uploads.zooniverse.org/subject_location/6d57c32c-015f-4a39-a974-180311b097b4.jpeg"",""1"":""https://panoptes-uploads.zooniverse.org/subject_location/b28b4cba-4327-4807-b2dc-e3f6437722b7.jpeg""}",0,,,2026-02-13 08:16:24 UTC,2026-02-13 08:16:24 UTC
117538275,31802,31221,134321,"{""redshift"":""0.2899999916553497"",""object_id"":""-551588264292899292"",""contour_image"":""102042288_NEG551588264292899292_gz_arcsinh_vis_y_contour.jpg"",""original_image"":""102042288_NEG551588264292899292_gz_arcsinh_vis_y.jpg"",""disk-edge-on_yes_fraction"":""0.9824219""}","{""0"":""https://panoptes-uploads.zooniverse.org/subject_location/fb28ab74-4f3b-4912-8f4b-9a542986bbf1.jpeg"",""1"":""https://panoptes-uploads.zooniverse.org/subject_location/03e45efd-a3a1-49bb-9db8-7d22b9164bcf.jpeg""}",0,,,2026-02-13 08:16:25 UTC,2026-02-13 08:16:25 UTC
117538276,31802,31221,134321,"{""redshift"":""0.0700000002980232"",""object_id"":""2647393153646430451"",""contour_image"":""102158269_2647393153646430451_gz_arcsinh_vis_y_contour.jpg"",""original_image"":""102158269_2647393153646430451_gz_arcsinh_vis_y.jpg"",""disk-edge-on_yes_fraction"":""0.9794922""}","{""0"":""https://panoptes-uploads.zooniverse.org/subject_location/847b3747-2551-4a92-9284-184603b9233d.jpeg"",""1"":""https://panoptes-uploads.zooniverse.org/subject_location/e24d1f91-8996-41c6-b267-798713e94c24.jpeg""}",0,,,2026-02-13 08:16:25 UTC,2026-02-13 08:16:25 UTC
117538277,31802,31221,134321,"{""redshift"":""0.1500000059604644"",""object_id"":""2748144717665725143"",""contour_image"":""102159491_2748144717665725143_gz_arcsinh_vis_y_contour.jpg"",""original_image"":""102159491_2748144717665725143_gz_arcsinh_vis_y.jpg"",""disk-edge-on_yes_fraction"":""0.9165039""}","{""0"":""https://panoptes-uploads.zooniverse.org/subject_location/fff1c618-7096-4121-a47d-956a8f6e2402.jpeg"",""1"":""https://panoptes-uploads.zooniverse.org/subject_location/9e77350a-0870-496f-b4c4-d980dfbd2bbd.jpeg""}",0,,,2026-02-13 08:16:26 UTC,2026-02-13 08:16:26 UTC
117538278,31802,31221,134321,"{""redshift"":""0.1899999976158142"",""object_id"":""-626145828477668943"",""contour_image"":""102021499_NEG626145828477668943_gz_arcsinh_vis_y_contour.jpg"",""original_image"":""102021499_NEG626145828477668943_gz_arcsinh_vis_y.jpg"",""disk-edge-on_yes_fraction"":""0.96435547""}","{""0"":""https://panoptes-uploads.zooniverse.org/subject_location/12998212-5808-4ffb-b349-6e46083520db.jpeg"",""1"":""https://panoptes-uploads.zooniverse.org/subject_location/01b474d0-95e6-42f4-8072-448dfa9ac4e2.jpeg""}",0,,,2026-02-13 08:16:26 UTC,2026-02-13 08:16:26 UTC
117538279,31802,31221,134321,"{""redshift"":""0.1899999976158142"",""object_id"":""-613243415465246633"",""contour_image"":""102022974_NEG613243415465246633_gz_arcsinh_vis_y_contour.jpg"",""original_image"":""102022974_NEG613243415465246633_gz_arcsinh_vis_y.jpg"",""disk-edge-on_yes_fraction"":""0.9838867""}","{""0"":""https://panoptes-uploads.zooniverse.org/subject_location/3247f4c1-e87a-47f9-ad20-02da4a40da56.jpeg"",""1"":""https://panoptes-uploads.zooniverse.org/subject_location/6593e79c-6b75-496d-9d31-b4de9576da06.jpeg""}",0,,,2026-02-13 08:16:27 UTC,2026-02-13 08:16:27 UTC
117538280,31802,31221,134321,"{""redshift"":""0.2599999904632568"",""object_id"":""-607633925467581378"",""contour_image"":""102022477_NEG607633925467581378_gz_arcsinh_vis_y_contour.jpg"",""original_image"":""102022477_NEG607633925467581378_gz_arcsinh_vis_y.jpg"",""disk-edge-on_yes_fraction"":""0.9135742""}","{""0"":""https://panoptes-uploads.zooniverse.org/subject_location/188d2ebe-70d3-49e5-ac49-cb49980c4f67.jpeg"",""1"":""https://panoptes-uploads.zooniverse.org/subject_location/2b51de6d-8dd1-4acd-8150-ef6b836503e4.jpeg""}",0,,,2026-02-13 08:16:27 UTC,2026-02-13 08:16:27 UTC
117538281,31802,31221,134321,"{""redshift"":""0.1199999973177909"",""object_id"":""-538664164280572446"",""contour_image"":""102044187_NEG538664164280572446_gz_arcsinh_vis_y_contour.jpg"",""original_image"":""102044187_NEG538664164280572446_gz_arcsinh_vis_y.jpg"",""disk-edge-on_yes_fraction"":""0.97998047""}","{""0"":""https://panoptes-uploads.zooniverse.org/subject_location/48e7010a-c757-468f-95da-0b4e26162c85.jpeg"",""1"":""https://panoptes-uploads.zooniverse.org/subject_location/5ee2ff20-3f93-4ff8-a6be-4d9b5430b0a1.jpeg""}",0,,,2026-02-13 08:16:27 UTC,2026-02-13 08:16:27 UTC
117538282,31802,31221,134321,"{""redshift"":""0.0900000035762786"",""object_id"":""-621998680458578984"",""contour_image"":""102023477_NEG621998680458578984_gz_arcsinh_vis_y_contour.jpg"",""original_image"":""102023477_NEG621998680458578984_gz_arcsinh_vis_y.jpg"",""disk-edge-on_yes_fraction"":""0.9760742""}","{""0"":""https://panoptes-uploads.zooniverse.org/subject_location/bc9a4c31-6d85-4cc1-8503-0912036ef57e.jpeg"",""1"":""https://panoptes-uploads.zooniverse.org/subject_location/4c3a1f2d-ef0e-4095-b9b6-172bb274dd96.jpeg""}",0,,,2026-02-13 08:16:28 UTC,2026-02-13 08:16:28 UTC
117538283,31802,31221,134321,"{""redshift"":""0.1899999976158142"",""object_id"":""2693585317679353564"",""contour_image"":""102160336_2693585317679353564_gz_arcsinh_vis_y_contour.jpg"",""original_image"":""102160336_2693585317679353564_gz_arcsinh_vis_y.jpg"",""disk-edge-on_yes_fraction"":""0.87353516""}","{""0"":""https://panoptes-uploads.zooniverse.org/subject_location/a64eb5c0-d8c9-431c-8b85-8c36eeec8e42.jpeg"",""1"":""https://panoptes-uploads.zooniverse.org/subject_location/5fb8e4bb-ed68-4a69-8595-ab15af05957c.jpeg""}",0,,,2026-02-13 08:16:28 UTC,2026-02-13 08:16:28 UTC
117538284,31802,31221,134321,"{""redshift"":""0.2899999916553497"",""object_id"":""2694258930674542274"",""contour_image"":""102160059_2694258930674542274_gz_arcsinh_vis_y_contour.jpg"",""original_image"":""102160059_2694258930674542274_gz_arcsinh_vis_y.jpg"",""disk-edge-on_yes_fraction"":""0.97802734""}","{""0"":""https://panoptes-uploads.zooniverse.org/subject_location/17bb416a-8a18-489f-8df2-23f24b750f1a.jpeg"",""1"":""https://panoptes-uploads.zooniverse.org/subject_location/55ae0078-68ae-444d-8552-c79b804f6db1.jpeg""}",0,,,2026-02-13 08:16:29 UTC,2026-02-13 08:16:29 UTC
117538285,31802,31221,134321,"{""redshift"":""0.1299999952316284"",""object_id"":""2685489420660273532"",""contour_image"":""102159191_2685489420660273532_gz_arcsinh_vis_y_contour.jpg"",""original_image"":""102159191_2685489420660273532_gz_arcsinh_vis_y.jpg"",""disk-edge-on_yes_fraction"":""0.9848633""}","{""0"":""https://panoptes-uploads.zooniverse.org/subject_location/db63a0d2-8244-4087-ba10-c5b036acf2bc.jpeg"",""1"":""https://panoptes-uploads.zooniverse.org/subject_location/b76fd026-08a3-44cb-bb98-baef02988353.jpeg""}",0,,,2026-02-13 08:16:29 UTC,2026-02-13 08:16:29 UTC
117538286,31802,31221,134321,"{""redshift"":""0.25"",""object_id"":""-618951982492275140"",""contour_image"":""102020536_NEG618951982492275140_gz_arcsinh_vis_y_contour.jpg"",""original_image"":""102020536_NEG618951982492275140_gz_arcsinh_vis_y.jpg"",""disk-edge-on_yes_fraction"":""0.9716797""}","{""0"":""https://panoptes-uploads.zooniverse.org/subject_location/e1492f52-82a7-4017-90bd-8807d953d904.jpeg"",""1"":""https://panoptes-uploads.zooniverse.org/subject_location/f81c8f87-33a6-46e5-bb51-2b75cc3df083.jpeg""}",0,,,2026-02-13 08:16:30 UTC,2026-02-13 08:16:30 UTC
117538287,31802,31221,134321,"{""redshift"":""0.1800000071525573"",""object_id"":""-590651119485935610"",""contour_image"":""102021011_NEG590651119485935610_gz_arcsinh_vis_y_contour.jpg"",""original_image"":""102021011_NEG590651119485935610_gz_arcsinh_vis_y.jpg"",""disk-edge-on_yes_fraction"":""0.9760742""}","{""0"":""https://panoptes-uploads.zooniverse.org/subject_location/b337246e-fa89-4282-be9e-2aa965ad0688.jpeg"",""1"":""https://panoptes-uploads.zooniverse.org/subject_location/f03869b3-d177-4e3f-9df5-6e4dccf0a11b.jpeg""}",0,,,2026-02-13 08:16:30 UTC,2026-02-13 08:16:30 UTC
117538288,31802,31221,134321,"{""redshift"":""0.1899999976158142"",""object_id"":""-533621232288355328"",""contour_image"":""102042916_NEG533621232288355328_gz_arcsinh_vis_y_contour.jpg"",""original_image"":""102042916_NEG533621232288355328_gz_arcsinh_vis_y.jpg"",""disk-edge-on_yes_fraction"":""0.9423828""}","{""0"":""https://panoptes-uploads.zooniverse.org/subject_location/26345038-d7a9-458c-9921-da2455581f46.jpeg"",""1"":""https://panoptes-uploads.zooniverse.org/subject_location/d4dab45f-98dd-447c-9b69-2fb3ffd913bd.jpeg""}",0,,,2026-02-13 08:16:31 UTC,2026-02-13 08:16:31 UTC
117538289,31802,31221,134321,"{""redshift"":""0.2199999988079071"",""object_id"":""2699592380638784903"",""contour_image"":""102157956_2699592380638784903_gz_arcsinh_vis_y_contour.jpg"",""original_image"":""102157956_2699592380638784903_gz_arcsinh_vis_y.jpg"",""disk-edge-on_yes_fraction"":""0.9824219""}","{""0"":""https://panoptes-uploads.zooniverse.org/subject_location/acfd581c-a66b-45b8-b282-ed9b9b479853.jpeg"",""1"":""https://panoptes-uploads.zooniverse.org/subject_location/de2e2ec1-421a-46c2-a8ae-8caa6d0cb434.jpeg""}",0,,,2026-02-13 08:16:31 UTC,2026-02-13 08:16:31 UTC
117538290,31802,31221,134321,"{""redshift"":""0.1400000005960464"",""object_id"":""-589375036483285417"",""contour_image"":""102021011_NEG589375036483285417_gz_arcsinh_vis_y_contour.jpg"",""original_image"":""102021011_NEG589375036483285417_gz_arcsinh_vis_y.jpg"",""disk-edge-on_yes_fraction"":""0.9614258""}","{""0"":""https://panoptes-uploads.zooniverse.org/subject_location/f2637b94-2ca8-477c-8802-9df5b5c2ec74.jpeg"",""1"":""https://panoptes-uploads.zooniverse.org/subject_location/3b255f66-1ba2-4c03-a284-88c12f8494ff.jpeg""}",0,,,2026-02-13 08:16:32 UTC,2026-02-13 08:16:32 UTC
117538291,31802,31221,134321,"{""redshift"":""0.2300000041723251"",""object_id"":""-599696680483842868"",""contour_image"":""102021012_NEG599696680483842868_gz_arcsinh_vis_y_contour.jpg"",""original_image"":""102021012_NEG599696680483842868_gz_arcsinh_vis_y.jpg"",""disk-edge-on_yes_fraction"":""0.94873047""}","{""0"":""https://panoptes-uploads.zooniverse.org/subject_location/55e92a82-ba22-4d36-a402-3e2ae9b287aa.jpeg"",""1"":""https://panoptes-uploads.zooniverse.org/subject_location/1eef687e-fbc8-457f-a2fa-6a35915657c4.jpeg""}",0,,,2026-02-13 08:16:32 UTC,2026-02-13 08:16:32 UTC
117538292,31802,31221,134321,"{""redshift"":""0.2899999916553497"",""object_id"":""2715344895655343663"",""contour_image"":""102158893_2715344895655343663_gz_arcsinh_vis_y_contour.jpg"",""original_image"":""102158893_2715344895655343663_gz_arcsinh_vis_y.jpg"",""disk-edge-on_yes_fraction"":""0.95751953""}","{""0"":""https://panoptes-uploads.zooniverse.org/subject_location/a7c3ed13-27a9-48aa-bd29-7e4a5d3e1328.jpeg"",""1"":""https://panoptes-uploads.zooniverse.org/subject_location/3fa5dca5-0636-4b18-9488-e70cd55fd953.jpeg""}",0,,,2026-02-13 08:16:33 UTC,2026-02-13 08:16:33 UTC
117538293,31802,31221,134321,"{""redshift"":""0.2000000029802322"",""object_id"":""2665518947637936841"",""contour_image"":""102157953_2665518947637936841_gz_arcsinh_vis_y_contour.jpg"",""original_image"":""102157953_2665518947637936841_gz_arcsinh_vis_y.jpg"",""disk-edge-on_yes_fraction"":""0.9711914""}","{""0"":""https://panoptes-uploads.zooniverse.org/subject_location/8138e92d-f4c6-4aa5-9703-a8f642c7fe54.jpeg"",""1"":""https://panoptes-uploads.zooniverse.org/subject_location/eea6b777-ff0a-41f1-add4-93b6ba2aa08c.jpeg""}",0,,,2026-02-13 08:16:33 UTC,2026-02-13 08:16:33 UTC
117538294,31802,31221,134321,"{""redshift"":""0.1400000005960464"",""object_id"":""-551588491284153024"",""contour_image"":""102043552_NEG551588491284153024_gz_arcsinh_vis_y_contour.jpg"",""original_image"":""102043552_NEG551588491284153024_gz_arcsinh_vis_y.jpg"",""disk-edge-on_yes_fraction"":""0.80908203""}","{""0"":""https://panoptes-uploads.zooniverse.org/subject_location/e9ea017d-5619-43e4-821e-741410c2d050.jpeg"",""1"":""https://panoptes-uploads.zooniverse.org/subject_location/fed2a81b-b634-4463-8694-baa68b3ad088.jpeg""}",0,,,2026-02-13 08:16:34 UTC,2026-02-13 08:16:34 UTC
117538295,31802,31221,134321,"{""redshift"":""0.050000000745058"",""object_id"":""2663114873640792541"",""contour_image"":""102157953_2663114873640792541_gz_arcsinh_vis_y_contour.jpg"",""original_image"":""102157953_2663114873640792541_gz_arcsinh_vis_y.jpg"",""disk-edge-on_yes_fraction"":""0.8432617""}","{""0"":""https://panoptes-uploads.zooniverse.org/subject_location/aa770167-f517-43b0-86b1-54f0e7376f1f.jpeg"",""1"":""https://panoptes-uploads.zooniverse.org/subject_location/c1b0a6eb-b421-420e-940b-42d889508a0d.jpeg""}",0,,,2026-02-13 08:16:34 UTC,2026-02-13 08:16:34 UTC
117538296,31802,31221,134321,"{""redshift"":""0.1299999952316284"",""object_id"":""-540630201290736607"",""contour_image"":""102042917_NEG540630201290736607_gz_arcsinh_vis_y_contour.jpg"",""original_image"":""102042917_NEG540630201290736607_gz_arcsinh_vis_y.jpg"",""disk-edge-on_yes_fraction"":""0.97021484""}","{""0"":""https://panoptes-uploads.zooniverse.org/subject_location/f68ea31b-dcdf-4183-9498-b7d1b0ac17ac.jpeg"",""1"":""https://panoptes-uploads.zooniverse.org/subject_location/82e677ed-0217-4ade-be1f-a4c147904874.jpeg""}",0,,,2026-02-13 08:16:35 UTC,2026-02-13 08:16:35 UTC
117538297,31802,31221,134321,"{""redshift"":""0.2300000041723251"",""object_id"":""-618092199498126407"",""contour_image"":""102019593_NEG618092199498126407_gz_arcsinh_vis_y_contour.jpg"",""original_image"":""102019593_NEG618092199498126407_gz_arcsinh_vis_y.jpg"",""disk-edge-on_yes_fraction"":""0.9760742""}","{""0"":""https://panoptes-uploads.zooniverse.org/subject_location/c55d438d-13ae-45b4-9175-1e7e2487b5d9.jpeg"",""1"":""https://panoptes-uploads.zooniverse.org/subject_location/e9659ba1-e283-4694-95dd-9b935bb67290.jpeg""}",0,,,2026-02-13 08:16:35 UTC,2026-02-13 08:16:35 UTC
117538298,31802,31221,134321,"{""redshift"":""0.0799999982118606"",""object_id"":""2723206505685611321"",""contour_image"":""102160610_2723206505685611321_gz_arcsinh_vis_y_contour.jpg"",""original_image"":""102160610_2723206505685611321_gz_arcsinh_vis_y.jpg"",""disk-edge-on_yes_fraction"":""0.97216797""}","{""0"":""https://panoptes-uploads.zooniverse.org/subject_location/63221910-aade-4d95-9404-f7100b333d36.jpeg"",""1"":""https://panoptes-uploads.zooniverse.org/subject_location/4e6abfc4-16af-4028-8bda-111e2af0f164.jpeg""}",0,,,2026-02-13 08:16:36 UTC,2026-02-13 08:16:36 UTC
117538299,31802,31221,134321,"{""redshift"":""0.209999993443489"",""object_id"":""2664229490636298067"",""contour_image"":""102157630_2664229490636298067_gz_arcsinh_vis_y_contour.jpg"",""original_image"":""102157630_2664229490636298067_gz_arcsinh_vis_y.jpg"",""disk-edge-on_yes_fraction"":""0.953125""}","{""0"":""https://panoptes-uploads.zooniverse.org/subject_location/9c612941-83a5-4fce-bf17-d8adcc29259a.jpeg"",""1"":""https://panoptes-uploads.zooniverse.org/subject_location/b3818503-5bc5-4c28-b94b-44cd1824be63.jpeg""}",0,,,2026-02-13 08:16:36 UTC,2026-02-13 08:16:36 UTC
117538300,31802,31221,134321,"{""redshift"":""0.1599999964237213"",""object_id"":""2695253507654043737"",""contour_image"":""102158891_2695253507654043737_gz_arcsinh_vis_y_contour.jpg"",""original_image"":""102158891_2695253507654043737_gz_arcsinh_vis_y.jpg"",""disk-edge-on_yes_fraction"":""0.91748047""}","{""0"":""https://panoptes-uploads.zooniverse.org/subject_location/2074aec0-98da-4025-a382-4962189f4ed6.jpeg"",""1"":""https://panoptes-uploads.zooniverse.org/subject_location/0b1c0127-f3f2-499d-aad4-3df2f07928be.jpeg""}",0,,,2026-02-13 08:16:37 UTC,2026-02-13 08:16:37 UTC
117538301,31802,31221,134321,"{""redshift"":""0.2899999916553497"",""object_id"":""2706689458668280971"",""contour_image"":""102159776_2706689458668280971_gz_arcsinh_vis_y_contour.jpg"",""original_image"":""102159776_2706689458668280971_gz_arcsinh_vis_y.jpg"",""disk-edge-on_yes_fraction"":""0.95703125""}","{""0"":""https://panoptes-uploads.zooniverse.org/subject_location/97e3dd9f-c2c7-4d0f-81ae-a3872aeae872.jpeg"",""1"":""https://panoptes-uploads.zooniverse.org/subject_location/84ae6b43-e882-4c6e-87d9-0f713f49c418.jpeg""}",0,,,2026-02-13 08:16:37 UTC,2026-02-13 08:16:37 UTC
117538302,31802,31221,134321,"{""redshift"":""0.1899999976158142"",""object_id"":""2734749214651813370"",""contour_image"":""102158588_2734749214651813370_gz_arcsinh_vis_y_contour.jpg"",""original_image"":""102158588_2734749214651813370_gz_arcsinh_vis_y.jpg"",""disk-edge-on_yes_fraction"":""0.8769531""}","{""0"":""https://panoptes-uploads.zooniverse.org/subject_location/cbd3bb2b-79d2-4a3b-b133-ff3246add864.jpeg"",""1"":""https://panoptes-uploads.zooniverse.org/subject_location/7b8436a2-afbe-46cd-a60b-6aa9471438d2.jpeg""}",0,,,2026-02-13 08:16:38 UTC,2026-02-13 08:16:38 UTC
117538303,31802,31221,134321,"{""redshift"":""0.2000000029802322"",""object_id"":""-587462295470744444"",""contour_image"":""102022474_NEG587462295470744444_gz_arcsinh_vis_y_contour.jpg"",""original_image"":""102022474_NEG587462295470744444_gz_arcsinh_vis_y.jpg"",""disk-edge-on_yes_fraction"":""0.98046875""}","{""0"":""https://panoptes-uploads.zooniverse.org/subject_location/bd995cdd-2746-48e8-9e2d-2615748bbbc6.jpeg"",""1"":""https://panoptes-uploads.zooniverse.org/subject_location/2988357e-4f2f-419c-b18b-5842f674c36f.jpeg""}",0,,,2026-02-13 08:16:38 UTC,2026-02-13 08:16:38 UTC
117538304,31802,31221,134321,"{""redshift"":""0.1599999964237213"",""object_id"":""-525003572289079192"",""contour_image"":""102042914_NEG525003572289079192_gz_arcsinh_vis_y_contour.jpg"",""original_image"":""102042914_NEG525003572289079192_gz_arcsinh_vis_y.jpg"",""disk-edge-on_yes_fraction"":""0.9838867""}","{""0"":""https://panoptes-uploads.zooniverse.org/subject_location/eaf1ee56-7937-4321-b26b-b92901327c22.jpeg"",""1"":""https://panoptes-uploads.zooniverse.org/subject_location/f35274a8-1f40-4f58-b6f9-c1bae65e5ac4.jpeg""}",0,,,2026-02-13 08:16:39 UTC,2026-02-13 08:16:39 UTC
117538305,31802,31221,134321,"{""redshift"":""0.1800000071525573"",""object_id"":""-516396801295285694"",""contour_image"":""102042282_NEG516396801295285694_gz_arcsinh_vis_y_contour.jpg"",""original_image"":""102042282_NEG516396801295285694_gz_arcsinh_vis_y.jpg"",""disk-edge-on_yes_fraction"":""0.98535156""}","{""0"":""https://panoptes-uploads.zooniverse.org/subject_location/fcfb0180-7672-4b96-8601-515e6c5b2fcd.jpeg"",""1"":""https://panoptes-uploads.zooniverse.org/subject_location/a947ed08-c50b-4d19-94fd-4a1003399c84.jpeg""}",0,,,2026-02-13 08:16:39 UTC,2026-02-13 08:16:39 UTC
117538306,31802,31221,134321,"{""redshift"":""0.2800000011920929"",""object_id"":""-649156063469246839"",""contour_image"":""102022482_NEG649156063469246839_gz_arcsinh_vis_y_contour.jpg"",""original_image"":""102022482_NEG649156063469246839_gz_arcsinh_vis_y.jpg"",""disk-edge-on_yes_fraction"":""0.93652344""}","{""0"":""https://panoptes-uploads.zooniverse.org/subject_location/27dfee20-07cf-4b06-9d87-81cb03fccf36.jpeg"",""1"":""https://panoptes-uploads.zooniverse.org/subject_location/481d822a-735a-4ee2-8304-64b591720cd5.jpeg""}",0,,,2026-02-13 08:16:40 UTC,2026-02-13 08:16:40 UTC
117538307,31802,31221,134321,"{""redshift"":""0.2399999946355819"",""object_id"":""-654690436462792453"",""contour_image"":""102022980_NEG654690436462792453_gz_arcsinh_vis_y_contour.jpg"",""original_image"":""102022980_NEG654690436462792453_gz_arcsinh_vis_y.jpg"",""disk-edge-on_yes_fraction"":""0.9824219""}","{""0"":""https://panoptes-uploads.zooniverse.org/subject_location/69e81157-5976-42b5-87bd-90cfc887e11c.jpeg"",""1"":""https://panoptes-uploads.zooniverse.org/subject_location/8f331db5-a2f7-4bb1-bb98-549ec69c135c.jpeg""}",0,,,2026-02-13 08:16:40 UTC,2026-02-13 08:16:40 UTC
117538308,31802,31221,134321,"{""redshift"":""0.1400000005960464"",""object_id"":""-655615541461959171"",""contour_image"":""102023482_NEG655615541461959171_gz_arcsinh_vis_y_contour.jpg"",""original_image"":""102023482_NEG655615541461959171_gz_arcsinh_vis_y.jpg"",""disk-edge-on_yes_fraction"":""0.9848633""}","{""0"":""https://panoptes-uploads.zooniverse.org/subject_location/429442ff-40b5-4257-b9d6-a259ffdcfe3a.jpeg"",""1"":""https://panoptes-uploads.zooniverse.org/subject_location/16fe1c1e-7c3b-485a-8d48-719a7531b2ce.jpeg""}",0,,,2026-02-13 08:16:41 UTC,2026-02-13 08:16:41 UTC
117538309,31802,31221,134321,"{""redshift"":""0.1800000071525573"",""object_id"":""2703075900635723513"",""contour_image"":""102157633_2703075900635723513_gz_arcsinh_vis_y_contour.jpg"",""original_image"":""102157633_2703075900635723513_gz_arcsinh_vis_y.jpg"",""disk-edge-on_yes_fraction"":""0.97314453""}","{""0"":""https://panoptes-uploads.zooniverse.org/subject_location/1bff0584-a412-4442-92e6-5411c9cc3f2b.jpeg"",""1"":""https://panoptes-uploads.zooniverse.org/subject_location/f9a066a3-fdae-4d7a-b89f-f8a8078e45a4.jpeg""}",0,,,2026-02-13 08:16:41 UTC,2026-02-13 08:16:41 UTC
117538310,31802,31221,134321,"{""redshift"":""0.0900000035762786"",""object_id"":""2630157233666903991"",""contour_image"":""102159481_2630157233666903991_gz_arcsinh_vis_y_contour.jpg"",""original_image"":""102159481_2630157233666903991_gz_arcsinh_vis_y.jpg"",""disk-edge-on_yes_fraction"":""0.9824219""}","{""0"":""https://panoptes-uploads.zooniverse.org/subject_location/ed3e22d2-aca3-4c92-937d-3efc776d600a.jpeg"",""1"":""https://panoptes-uploads.zooniverse.org/subject_location/77ce5047-8c67-445f-8f5f-9596d135a702.jpeg""}",0,,,2026-02-13 08:16:42 UTC,2026-02-13 08:16:42 UTC
117538311,31802,31221,134321,"{""redshift"":""0.1400000005960464"",""object_id"":""-649860388475207182"",""contour_image"":""102021990_NEG649860388475207182_gz_arcsinh_vis_y_contour.jpg"",""original_image"":""102021990_NEG649860388475207182_gz_arcsinh_vis_y.jpg"",""disk-edge-on_yes_fraction"":""0.9824219""}","{""0"":""https://panoptes-uploads.zooniverse.org/subject_location/5701a5a7-f1c1-4d5a-b60f-ab6f8eca0dda.jpeg"",""1"":""https://panoptes-uploads.zooniverse.org/subject_location/b0ad9dc7-6671-4cbb-ad6f-a7803e7f0b26.jpeg""}",0,,,2026-02-13 08:16:42 UTC,2026-02-13 08:16:42 UTC
117538312,31802,31221,134321,"{""redshift"":""0.2800000011920929"",""object_id"":""2658578755677332330"",""contour_image"":""102160056_2658578755677332330_gz_arcsinh_vis_y_contour.jpg"",""original_image"":""102160056_2658578755677332330_gz_arcsinh_vis_y.jpg"",""disk-edge-on_yes_fraction"":""0.98339844""}","{""0"":""https://panoptes-uploads.zooniverse.org/subject_location/3fbf681e-66f9-4199-b2e2-3d5c74e1b64a.jpeg"",""1"":""https://panoptes-uploads.zooniverse.org/subject_location/70eacfc5-bb6d-4fdc-ad7f-a8f479918543.jpeg""}",0,,,2026-02-13 08:16:43 UTC,2026-02-13 08:16:43 UTC
117538313,31802,31221,134321,"{""redshift"":""0.1800000071525573"",""object_id"":""2747400548654219259"",""contour_image"":""102158895_2747400548654219259_gz_arcsinh_vis_y_contour.jpg"",""original_image"":""102158895_2747400548654219259_gz_arcsinh_vis_y.jpg"",""disk-edge-on_yes_fraction"":""0.9741211""}","{""0"":""https://panoptes-uploads.zooniverse.org/subject_location/1175e6f0-a15d-4531-a3a2-770c7a8d6d85.jpeg"",""1"":""https://panoptes-uploads.zooniverse.org/subject_location/d0219922-8c37-45d2-8ea0-a711ccc4ab04.jpeg""}",0,,,2026-02-13 08:16:43 UTC,2026-02-13 08:16:43 UTC
117538314,31802,31221,134321,"{""redshift"":""0.2000000029802322"",""object_id"":""-632671260498106566"",""contour_image"":""102019595_NEG632671260498106566_gz_arcsinh_vis_y_contour.jpg"",""original_image"":""102019595_NEG632671260498106566_gz_arcsinh_vis_y.jpg"",""disk-edge-on_yes_fraction"":""0.9838867""}","{""0"":""https://panoptes-uploads.zooniverse.org/subject_location/766a486e-5a1f-4987-ae75-8f1fc045b4a7.jpeg"",""1"":""https://panoptes-uploads.zooniverse.org/subject_location/6d82d5f4-9c6b-41a1-b57e-8d11b713f716.jpeg""}",0,,,2026-02-13 08:16:44 UTC,2026-02-13 08:16:44 UTC
117538315,31802,31221,134321,"{""redshift"":""0.25"",""object_id"":""-572819572484262790"",""contour_image"":""102021009_NEG572819572484262790_gz_arcsinh_vis_y_contour.jpg"",""original_image"":""102021009_NEG572819572484262790_gz_arcsinh_vis_y.jpg"",""disk-edge-on_yes_fraction"":""0.9511719""}","{""0"":""https://panoptes-uploads.zooniverse.org/subject_location/4253ca8c-22e3-4ee8-a57d-cd74e24a453a.jpeg"",""1"":""https://panoptes-uploads.zooniverse.org/subject_location/c5fa8efe-ec88-42d1-8b13-70ec8f0f7639.jpeg""}",0,,,2026-02-13 08:16:44 UTC,2026-02-13 08:16:44 UTC
117538316,31802,31221,134321,"{""redshift"":""0.1500000059604644"",""object_id"":""-585171463491278568"",""contour_image"":""102020532_NEG585171463491278568_gz_arcsinh_vis_y_contour.jpg"",""original_image"":""102020532_NEG585171463491278568_gz_arcsinh_vis_y.jpg"",""disk-edge-on_yes_fraction"":""0.9824219""}","{""0"":""https://panoptes-uploads.zooniverse.org/subject_location/013d8bf0-c051-4070-8242-7e566792eecb.jpeg"",""1"":""https://panoptes-uploads.zooniverse.org/subject_location/a42dc659-429b-47f5-b72b-0da5ac003c08.jpeg""}",0,,,2026-02-13 08:16:44 UTC,2026-02-13 08:16:44 UTC
117538317,31802,31221,134321,"{""redshift"":""0.1599999964237213"",""object_id"":""-588530411512779525"",""contour_image"":""102018212_NEG588530411512779525_gz_arcsinh_vis_y_contour.jpg"",""original_image"":""102018212_NEG588530411512779525_gz_arcsinh_vis_y.jpg"",""disk-edge-on_yes_fraction"":""0.8256836""}","{""0"":""https://panoptes-uploads.zooniverse.org/subject_location/46c2fdd8-def1-4267-943f-5b944dcfec0c.jpeg"",""1"":""https://panoptes-uploads.zooniverse.org/subject_location/741b1e78-a494-4b2f-90b3-7cae51fa3364.jpeg""}",0,,,2026-02-13 08:16:45 UTC,2026-02-13 08:16:45 UTC
117538318,31802,31221,134321,"{""redshift"":""0.2000000029802322"",""object_id"":""-532821169295594905"",""contour_image"":""102042285_NEG532821169295594905_gz_arcsinh_vis_y_contour.jpg"",""original_image"":""102042285_NEG532821169295594905_gz_arcsinh_vis_y.jpg"",""disk-edge-on_yes_fraction"":""0.9790039""}","{""0"":""https://panoptes-uploads.zooniverse.org/subject_location/8acfc52f-10f7-45a9-81ea-c6c6fdc07937.jpeg"",""1"":""https://panoptes-uploads.zooniverse.org/subject_location/5ea75178-8a9e-4265-aef6-917ee6cbd395.jpeg""}",0,,,2026-02-13 08:16:45 UTC,2026-02-13 08:16:45 UTC
117538319,31802,31221,134321,"{""redshift"":""0.1599999964237213"",""object_id"":""-582098123485760045"",""contour_image"":""102021010_NEG582098123485760045_gz_arcsinh_vis_y_contour.jpg"",""original_image"":""102021010_NEG582098123485760045_gz_arcsinh_vis_y.jpg"",""disk-edge-on_yes_fraction"":""0.96533203""}","{""0"":""https://panoptes-uploads.zooniverse.org/subject_location/9f137598-d0eb-48aa-add8-ed528920f81e.jpeg"",""1"":""https://panoptes-uploads.zooniverse.org/subject_location/4d2a3799-5a4e-4b6a-9a85-8cbe17c563ac.jpeg""}",0,,,2026-02-13 08:16:46 UTC,2026-02-13 08:16:46 UTC
117538320,31802,31221,134321,"{""redshift"":""0.0799999982118606"",""object_id"":""2671163155662358719"",""contour_image"":""102159190_2671163155662358719_gz_arcsinh_vis_y_contour.jpg"",""original_image"":""102159190_2671163155662358719_gz_arcsinh_vis_y.jpg"",""disk-edge-on_yes_fraction"":""0.91845703""}","{""0"":""https://panoptes-uploads.zooniverse.org/subject_location/f6d48218-2f61-4c72-a863-a2e89017291f.jpeg"",""1"":""https://panoptes-uploads.zooniverse.org/subject_location/71c465b1-be50-456f-8c3d-83aded507ab7.jpeg""}",0,,,2026-02-13 08:16:46 UTC,2026-02-13 08:16:46 UTC
117538321,31802,31221,134321,"{""redshift"":""0.209999993443489"",""object_id"":""-656173892479182286"",""contour_image"":""102021503_NEG656173892479182286_gz_arcsinh_vis_y_contour.jpg"",""original_image"":""102021503_NEG656173892479182286_gz_arcsinh_vis_y.jpg"",""disk-edge-on_yes_fraction"":""0.92089844""}","{""0"":""https://panoptes-uploads.zooniverse.org/subject_location/011dbc62-6bee-4772-9dc8-a8cabc8ae095.jpeg"",""1"":""https://panoptes-uploads.zooniverse.org/subject_location/59f98cac-4ad0-4b73-aac3-c31eb786d544.jpeg""}",0,,,2026-02-13 08:16:47 UTC,2026-02-13 08:16:47 UTC
117538322,31802,31221,134321,"{""redshift"":""0.1299999952316284"",""object_id"":""2712196353642457671"",""contour_image"":""102158275_2712196353642457671_gz_arcsinh_vis_y_contour.jpg"",""original_image"":""102158275_2712196353642457671_gz_arcsinh_vis_y.jpg"",""disk-edge-on_yes_fraction"":""0.96728516""}","{""0"":""https://panoptes-uploads.zooniverse.org/subject_location/852c89e9-f28e-4b5d-b13e-82c1c6220d17.jpeg"",""1"":""https://panoptes-uploads.zooniverse.org/subject_location/f7e57618-f7f0-457d-bb93-2a4f27aa75e1.jpeg""}",0,,,2026-02-13 08:16:47 UTC,2026-02-13 08:16:47 UTC
117538323,31802,31221,134321,"{""redshift"":""0.209999993443489"",""object_id"":""-523416928289169637"",""contour_image"":""102042914_NEG523416928289169637_gz_arcsinh_vis_y_contour.jpg"",""original_image"":""102042914_NEG523416928289169637_gz_arcsinh_vis_y.jpg"",""disk-edge-on_yes_fraction"":""0.984375""}","{""0"":""https://panoptes-uploads.zooniverse.org/subject_location/e0d19f49-5521-41f5-be9b-6787aacb834b.jpeg"",""1"":""https://panoptes-uploads.zooniverse.org/subject_location/e70740fd-8262-4678-b809-bccfcdb1a64e.jpeg""}",0,,,2026-02-13 08:16:48 UTC,2026-02-13 08:16:48 UTC
117538324,31802,31221,134321,"{""redshift"":""0.2599999904632568"",""object_id"":""2711498653654958595"",""contour_image"":""102158892_2711498653654958595_gz_arcsinh_vis_y_contour.jpg"",""original_image"":""102158892_2711498653654958595_gz_arcsinh_vis_y.jpg"",""disk-edge-on_yes_fraction"":""0.9663086""}","{""0"":""https://panoptes-uploads.zooniverse.org/subject_location/3490c4a5-268e-4250-a65b-7c7ff1bbd82b.jpeg"",""1"":""https://panoptes-uploads.zooniverse.org/subject_location/9ed7769e-3993-4c9a-bce8-688d7e0a4545.jpeg""}",0,,,2026-02-13 08:16:48 UTC,2026-02-13 08:16:48 UTC
117538325,31802,31221,134321,"{""redshift"":""0.0799999982118606"",""object_id"":""2684236490673338836"",""contour_image"":""102160058_2684236490673338836_gz_arcsinh_vis_y_contour.jpg"",""original_image"":""102160058_2684236490673338836_gz_arcsinh_vis_y.jpg"",""disk-edge-on_yes_fraction"":""0.9838867""}","{""0"":""https://panoptes-uploads.zooniverse.org/subject_location/56f2ffc6-57fc-4a78-a8c4-6bde97ebc3c5.jpeg"",""1"":""https://panoptes-uploads.zooniverse.org/subject_location/ff24e646-a2e8-4305-a2e8-07147daa12e5.jpeg""}",0,,,2026-02-13 08:16:49 UTC,2026-02-13 08:16:49 UTC
117538326,31802,31221,134321,"{""redshift"":""0.270000010728836"",""object_id"":""-518078518284275909"",""contour_image"":""102043546_NEG518078518284275909_gz_arcsinh_vis_y_contour.jpg"",""original_image"":""102043546_NEG518078518284275909_gz_arcsinh_vis_y.jpg"",""disk-edge-on_yes_fraction"":""0.9707031""}","{""0"":""https://panoptes-uploads.zooniverse.org/subject_location/b8c48838-c61e-4a8b-9337-5595cfb3667e.jpeg"",""1"":""https://panoptes-uploads.zooniverse.org/subject_location/1560c567-ec0b-4874-ad1f-62965ca11af5.jpeg""}",0,,,2026-02-13 08:16:49 UTC,2026-02-13 08:16:49 UTC
117538327,31802,31221,134321,"{""redshift"":""0.2199999988079071"",""object_id"":""-606972295487225950"",""contour_image"":""102021013_NEG606972295487225950_gz_arcsinh_vis_y_contour.jpg"",""original_image"":""102021013_NEG606972295487225950_gz_arcsinh_vis_y.jpg"",""disk-edge-on_yes_fraction"":""0.83984375""}","{""0"":""https://panoptes-uploads.zooniverse.org/subject_location/391467b3-070b-412f-a634-bb13fedf08c1.jpeg"",""1"":""https://panoptes-uploads.zooniverse.org/subject_location/da5e5408-4032-4f1f-82d6-0f59089c9953.jpeg""}",0,,,2026-02-13 08:16:50 UTC,2026-02-13 08:16:50 UTC
117538328,31802,31221,134321,"{""redshift"":""0.209999993443489"",""object_id"":""-529730483279058003"",""contour_image"":""102044185_NEG529730483279058003_gz_arcsinh_vis_y_contour.jpg"",""original_image"":""102044185_NEG529730483279058003_gz_arcsinh_vis_y.jpg"",""disk-edge-on_yes_fraction"":""0.9785156""}","{""0"":""https://panoptes-uploads.zooniverse.org/subject_location/d4355005-994a-40d2-a16e-a902e63f5f5c.jpeg"",""1"":""https://panoptes-uploads.zooniverse.org/subject_location/85efd2cd-21cc-4c13-a4e0-6b6510d9e575.jpeg""}",0,,,2026-02-13 08:16:50 UTC,2026-02-13 08:16:50 UTC
117538329,31802,31221,134321,"{""redshift"":""0.1599999964237213"",""object_id"":""-658979142487958644"",""contour_image"":""102020541_NEG658979142487958644_gz_arcsinh_vis_y_contour.jpg"",""original_image"":""102020541_NEG658979142487958644_gz_arcsinh_vis_y.jpg"",""disk-edge-on_yes_fraction"":""0.9848633""}","{""0"":""https://panoptes-uploads.zooniverse.org/subject_location/c187a1d9-049d-4337-88e3-8c52d776e5a8.jpeg"",""1"":""https://panoptes-uploads.zooniverse.org/subject_location/a83cbb2d-f442-404d-b43f-0f91cbb0a47d.jpeg""}",0,,,2026-02-13 08:16:51 UTC,2026-02-13 08:16:51 UTC
117538330,31802,31221,134321,"{""redshift"":""0.1800000071525573"",""object_id"":""-530894386273361622"",""contour_image"":""102044825_NEG530894386273361622_gz_arcsinh_vis_y_contour.jpg"",""original_image"":""102044825_NEG530894386273361622_gz_arcsinh_vis_y.jpg"",""disk-edge-on_yes_fraction"":""0.94140625""}","{""0"":""https://panoptes-uploads.zooniverse.org/subject_location/8ba36de1-d99c-427d-bec1-0c170e5059eb.jpeg"",""1"":""https://panoptes-uploads.zooniverse.org/subject_location/82d019e5-8521-4092-93bc-3fe83d24f42d.jpeg""}",0,,,2026-02-13 08:16:51 UTC,2026-02-13 08:16:51 UTC
117538331,31802,31221,134321,"{""redshift"":""0.050000000745058"",""object_id"":""-611998631473103198"",""contour_image"":""102021984_NEG611998631473103198_gz_arcsinh_vis_y_contour.jpg"",""original_image"":""102021984_NEG611998631473103198_gz_arcsinh_vis_y.jpg"",""disk-edge-on_yes_fraction"":""0.83984375""}","{""0"":""https://panoptes-uploads.zooniverse.org/subject_location/ac161caf-31a9-49e3-bf3a-b8be5b914763.jpeg"",""1"":""https://panoptes-uploads.zooniverse.org/subject_location/b6ce4a2f-9f16-4d82-bab3-fe3b80975071.jpeg""}",0,,,2026-02-13 08:16:52 UTC,2026-02-13 08:16:52 UTC
117538332,31802,31221,134321,"{""redshift"":""0.2199999988079071"",""object_id"":""2732832188673435661"",""contour_image"":""102160062_2732832188673435661_gz_arcsinh_vis_y_contour.jpg"",""original_image"":""102160062_2732832188673435661_gz_arcsinh_vis_y.jpg"",""disk-edge-on_yes_fraction"":""0.9741211""}","{""0"":""https://panoptes-uploads.zooniverse.org/subject_location/68cd3bd9-d022-465d-80d3-2870ebc39629.jpeg"",""1"":""https://panoptes-uploads.zooniverse.org/subject_location/dae89fbd-c96d-4302-b12e-5c6b313f79fe.jpeg""}",0,,,2026-02-13 08:16:52 UTC,2026-02-13 08:16:52 UTC
117538333,31802,31221,134321,"{""redshift"":""0.1000000014901161"",""object_id"":""2702779812647186200"",""contour_image"":""102158274_2702779812647186200_gz_arcsinh_vis_y_contour.jpg"",""original_image"":""102158274_2702779812647186200_gz_arcsinh_vis_y.jpg"",""disk-edge-on_yes_fraction"":""0.9482422""}","{""0"":""https://panoptes-uploads.zooniverse.org/subject_location/295fff70-6b38-43c9-b65e-79a99b25d550.jpeg"",""1"":""https://panoptes-uploads.zooniverse.org/subject_location/6eba0d3d-f6dc-40d0-b57f-5fa662685a28.jpeg""}",0,,,2026-02-13 08:16:53 UTC,2026-02-13 08:16:53 UTC
117538334,31802,31221,134321,"{""redshift"":""0.25"",""object_id"":""-512991211277984192"",""contour_image"":""102044182_NEG512991211277984192_gz_arcsinh_vis_y_contour.jpg"",""original_image"":""102044182_NEG512991211277984192_gz_arcsinh_vis_y.jpg"",""disk-edge-on_yes_fraction"":""0.81591797""}","{""0"":""https://panoptes-uploads.zooniverse.org/subject_location/61e7b16d-a30f-4fa7-98f4-b983c48ab9da.jpeg"",""1"":""https://panoptes-uploads.zooniverse.org/subject_location/04f39a9c-d77f-4439-9536-4e21f91071fc.jpeg""}",0,,,2026-02-13 08:16:53 UTC,2026-02-13 08:16:53 UTC
117538335,31802,31221,134321,"{""redshift"":""0.209999993443489"",""object_id"":""2713778241671927402"",""contour_image"":""102159776_2713778241671927402_gz_arcsinh_vis_y_contour.jpg"",""original_image"":""102159776_2713778241671927402_gz_arcsinh_vis_y.jpg"",""disk-edge-on_yes_fraction"":""0.98046875""}","{""0"":""https://panoptes-uploads.zooniverse.org/subject_location/28827605-f031-4a1a-810f-a1e941ae44da.jpeg"",""1"":""https://panoptes-uploads.zooniverse.org/subject_location/0b8e5b03-c071-4859-b933-c27f82753135.jpeg""}",0,,,2026-02-13 08:16:54 UTC,2026-02-13 08:16:54 UTC
117538336,31802,31221,134321,"{""redshift"":""0.2399999946355819"",""object_id"":""-532291791267339086"",""contour_image"":""102046113_NEG532291791267339086_gz_arcsinh_vis_y_contour.jpg"",""original_image"":""102046113_NEG532291791267339086_gz_arcsinh_vis_y.jpg"",""disk-edge-on_yes_fraction"":""0.90722656""}","{""0"":""https://panoptes-uploads.zooniverse.org/subject_location/8ea596a3-ee3a-4d1a-bdb5-61f47df6a071.jpeg"",""1"":""https://panoptes-uploads.zooniverse.org/subject_location/717d273b-6b77-4b42-be9b-58e9f18f5d25.jpeg""}",0,,,2026-02-13 08:16:54 UTC,2026-02-13 08:16:54 UTC
117538337,31802,31221,134321,"{""redshift"":""0.1899999976158142"",""object_id"":""-622944998486616245"",""contour_image"":""102021015_NEG622944998486616245_gz_arcsinh_vis_y_contour.jpg"",""original_image"":""102021015_NEG622944998486616245_gz_arcsinh_vis_y.jpg"",""disk-edge-on_yes_fraction"":""0.8330078""}","{""0"":""https://panoptes-uploads.zooniverse.org/subject_location/64f36aca-3113-433c-b393-5346d0b386a6.jpeg"",""1"":""https://panoptes-uploads.zooniverse.org/subject_location/633d3dcf-f3a3-40ff-a3ca-50840c58945f.jpeg""}",0,,,2026-02-13 08:16:55 UTC,2026-02-13 08:16:55 UTC
117538338,31802,31221,134321,"{""redshift"":""0.1199999973177909"",""object_id"":""-525520588298372956"",""contour_image"":""102041656_NEG525520588298372956_gz_arcsinh_vis_y_contour.jpg"",""original_image"":""102041656_NEG525520588298372956_gz_arcsinh_vis_y.jpg"",""disk-edge-on_yes_fraction"":""0.9472656""}","{""0"":""https://panoptes-uploads.zooniverse.org/subject_location/542c6b7e-ed29-4a7a-abd8-d15292e659f4.jpeg"",""1"":""https://panoptes-uploads.zooniverse.org/subject_location/a460ae60-59c2-4ed6-9567-a758c75c8305.jpeg""}",0,,,2026-02-13 08:16:56 UTC,2026-02-13 08:16:56 UTC
117538339,31802,31221,134321,"{""redshift"":""0.1500000059604644"",""object_id"":""-552002515291622146"",""contour_image"":""102042919_NEG552002515291622146_gz_arcsinh_vis_y_contour.jpg"",""original_image"":""102042919_NEG552002515291622146_gz_arcsinh_vis_y.jpg"",""disk-edge-on_yes_fraction"":""0.9863281""}","{""0"":""https://panoptes-uploads.zooniverse.org/subject_location/f8f86514-2e3c-41b8-9e55-78f13065cb2c.jpeg"",""1"":""https://panoptes-uploads.zooniverse.org/subject_location/69846b89-27d8-4602-82bb-bbbee14acabd.jpeg""}",0,,,2026-02-13 08:16:56 UTC,2026-02-13 08:16:56 UTC
117538340,31802,31221,134321,"{""redshift"":""0.270000010728836"",""object_id"":""-635713404469184582"",""contour_image"":""102022481_NEG635713404469184582_gz_arcsinh_vis_y_contour.jpg"",""original_image"":""102022481_NEG635713404469184582_gz_arcsinh_vis_y.jpg"",""disk-edge-on_yes_fraction"":""0.9838867""}","{""0"":""https://panoptes-uploads.zooniverse.org/subject_location/2fedcf74-0af5-4d8f-80ce-79dac19d0f98.jpeg"",""1"":""https://panoptes-uploads.zooniverse.org/subject_location/fc61c525-15c4-4627-8312-c2147a07bc6d.jpeg""}",0,,,2026-02-13 08:16:57 UTC,2026-02-13 08:16:57 UTC
117538341,31802,31221,134321,"{""redshift"":""0.0799999982118606"",""object_id"":""2747180934665492221"",""contour_image"":""102159490_2747180934665492221_gz_arcsinh_vis_y_contour.jpg"",""original_image"":""102159490_2747180934665492221_gz_arcsinh_vis_y.jpg"",""disk-edge-on_yes_fraction"":""0.83691406""}","{""0"":""https://panoptes-uploads.zooniverse.org/subject_location/44f305d7-3d35-4503-b13b-827f4c34963f.jpeg"",""1"":""https://panoptes-uploads.zooniverse.org/subject_location/bf2ab2de-ce3b-4f49-8f67-ddb858300845.jpeg""}",0,,,2026-02-13 08:16:57 UTC,2026-02-13 08:16:57 UTC
117538342,31802,31221,134321,"{""redshift"":""0.1700000017881393"",""object_id"":""-522058262284923973"",""contour_image"":""102043547_NEG522058262284923973_gz_arcsinh_vis_y_contour.jpg"",""original_image"":""102043547_NEG522058262284923973_gz_arcsinh_vis_y.jpg"",""disk-edge-on_yes_fraction"":""0.9863281""}","{""0"":""https://panoptes-uploads.zooniverse.org/subject_location/9870f3cb-a07f-4e21-aada-04a136aff46a.jpeg"",""1"":""https://panoptes-uploads.zooniverse.org/subject_location/a2e3f942-53ad-43ca-b55d-a15fc4e73c02.jpeg""}",0,,,2026-02-13 08:16:58 UTC,2026-02-13 08:16:58 UTC
117538343,31802,31221,134321,"{""redshift"":""0.1899999976158142"",""object_id"":""-528841120260141265"",""contour_image"":""102046760_NEG528841120260141265_gz_arcsinh_vis_y_contour.jpg"",""original_image"":""102046760_NEG528841120260141265_gz_arcsinh_vis_y.jpg"",""disk-edge-on_yes_fraction"":""0.9785156""}","{""0"":""https://panoptes-uploads.zooniverse.org/subject_location/7f954eca-7885-49d9-a82d-7ef80449574f.jpeg"",""1"":""https://panoptes-uploads.zooniverse.org/subject_location/55da9d40-6ee2-4ba3-be3a-bf3b70a6b49e.jpeg""}",0,,,2026-02-13 08:16:58 UTC,2026-02-13 08:16:58 UTC
117538344,31802,31221,134321,"{""redshift"":""0.2199999988079071"",""object_id"":""-628092537477476500"",""contour_image"":""102021987_NEG628092537477476500_gz_arcsinh_vis_y_contour.jpg"",""original_image"":""102021987_NEG628092537477476500_gz_arcsinh_vis_y.jpg"",""disk-edge-on_yes_fraction"":""0.9580078""}","{""0"":""https://panoptes-uploads.zooniverse.org/subject_location/d3d610dd-5d9e-4dca-abdc-8e9ccdbf225b.jpeg"",""1"":""https://panoptes-uploads.zooniverse.org/subject_location/08725712-8f21-417a-b75f-a4a661f31837.jpeg""}",0,,,2026-02-13 08:16:59 UTC,2026-02-13 08:16:59 UTC
117538345,31802,31221,134321,"{""redshift"":""0.1800000071525573"",""object_id"":""-635120288484789790"",""contour_image"":""102021017_NEG635120288484789790_gz_arcsinh_vis_y_contour.jpg"",""original_image"":""102021017_NEG635120288484789790_gz_arcsinh_vis_y.jpg"",""disk-edge-on_yes_fraction"":""0.80078125""}","{""0"":""https://panoptes-uploads.zooniverse.org/subject_location/288076d0-d076-466a-996d-68ff41ec0f41.jpeg"",""1"":""https://panoptes-uploads.zooniverse.org/subject_location/f6ba58dc-cb97-4d6a-9603-862b9cb04919.jpeg""}",0,,,2026-02-13 08:16:59 UTC,2026-02-13 08:16:59 UTC
117538346,31802,31221,134321,"{""redshift"":""0.209999993443489"",""object_id"":""-576367118486891131"",""contour_image"":""102021009_NEG576367118486891131_gz_arcsinh_vis_y_contour.jpg"",""original_image"":""102021009_NEG576367118486891131_gz_arcsinh_vis_y.jpg"",""disk-edge-on_yes_fraction"":""0.9868164""}","{""0"":""https://panoptes-uploads.zooniverse.org/subject_location/6b3bee86-3d99-4906-956d-c8c4f9f9de3e.jpeg"",""1"":""https://panoptes-uploads.zooniverse.org/subject_location/fea3c954-4a05-4d40-ad8b-aa98482656f0.jpeg""}",0,,,2026-02-13 08:16:59 UTC,2026-02-13 08:16:59 UTC
117538347,31802,31221,134321,"{""redshift"":""0.1899999976158142"",""object_id"":""2710479954648601297"",""contour_image"":""102158586_2710479954648601297_gz_arcsinh_vis_y_contour.jpg"",""original_image"":""102158586_2710479954648601297_gz_arcsinh_vis_y.jpg"",""disk-edge-on_yes_fraction"":""0.9243164""}","{""0"":""https://panoptes-uploads.zooniverse.org/subject_location/7c5fdf28-107e-43ff-ad90-2c5207b9c5b8.jpeg"",""1"":""https://panoptes-uploads.zooniverse.org/subject_location/8341456f-9cfd-44e4-8865-a5a262a566cc.jpeg""}",0,,,2026-02-13 08:17:00 UTC,2026-02-13 08:17:00 UTC
117538348,31802,31221,134321,"{""redshift"":""0.2300000041723251"",""object_id"":""-654828674470519782"",""contour_image"":""102022483_NEG654828674470519782_gz_arcsinh_vis_y_contour.jpg"",""original_image"":""102022483_NEG654828674470519782_gz_arcsinh_vis_y.jpg"",""disk-edge-on_yes_fraction"":""0.9628906""}","{""0"":""https://panoptes-uploads.zooniverse.org/subject_location/e4857d67-0880-4a65-802b-bde2669d151d.jpeg"",""1"":""https://panoptes-uploads.zooniverse.org/subject_location/87bb8709-de2b-4682-a06a-d5bf59086424.jpeg""}",0,,,2026-02-13 08:17:00 UTC,2026-02-13 08:17:00 UTC
117538349,31802,31221,134321,"{""redshift"":""0.0799999982118606"",""object_id"":""2723695092664383313"",""contour_image"":""102159489_2723695092664383313_gz_arcsinh_vis_y_contour.jpg"",""original_image"":""102159489_2723695092664383313_gz_arcsinh_vis_y.jpg"",""disk-edge-on_yes_fraction"":""0.9423828""}","{""0"":""https://panoptes-uploads.zooniverse.org/subject_location/2541b9bc-9546-46a0-8bc4-6c67fb96cfb0.jpeg"",""1"":""https://panoptes-uploads.zooniverse.org/subject_location/f6430679-7526-4509-9686-f697c54be6dd.jpeg""}",0,,,2026-02-13 08:17:01 UTC,2026-02-13 08:17:01 UTC
117538350,31802,31221,134321,"{""redshift"":""0.2000000029802322"",""object_id"":""-591446832506135766"",""contour_image"":""102019126_NEG591446832506135766_gz_arcsinh_vis_y_contour.jpg"",""original_image"":""102019126_NEG591446832506135766_gz_arcsinh_vis_y.jpg"",""disk-edge-on_yes_fraction"":""0.9863281""}","{""0"":""https://panoptes-uploads.zooniverse.org/subject_location/c954a359-c8cc-4d6c-9f3e-35e9a96d2995.jpeg"",""1"":""https://panoptes-uploads.zooniverse.org/subject_location/72779ffd-85ab-4fc1-ab1e-e7d0eef29095.jpeg""}",0,,,2026-02-13 08:17:01 UTC,2026-02-13 08:17:01 UTC
117538351,31802,31221,134321,"{""redshift"":""0.0799999982118606"",""object_id"":""2713675198663715976"",""contour_image"":""102159488_2713675198663715976_gz_arcsinh_vis_y_contour.jpg"",""original_image"":""102159488_2713675198663715976_gz_arcsinh_vis_y.jpg"",""disk-edge-on_yes_fraction"":""0.92333984""}","{""0"":""https://panoptes-uploads.zooniverse.org/subject_location/dc8929d4-40bc-40d5-a8d8-3b944abb732e.jpeg"",""1"":""https://panoptes-uploads.zooniverse.org/subject_location/fc3f99c5-19fb-4cbe-8a82-6a79e91a4105.jpeg""}",0,,,2026-02-13 08:17:02 UTC,2026-02-13 08:17:02 UTC
117538352,31802,31221,134321,"{""redshift"":""0.1199999973177909"",""object_id"":""2674810437637626054"",""contour_image"":""102157954_2674810437637626054_gz_arcsinh_vis_y_contour.jpg"",""original_image"":""102157954_2674810437637626054_gz_arcsinh_vis_y.jpg"",""disk-edge-on_yes_fraction"":""0.96240234""}","{""0"":""https://panoptes-uploads.zooniverse.org/subject_location/b48e0213-25c1-4632-8c93-f8328b26e160.jpeg"",""1"":""https://panoptes-uploads.zooniverse.org/subject_location/7b870e57-c45e-4481-840b-506874017a47.jpeg""}",0,,,2026-02-13 08:17:02 UTC,2026-02-13 08:17:02 UTC
117538353,31802,31221,134321,"{""redshift"":""0.1800000071525573"",""object_id"":""-651694476486900545"",""contour_image"":""102021019_NEG651694476486900545_gz_arcsinh_vis_y_contour.jpg"",""original_image"":""102021019_NEG651694476486900545_gz_arcsinh_vis_y.jpg"",""disk-edge-on_yes_fraction"":""0.984375""}","{""0"":""https://panoptes-uploads.zooniverse.org/subject_location/dcb6a7b3-7705-43c9-9252-3ddda0803416.jpeg"",""1"":""https://panoptes-uploads.zooniverse.org/subject_location/78a1e0a6-61db-4b7d-91f0-6e21b8b488ff.jpeg""}",0,,,2026-02-13 08:17:03 UTC,2026-02-13 08:17:03 UTC
117538354,31802,31221,134321,"{""redshift"":""0.1500000059604644"",""object_id"":""-607867246468086138"",""contour_image"":""102022477_NEG607867246468086138_gz_arcsinh_vis_y_contour.jpg"",""original_image"":""102022477_NEG607867246468086138_gz_arcsinh_vis_y.jpg"",""disk-edge-on_yes_fraction"":""0.9394531""}","{""0"":""https://panoptes-uploads.zooniverse.org/subject_location/44aebddd-9505-41bc-85e4-0baafd6f11fc.jpeg"",""1"":""https://panoptes-uploads.zooniverse.org/subject_location/80ce4cad-377c-4749-a20d-579d299a1bcf.jpeg""}",0,,,2026-02-13 08:17:03 UTC,2026-02-13 08:17:03 UTC
117538355,31802,31221,134321,"{""redshift"":""0.25"",""object_id"":""-543734312296052399"",""contour_image"":""102042287_NEG543734312296052399_gz_arcsinh_vis_y_contour.jpg"",""original_image"":""102042287_NEG543734312296052399_gz_arcsinh_vis_y.jpg"",""disk-edge-on_yes_fraction"":""0.9873047""}","{""0"":""https://panoptes-uploads.zooniverse.org/subject_location/e5db402e-1406-4cdf-9818-865d31fd9b11.jpeg"",""1"":""https://panoptes-uploads.zooniverse.org/subject_location/bcc07dc5-e277-42e8-bc45-88c8be9759e8.jpeg""}",0,,,2026-02-13 08:17:04 UTC,2026-02-13 08:17:04 UTC
117538356,31802,31221,134321,"{""redshift"":""0.2399999946355819"",""object_id"":""2716297934655938718"",""contour_image"":""102158893_2716297934655938718_gz_arcsinh_vis_y_contour.jpg"",""original_image"":""102158893_2716297934655938718_gz_arcsinh_vis_y.jpg"",""disk-edge-on_yes_fraction"":""0.9667969""}","{""0"":""https://panoptes-uploads.zooniverse.org/subject_location/e2ce1f66-5596-49ed-ba62-09a5f3a053df.jpeg"",""1"":""https://panoptes-uploads.zooniverse.org/subject_location/a48a4978-6cf5-4ca8-9293-2ba999b18317.jpeg""}",0,,,2026-02-13 08:17:04 UTC,2026-02-13 08:17:04 UTC
117538357,31802,31221,134321,"{""redshift"":""0.2300000041723251"",""object_id"":""-517684415281205959"",""contour_image"":""102044183_NEG517684415281205959_gz_arcsinh_vis_y_contour.jpg"",""original_image"":""102044183_NEG517684415281205959_gz_arcsinh_vis_y.jpg"",""disk-edge-on_yes_fraction"":""0.9589844""}","{""0"":""https://panoptes-uploads.zooniverse.org/subject_location/9e8490bc-6ed6-4789-a3e1-f5b95785f0a9.jpeg"",""1"":""https://panoptes-uploads.zooniverse.org/subject_location/348f436a-48a5-4b74-b32c-3d94c0ac6169.jpeg""}",0,,,2026-02-13 08:17:05 UTC,2026-02-13 08:17:05 UTC
117538358,31802,31221,134321,"{""redshift"":""0.1599999964237213"",""object_id"":""2717141732648992041"",""contour_image"":""102158587_2717141732648992041_gz_arcsinh_vis_y_contour.jpg"",""original_image"":""102158587_2717141732648992041_gz_arcsinh_vis_y.jpg"",""disk-edge-on_yes_fraction"":""0.97998047""}","{""0"":""https://panoptes-uploads.zooniverse.org/subject_location/5cb99c26-348b-44e0-9c51-678827c3de61.jpeg"",""1"":""https://panoptes-uploads.zooniverse.org/subject_location/1d6c22b5-2927-44eb-99e0-f77a7971bd91.jpeg""}",0,,,2026-02-13 08:17:05 UTC,2026-02-13 08:17:05 UTC
117538359,31802,31221,134321,"{""redshift"":""0.1700000017881393"",""object_id"":""-639958799487095717"",""contour_image"":""102021018_NEG639958799487095717_gz_arcsinh_vis_y_contour.jpg"",""original_image"":""102021018_NEG639958799487095717_gz_arcsinh_vis_y.jpg"",""disk-edge-on_yes_fraction"":""0.9248047""}","{""0"":""https://panoptes-uploads.zooniverse.org/subject_location/47b8fecf-2bd7-40d2-9f1a-58e7e1acac01.jpeg"",""1"":""https://panoptes-uploads.zooniverse.org/subject_location/890811a5-7399-40ba-9ddd-363cd7f37671.jpeg""}",0,,,2026-02-13 08:17:06 UTC,2026-02-13 08:17:06 UTC
117538360,31802,31221,134321,"{""redshift"":""0.1599999964237213"",""object_id"":""-637837050474173541"",""contour_image"":""102021988_NEG637837050474173541_gz_arcsinh_vis_y_contour.jpg"",""original_image"":""102021988_NEG637837050474173541_gz_arcsinh_vis_y.jpg"",""disk-edge-on_yes_fraction"":""0.9863281""}","{""0"":""https://panoptes-uploads.zooniverse.org/subject_location/85255256-a739-4897-bc3d-b74bbcd17704.jpeg"",""1"":""https://panoptes-uploads.zooniverse.org/subject_location/60d3d931-728f-4e9c-8e14-519db7c25b0f.jpeg""}",0,,,2026-02-13 08:17:06 UTC,2026-02-13 08:17:06 UTC
117538361,31802,31221,134321,"{""redshift"":""0.2800000011920929"",""object_id"":""-571780055487183772"",""contour_image"":""102021009_NEG571780055487183772_gz_arcsinh_vis_y_contour.jpg"",""original_image"":""102021009_NEG571780055487183772_gz_arcsinh_vis_y.jpg"",""disk-edge-on_yes_fraction"":""0.95654297""}","{""0"":""https://panoptes-uploads.zooniverse.org/subject_location/56b3085a-6248-4560-8b54-e38094054f1d.jpeg"",""1"":""https://panoptes-uploads.zooniverse.org/subject_location/333ca88d-1db9-40ed-9cc8-e903822797c3.jpeg""}",0,,,2026-02-13 08:17:07 UTC,2026-02-13 08:17:07 UTC
117538362,31802,31221,134321,"{""redshift"":""0.270000010728836"",""object_id"":""-614807800484259784"",""contour_image"":""102021014_NEG614807800484259784_gz_arcsinh_vis_y_contour.jpg"",""original_image"":""102021014_NEG614807800484259784_gz_arcsinh_vis_y.jpg"",""disk-edge-on_yes_fraction"":""0.9770508""}","{""0"":""https://panoptes-uploads.zooniverse.org/subject_location/cc54b50f-a7e3-45c2-8dc8-4fbf90ea9c2b.jpeg"",""1"":""https://panoptes-uploads.zooniverse.org/subject_location/ed255085-d75c-461d-9e7d-00c5c0b8a6d2.jpeg""}",0,,,2026-02-13 08:17:07 UTC,2026-02-13 08:17:07 UTC
117538363,31802,31221,134321,"{""redshift"":""0.0900000035762786"",""object_id"":""2722219038658717291"",""contour_image"":""102159194_2722219038658717291_gz_arcsinh_vis_y_contour.jpg"",""original_image"":""102159194_2722219038658717291_gz_arcsinh_vis_y.jpg"",""disk-edge-on_yes_fraction"":""0.9790039""}","{""0"":""https://panoptes-uploads.zooniverse.org/subject_location/29a21b30-f99d-4fbe-a2ae-eba5e37dca2a.jpeg"",""1"":""https://panoptes-uploads.zooniverse.org/subject_location/9bc6516d-57e7-4f0b-b5bf-e24a1cfcd7df.jpeg""}",0,,,2026-02-13 08:17:08 UTC,2026-02-13 08:17:08 UTC
117538364,31802,31221,134321,"{""redshift"":""0.0799999982118606"",""object_id"":""2718782033660119366"",""contour_image"":""102159194_2718782033660119366_gz_arcsinh_vis_y_contour.jpg"",""original_image"":""102159194_2718782033660119366_gz_arcsinh_vis_y.jpg"",""disk-edge-on_yes_fraction"":""0.9194336""}","{""0"":""https://panoptes-uploads.zooniverse.org/subject_location/ec8b944d-77de-471d-9e30-4806f9f79384.jpeg"",""1"":""https://panoptes-uploads.zooniverse.org/subject_location/e1674907-941e-4aae-b9f5-964bf6a15054.jpeg""}",0,,,2026-02-13 08:17:08 UTC,2026-02-13 08:17:08 UTC
117538365,31802,31221,134321,"{""redshift"":""0.2000000029802322"",""object_id"":""2636037108654957633"",""contour_image"":""102158886_2636037108654957633_gz_arcsinh_vis_y_contour.jpg"",""original_image"":""102158886_2636037108654957633_gz_arcsinh_vis_y.jpg"",""disk-edge-on_yes_fraction"":""0.97509766""}","{""0"":""https://panoptes-uploads.zooniverse.org/subject_location/e83ceaee-42ec-4564-9333-9ecd25101c64.jpeg"",""1"":""https://panoptes-uploads.zooniverse.org/subject_location/79bc0fa9-25f9-4ed1-b691-97ef0dd0810b.jpeg""}",0,,,2026-02-13 08:17:09 UTC,2026-02-13 08:17:09 UTC
117538366,31802,31221,134321,"{""redshift"":""0.209999993443489"",""object_id"":""2648952521649746717"",""contour_image"":""102158581_2648952521649746717_gz_arcsinh_vis_y_contour.jpg"",""original_image"":""102158581_2648952521649746717_gz_arcsinh_vis_y.jpg"",""disk-edge-on_yes_fraction"":""0.8696289""}","{""0"":""https://panoptes-uploads.zooniverse.org/subject_location/1561668f-7af1-4069-b7b3-351c23c88363.jpeg"",""1"":""https://panoptes-uploads.zooniverse.org/subject_location/d2deecc4-063f-46b8-8889-4e5890c616d0.jpeg""}",0,,,2026-02-13 08:17:09 UTC,2026-02-13 08:17:09 UTC
117538367,31802,31221,134321,"{""redshift"":""0.1800000071525573"",""object_id"":""-583492292494354825"",""contour_image"":""102020058_NEG583492292494354825_gz_arcsinh_vis_y_contour.jpg"",""original_image"":""102020058_NEG583492292494354825_gz_arcsinh_vis_y.jpg"",""disk-edge-on_yes_fraction"":""0.97314453""}","{""0"":""https://panoptes-uploads.zooniverse.org/subject_location/16d80636-1053-46c0-be63-c231039ab94c.jpeg"",""1"":""https://panoptes-uploads.zooniverse.org/subject_location/017f3a4f-5c61-4f6d-be3e-5392cd77ff58.jpeg""}",0,,,2026-02-13 08:17:10 UTC,2026-02-13 08:17:10 UTC
117538368,31802,31221,134321,"{""redshift"":""0.2000000029802322"",""object_id"":""-597068764473947273"",""contour_image"":""102021982_NEG597068764473947273_gz_arcsinh_vis_y_contour.jpg"",""original_image"":""102021982_NEG597068764473947273_gz_arcsinh_vis_y.jpg"",""disk-edge-on_yes_fraction"":""0.9536133""}","{""0"":""https://panoptes-uploads.zooniverse.org/subject_location/28fb96e0-852b-4201-bfc4-13d141388972.jpeg"",""1"":""https://panoptes-uploads.zooniverse.org/subject_location/a222763d-2ed2-43e1-b09f-bdda5e1fe7b1.jpeg""}",0,,,2026-02-13 08:17:10 UTC,2026-02-13 08:17:10 UTC
117538369,31802,31221,134321,"{""redshift"":""0.0900000035762786"",""object_id"":""2690333419648581221"",""contour_image"":""102158585_2690333419648581221_gz_arcsinh_vis_y_contour.jpg"",""original_image"":""102158585_2690333419648581221_gz_arcsinh_vis_y.jpg"",""disk-edge-on_yes_fraction"":""0.9692383""}","{""0"":""https://panoptes-uploads.zooniverse.org/subject_location/13418958-9126-4c5d-bc3e-a85ec5f3aa3a.jpeg"",""1"":""https://panoptes-uploads.zooniverse.org/subject_location/07fd13d8-58e4-4567-a868-9548ad6181c4.jpeg""}",0,,,2026-02-13 08:17:11 UTC,2026-02-13 08:17:11 UTC
117538370,31802,31221,134321,"{""redshift"":""0.270000010728836"",""object_id"":""-528819604262298981"",""contour_image"":""102046760_NEG528819604262298981_gz_arcsinh_vis_y_contour.jpg"",""original_image"":""102046760_NEG528819604262298981_gz_arcsinh_vis_y.jpg"",""disk-edge-on_yes_fraction"":""0.9555664""}","{""0"":""https://panoptes-uploads.zooniverse.org/subject_location/0d41db61-0987-495e-a70c-a88915fcce3b.jpeg"",""1"":""https://panoptes-uploads.zooniverse.org/subject_location/74a7fa7c-031c-4d9f-94f0-e2f0a8b79bcd.jpeg""}",0,,,2026-02-13 08:17:11 UTC,2026-02-13 08:17:11 UTC
117538371,31802,31221,134321,"{""redshift"":""0.1899999976158142"",""object_id"":""2691131073646465687"",""contour_image"":""102158273_2691131073646465687_gz_arcsinh_vis_y_contour.jpg"",""original_image"":""102158273_2691131073646465687_gz_arcsinh_vis_y.jpg"",""disk-edge-on_yes_fraction"":""0.96875""}","{""0"":""https://panoptes-uploads.zooniverse.org/subject_location/604c53b8-6329-4e05-8b57-d2bbd461b698.jpeg"",""1"":""https://panoptes-uploads.zooniverse.org/subject_location/9b264683-a2d3-42a9-b60a-1d7ba66ed69e.jpeg""}",0,,,2026-02-13 08:17:12 UTC,2026-02-13 08:17:12 UTC
117538372,31802,31221,134321,"{""redshift"":""0.0599999986588954"",""object_id"":""-616315404494022043"",""contour_image"":""102020062_NEG616315404494022043_gz_arcsinh_vis_y_contour.jpg"",""original_image"":""102020062_NEG616315404494022043_gz_arcsinh_vis_y.jpg"",""disk-edge-on_yes_fraction"":""0.98583984""}","{""0"":""https://panoptes-uploads.zooniverse.org/subject_location/5ff036e2-16a0-478e-8295-90d8ec8a3662.jpeg"",""1"":""https://panoptes-uploads.zooniverse.org/subject_location/7d74aa98-a910-4f6a-8b43-83d4e47d02bc.jpeg""}",0,,,2026-02-13 08:17:12 UTC,2026-02-13 08:17:12 UTC
117538373,31802,31221,134321,"{""redshift"":""0.050000000745058"",""object_id"":""-627838799456552213"",""contour_image"":""102023984_NEG627838799456552213_gz_arcsinh_vis_y_contour.jpg"",""original_image"":""102023984_NEG627838799456552213_gz_arcsinh_vis_y.jpg"",""disk-edge-on_yes_fraction"":""0.96875""}","{""0"":""https://panoptes-uploads.zooniverse.org/subject_location/0a8fe550-ec80-4aeb-ac80-c08184303641.jpeg"",""1"":""https://panoptes-uploads.zooniverse.org/subject_location/ec343ec6-8ddc-464c-904f-ae99dff9a014.jpeg""}",0,,,2026-02-13 08:17:13 UTC,2026-02-13 08:17:13 UTC
117538374,31802,31221,134321,"{""redshift"":""0.1400000005960464"",""object_id"":""2756391781651188895"",""contour_image"":""102158590_2756391781651188895_gz_arcsinh_vis_y_contour.jpg"",""original_image"":""102158590_2756391781651188895_gz_arcsinh_vis_y.jpg"",""disk-edge-on_yes_fraction"":""0.9760742""}","{""0"":""https://panoptes-uploads.zooniverse.org/subject_location/6a983a60-3944-4416-b5f8-00a325f0290c.jpeg"",""1"":""https://panoptes-uploads.zooniverse.org/subject_location/e5a87a8f-f3d4-4cca-8db5-066c2697b64e.jpeg""}",0,,,2026-02-13 08:17:13 UTC,2026-02-13 08:17:13 UTC
117538375,31802,31221,134321,"{""redshift"":""0.1800000071525573"",""object_id"":""-525005707286928431"",""contour_image"":""102043548_NEG525005707286928431_gz_arcsinh_vis_y_contour.jpg"",""original_image"":""102043548_NEG525005707286928431_gz_arcsinh_vis_y.jpg"",""disk-edge-on_yes_fraction"":""0.9814453""}","{""0"":""https://panoptes-uploads.zooniverse.org/subject_location/889a6e02-b437-4e5e-8ed1-0e04a468b605.jpeg"",""1"":""https://panoptes-uploads.zooniverse.org/subject_location/de4225df-21a8-4d2b-a029-e03a44639ec7.jpeg""}",0,,,2026-02-13 08:17:14 UTC,2026-02-13 08:17:14 UTC
117538376,31802,31221,134321,"{""redshift"":""0.1000000014901161"",""object_id"":""2657619289646091102"",""contour_image"":""102158270_2657619289646091102_gz_arcsinh_vis_y_contour.jpg"",""original_image"":""102158270_2657619289646091102_gz_arcsinh_vis_y.jpg"",""disk-edge-on_yes_fraction"":""0.8256836""}","{""0"":""https://panoptes-uploads.zooniverse.org/subject_location/4c7505ab-b143-4139-8136-fa6b8c4b85dd.jpeg"",""1"":""https://panoptes-uploads.zooniverse.org/subject_location/c932e635-129d-4886-bfea-0224d8a66faa.jpeg""}",0,,,2026-02-13 08:17:14 UTC,2026-02-13 08:17:14 UTC
117538377,31802,31221,134321,"{""redshift"":""0.2800000011920929"",""object_id"":""2741922851643440817"",""contour_image"":""102158277_2741922851643440817_gz_arcsinh_vis_y_contour.jpg"",""original_image"":""102158277_2741922851643440817_gz_arcsinh_vis_y.jpg"",""disk-edge-on_yes_fraction"":""0.9785156""}","{""0"":""https://panoptes-uploads.zooniverse.org/subject_location/bacc5fe2-e7cb-4b82-9037-5fafcb28d997.jpeg"",""1"":""https://panoptes-uploads.zooniverse.org/subject_location/80c0a7a6-eab8-4a60-90c3-a38bfe9a5deb.jpeg""}",0,,,2026-02-13 08:17:15 UTC,2026-02-13 08:17:15 UTC
117538378,31802,31221,134321,"{""redshift"":""0.270000010728836"",""object_id"":""-538149726295102570"",""contour_image"":""102042286_NEG538149726295102570_gz_arcsinh_vis_y_contour.jpg"",""original_image"":""102042286_NEG538149726295102570_gz_arcsinh_vis_y.jpg"",""disk-edge-on_yes_fraction"":""0.9746094""}","{""0"":""https://panoptes-uploads.zooniverse.org/subject_location/a4c2f1e2-c225-4d40-887d-da33602257ea.jpeg"",""1"":""https://panoptes-uploads.zooniverse.org/subject_location/aa6b659e-715d-464b-b0ee-cbed1838589d.jpeg""}",0,,,2026-02-13 08:17:16 UTC,2026-02-13 08:17:16 UTC
117538379,31802,31221,134321,"{""redshift"":""0.1199999973177909"",""object_id"":""-665231949473120653"",""contour_image"":""102021992_NEG665231949473120653_gz_arcsinh_vis_y_contour.jpg"",""original_image"":""102021992_NEG665231949473120653_gz_arcsinh_vis_y.jpg"",""disk-edge-on_yes_fraction"":""0.9760742""}","{""0"":""https://panoptes-uploads.zooniverse.org/subject_location/d27db986-f590-42e8-8176-9bd8e8b35ab1.jpeg"",""1"":""https://panoptes-uploads.zooniverse.org/subject_location/802b72b1-798a-4756-8bc3-421287ef89ca.jpeg""}",0,,,2026-02-13 08:17:16 UTC,2026-02-13 08:17:16 UTC
117538380,31802,31221,134321,"{""redshift"":""0.1599999964237213"",""object_id"":""2738995789645850459"",""contour_image"":""102158277_2738995789645850459_gz_arcsinh_vis_y_contour.jpg"",""original_image"":""102158277_2738995789645850459_gz_arcsinh_vis_y.jpg"",""disk-edge-on_yes_fraction"":""0.97802734""}","{""0"":""https://panoptes-uploads.zooniverse.org/subject_location/b66304b5-53fe-4dd5-a443-c98577674a4f.jpeg"",""1"":""https://panoptes-uploads.zooniverse.org/subject_location/c4f0b2a7-9432-4749-a0e0-6485a0f7ab63.jpeg""}",0,,,2026-02-13 08:17:17 UTC,2026-02-13 08:17:17 UTC
117538381,31802,31221,134321,"{""redshift"":""0.2000000029802322"",""object_id"":""-592912606489643389"",""contour_image"":""102020533_NEG592912606489643389_gz_arcsinh_vis_y_contour.jpg"",""original_image"":""102020533_NEG592912606489643389_gz_arcsinh_vis_y.jpg"",""disk-edge-on_yes_fraction"":""0.93359375""}","{""0"":""https://panoptes-uploads.zooniverse.org/subject_location/a6431b5d-879c-4927-b4b6-84b064ff8700.jpeg"",""1"":""https://panoptes-uploads.zooniverse.org/subject_location/e998e4a2-760a-4f67-a72a-a59bf64c8bdd.jpeg""}",0,,,2026-02-13 08:17:17 UTC,2026-02-13 08:17:17 UTC
117538382,31802,31221,134321,"{""redshift"":""0.2199999988079071"",""object_id"":""-635220628475664070"",""contour_image"":""102021988_NEG635220628475664070_gz_arcsinh_vis_y_contour.jpg"",""original_image"":""102021988_NEG635220628475664070_gz_arcsinh_vis_y.jpg"",""disk-edge-on_yes_fraction"":""0.8256836""}","{""0"":""https://panoptes-uploads.zooniverse.org/subject_location/94ad96ee-618c-44bd-baa3-f6c99abc3c81.jpeg"",""1"":""https://panoptes-uploads.zooniverse.org/subject_location/d91581ae-aa8e-4497-96d3-a49dc71b747c.jpeg""}",0,,,2026-02-13 08:17:18 UTC,2026-02-13 08:17:18 UTC
117538383,31802,31221,134321,"{""redshift"":""0.1899999976158142"",""object_id"":""-528701186288338961"",""contour_image"":""102042915_NEG528701186288338961_gz_arcsinh_vis_y_contour.jpg"",""original_image"":""102042915_NEG528701186288338961_gz_arcsinh_vis_y.jpg"",""disk-edge-on_yes_fraction"":""0.98535156""}","{""0"":""https://panoptes-uploads.zooniverse.org/subject_location/f2b8ea53-1324-4017-b1ec-952da368622f.jpeg"",""1"":""https://panoptes-uploads.zooniverse.org/subject_location/de887b5c-fa1c-4368-ab6e-34b99fa39948.jpeg""}",0,,,2026-02-13 08:17:18 UTC,2026-02-13 08:17:18 UTC
117538384,31802,31221,134321,"{""redshift"":""0.0900000035762786"",""object_id"":""-578040472484086052"",""contour_image"":""102021009_NEG578040472484086052_gz_arcsinh_vis_y_contour.jpg"",""original_image"":""102021009_NEG578040472484086052_gz_arcsinh_vis_y.jpg"",""disk-edge-on_yes_fraction"":""0.9682617""}","{""0"":""https://panoptes-uploads.zooniverse.org/subject_location/bc989424-ecd2-4e30-aa7b-21579a613d85.jpeg"",""1"":""https://panoptes-uploads.zooniverse.org/subject_location/0bfe36b0-7c62-47f9-b396-a5291b883091.jpeg""}",0,,,2026-02-13 08:17:19 UTC,2026-02-13 08:17:19 UTC
117538385,31802,31221,134321,"{""redshift"":""0.1899999976158142"",""object_id"":""-592599661475607910"",""contour_image"":""102021982_NEG592599661475607910_gz_arcsinh_vis_y_contour.jpg"",""original_image"":""102021982_NEG592599661475607910_gz_arcsinh_vis_y.jpg"",""disk-edge-on_yes_fraction"":""0.98046875""}","{""0"":""https://panoptes-uploads.zooniverse.org/subject_location/60f5ea80-1895-4f27-80a5-e9225f73d69f.jpeg"",""1"":""https://panoptes-uploads.zooniverse.org/subject_location/6edefaaf-fef6-44cb-a65a-6e53e0ca0722.jpeg""}",0,,,2026-02-13 08:17:19 UTC,2026-02-13 08:17:19 UTC
117538386,31802,31221,134321,"{""redshift"":""0.1899999976158142"",""object_id"":""-611086974484356336"",""contour_image"":""102021014_NEG611086974484356336_gz_arcsinh_vis_y_contour.jpg"",""original_image"":""102021014_NEG611086974484356336_gz_arcsinh_vis_y.jpg"",""disk-edge-on_yes_fraction"":""0.9633789""}","{""0"":""https://panoptes-uploads.zooniverse.org/subject_location/50ce3556-c318-4487-9db9-c20f89eafb0c.jpeg"",""1"":""https://panoptes-uploads.zooniverse.org/subject_location/1d2f0e42-fd26-48c2-a3de-3a7f9773025b.jpeg""}",0,,,2026-02-13 08:17:20 UTC,2026-02-13 08:17:20 UTC
117538387,31802,31221,134321,"{""redshift"":""0.1899999976158142"",""object_id"":""2743079106669862423"",""contour_image"":""102159779_2743079106669862423_gz_arcsinh_vis_y_contour.jpg"",""original_image"":""102159779_2743079106669862423_gz_arcsinh_vis_y.jpg"",""disk-edge-on_yes_fraction"":""0.9716797""}","{""0"":""https://panoptes-uploads.zooniverse.org/subject_location/ee492f6d-9638-44bb-b385-3dda07b0c215.jpeg"",""1"":""https://panoptes-uploads.zooniverse.org/subject_location/9c3b0858-4bb9-4e70-b6ba-d931cccf9fa8.jpeg""}",0,,,2026-02-13 08:17:20 UTC,2026-02-13 08:17:20 UTC
117538388,31802,31221,134321,"{""redshift"":""0.2899999916553497"",""object_id"":""2662689360661026576"",""contour_image"":""102159189_2662689360661026576_gz_arcsinh_vis_y_contour.jpg"",""original_image"":""102159189_2662689360661026576_gz_arcsinh_vis_y.jpg"",""disk-edge-on_yes_fraction"":""0.98583984""}","{""0"":""https://panoptes-uploads.zooniverse.org/subject_location/26d92e41-95a5-4c50-a51e-ae837d4127e1.jpeg"",""1"":""https://panoptes-uploads.zooniverse.org/subject_location/d03c8d03-6dae-454c-9bc6-17db1c7f98d2.jpeg""}",0,,,2026-02-13 08:17:21 UTC,2026-02-13 08:17:21 UTC
117538389,31802,31221,134321,"{""redshift"":""0.1500000059604644"",""object_id"":""-665892835475157451"",""contour_image"":""102021992_NEG665892835475157451_gz_arcsinh_vis_y_contour.jpg"",""original_image"":""102021992_NEG665892835475157451_gz_arcsinh_vis_y.jpg"",""disk-edge-on_yes_fraction"":""0.9248047""}","{""0"":""https://panoptes-uploads.zooniverse.org/subject_location/5d6acdcc-7920-4bd8-9b65-5f92b1a1ed13.jpeg"",""1"":""https://panoptes-uploads.zooniverse.org/subject_location/5763e0e0-231c-4701-bc62-91d978df17c2.jpeg""}",0,,,2026-02-13 08:17:21 UTC,2026-02-13 08:17:21 UTC
117538390,31802,31221,134321,"{""redshift"":""0.270000010728836"",""object_id"":""2701642335675337305"",""contour_image"":""102160059_2701642335675337305_gz_arcsinh_vis_y_contour.jpg"",""original_image"":""102160059_2701642335675337305_gz_arcsinh_vis_y.jpg"",""disk-edge-on_yes_fraction"":""0.9790039""}","{""0"":""https://panoptes-uploads.zooniverse.org/subject_location/933bea70-9782-4760-857b-670e3df806fd.jpeg"",""1"":""https://panoptes-uploads.zooniverse.org/subject_location/0848430e-56c0-4570-9e2b-fe8b18acf1fd.jpeg""}",0,,,2026-02-13 08:17:22 UTC,2026-02-13 08:17:22 UTC
117538391,31802,31221,134321,"{""redshift"":""0.25"",""object_id"":""-609836957494192744"",""contour_image"":""102020061_NEG609836957494192744_gz_arcsinh_vis_y_contour.jpg"",""original_image"":""102020061_NEG609836957494192744_gz_arcsinh_vis_y.jpg"",""disk-edge-on_yes_fraction"":""0.98046875""}","{""0"":""https://panoptes-uploads.zooniverse.org/subject_location/67048658-10f7-4260-9124-2acaafe208bd.jpeg"",""1"":""https://panoptes-uploads.zooniverse.org/subject_location/e14e3a7a-a4fd-487d-9599-99765e2e916c.jpeg""}",0,,,2026-02-13 08:17:22 UTC,2026-02-13 08:17:22 UTC
117538392,31802,31221,134321,"{""redshift"":""0.1000000014901161"",""object_id"":""2674056750650372075"",""contour_image"":""102158583_2674056750650372075_gz_arcsinh_vis_y_contour.jpg"",""original_image"":""102158583_2674056750650372075_gz_arcsinh_vis_y.jpg"",""disk-edge-on_yes_fraction"":""0.9301758""}","{""0"":""https://panoptes-uploads.zooniverse.org/subject_location/51883aa6-3b6a-4c79-aa9e-9b39776cc47f.jpeg"",""1"":""https://panoptes-uploads.zooniverse.org/subject_location/7430fd73-5738-426d-aaa3-9eab1a900895.jpeg""}",0,,,2026-02-13 08:17:23 UTC,2026-02-13 08:17:23 UTC
117538393,31802,31221,134321,"{""redshift"":""0.2399999946355819"",""object_id"":""-636875574471461557"",""contour_image"":""102022481_NEG636875574471461557_gz_arcsinh_vis_y_contour.jpg"",""original_image"":""102022481_NEG636875574471461557_gz_arcsinh_vis_y.jpg"",""disk-edge-on_yes_fraction"":""0.9667969""}","{""0"":""https://panoptes-uploads.zooniverse.org/subject_location/160ba206-f54f-48c8-9fba-f021d2a8af03.jpeg"",""1"":""https://panoptes-uploads.zooniverse.org/subject_location/f182178d-b686-42b7-a3cb-27accdf98255.jpeg""}",0,,,2026-02-13 08:17:23 UTC,2026-02-13 08:17:23 UTC
117538394,31802,31221,134321,"{""redshift"":""0.1400000005960464"",""object_id"":""2686750742660188560"",""contour_image"":""102159191_2686750742660188560_gz_arcsinh_vis_y_contour.jpg"",""original_image"":""102159191_2686750742660188560_gz_arcsinh_vis_y.jpg"",""disk-edge-on_yes_fraction"":""0.984375""}","{""0"":""https://panoptes-uploads.zooniverse.org/subject_location/388e3f14-a0aa-4ca7-84c6-85b58309aa3d.jpeg"",""1"":""https://panoptes-uploads.zooniverse.org/subject_location/1eb3c1ca-0be3-47f5-bf9a-df8f38479512.jpeg""}",0,,,2026-02-13 08:17:24 UTC,2026-02-13 08:17:24 UTC
117538395,31802,31221,134321,"{""redshift"":""0.2300000041723251"",""object_id"":""2673567944639281457"",""contour_image"":""102157954_2673567944639281457_gz_arcsinh_vis_y_contour.jpg"",""original_image"":""102157954_2673567944639281457_gz_arcsinh_vis_y.jpg"",""disk-edge-on_yes_fraction"":""0.97314453""}","{""0"":""https://panoptes-uploads.zooniverse.org/subject_location/11c3b253-f03a-46e5-9212-1b9436efcfb5.jpeg"",""1"":""https://panoptes-uploads.zooniverse.org/subject_location/1229c57f-40fe-4505-b14d-fed17d88fab1.jpeg""}",0,,,2026-02-13 08:17:24 UTC,2026-02-13 08:17:24 UTC
117538396,31802,31221,134321,"{""redshift"":""0.1599999964237213"",""object_id"":""-530195528269864009"",""contour_image"":""102045467_NEG530195528269864009_gz_arcsinh_vis_y_contour.jpg"",""original_image"":""102045467_NEG530195528269864009_gz_arcsinh_vis_y.jpg"",""disk-edge-on_yes_fraction"":""0.97509766""}","{""0"":""https://panoptes-uploads.zooniverse.org/subject_location/ea931de6-be92-4958-a146-71f25315a0ac.jpeg"",""1"":""https://panoptes-uploads.zooniverse.org/subject_location/e984c9ef-c06c-434f-b784-17cedc9b0e6e.jpeg""}",0,,,2026-02-13 08:17:25 UTC,2026-02-13 08:17:25 UTC
117538397,31802,31221,134321,"{""redshift"":""0.1800000071525573"",""object_id"":""-619153558475594529"",""contour_image"":""102021985_NEG619153558475594529_gz_arcsinh_vis_y_contour.jpg"",""original_image"":""102021985_NEG619153558475594529_gz_arcsinh_vis_y.jpg"",""disk-edge-on_yes_fraction"":""0.9770508""}","{""0"":""https://panoptes-uploads.zooniverse.org/subject_location/08979fe8-552b-427e-94ae-332efd8f3332.jpeg"",""1"":""https://panoptes-uploads.zooniverse.org/subject_location/71bb0d46-7e1b-4911-89b0-263820814673.jpeg""}",0,,,2026-02-13 08:17:25 UTC,2026-02-13 08:17:25 UTC
117538398,31802,31221,134321,"{""redshift"":""0.209999993443489"",""object_id"":""-580064407498988588"",""contour_image"":""102019588_NEG580064407498988588_gz_arcsinh_vis_y_contour.jpg"",""original_image"":""102019588_NEG580064407498988588_gz_arcsinh_vis_y.jpg"",""disk-edge-on_yes_fraction"":""0.92089844""}","{""0"":""https://panoptes-uploads.zooniverse.org/subject_location/51d73934-4f93-4f1d-a754-1f4eeabefe2f.jpeg"",""1"":""https://panoptes-uploads.zooniverse.org/subject_location/dc0cab0a-8c4b-44d1-b248-fd79a58ef776.jpeg""}",0,,,2026-02-13 08:17:26 UTC,2026-02-13 08:17:26 UTC
117538399,31802,31221,134321,"{""redshift"":""0.2199999988079071"",""object_id"":""-555145062484740070"",""contour_image"":""102021006_NEG555145062484740070_gz_arcsinh_vis_y_contour.jpg"",""original_image"":""102021006_NEG555145062484740070_gz_arcsinh_vis_y.jpg"",""disk-edge-on_yes_fraction"":""0.98339844""}","{""0"":""https://panoptes-uploads.zooniverse.org/subject_location/ec73e0c4-2f53-4660-bcfa-f7ffec33a0dc.jpeg"",""1"":""https://panoptes-uploads.zooniverse.org/subject_location/2fbc3c44-3ec9-4af3-9a46-0969c77cab0f.jpeg""}",0,,,2026-02-13 08:17:26 UTC,2026-02-13 08:17:26 UTC
117538400,31802,31221,134321,"{""redshift"":""0.0900000035762786"",""object_id"":""2721812415682841861"",""contour_image"":""102160610_2721812415682841861_gz_arcsinh_vis_y_contour.jpg"",""original_image"":""102160610_2721812415682841861_gz_arcsinh_vis_y.jpg"",""disk-edge-on_yes_fraction"":""0.9272461""}","{""0"":""https://panoptes-uploads.zooniverse.org/subject_location/7f3a69d8-7426-4010-97e5-1d4ae4046439.jpeg"",""1"":""https://panoptes-uploads.zooniverse.org/subject_location/0e274dd1-1ad8-4b0d-b67b-ee5e1cdf776b.jpeg""}",0,,,2026-02-13 08:17:27 UTC,2026-02-13 08:17:27 UTC
117538401,31802,31221,134321,"{""redshift"":""0.2300000041723251"",""object_id"":""-651431541481109949"",""contour_image"":""102021502_NEG651431541481109949_gz_arcsinh_vis_y_contour.jpg"",""original_image"":""102021502_NEG651431541481109949_gz_arcsinh_vis_y.jpg"",""disk-edge-on_yes_fraction"":""0.84814453""}","{""0"":""https://panoptes-uploads.zooniverse.org/subject_location/0e7b16ce-fba9-4081-a80d-06304d57d298.jpeg"",""1"":""https://panoptes-uploads.zooniverse.org/subject_location/ad6cf213-2349-4ea5-84f3-475a19ddcac8.jpeg""}",0,,,2026-02-13 08:17:27 UTC,2026-02-13 08:17:27 UTC
117538402,31802,31221,134321,"{""redshift"":""0.1500000059604644"",""object_id"":""2740115768666102781"",""contour_image"":""102159490_2740115768666102781_gz_arcsinh_vis_y_contour.jpg"",""original_image"":""102159490_2740115768666102781_gz_arcsinh_vis_y.jpg"",""disk-edge-on_yes_fraction"":""0.9560547""}","{""0"":""https://panoptes-uploads.zooniverse.org/subject_location/dc041342-7d0d-4cc0-9857-c4663c03fb76.jpeg"",""1"":""https://panoptes-uploads.zooniverse.org/subject_location/de4a8922-4d79-4929-a29c-70efec41ab16.jpeg""}",0,,,2026-02-13 08:17:28 UTC,2026-02-13 08:17:28 UTC
117538403,31802,31221,134321,"{""redshift"":""0.1400000005960464"",""object_id"":""-526375813279154014"",""contour_image"":""102044184_NEG526375813279154014_gz_arcsinh_vis_y_contour.jpg"",""original_image"":""102044184_NEG526375813279154014_gz_arcsinh_vis_y.jpg"",""disk-edge-on_yes_fraction"":""0.81396484""}","{""0"":""https://panoptes-uploads.zooniverse.org/subject_location/1444931e-eb34-4831-8684-82fcaaa70986.jpeg"",""1"":""https://panoptes-uploads.zooniverse.org/subject_location/232e8f14-a00c-4e14-a23b-a422b8cd94ac.jpeg""}",0,,,2026-02-13 08:17:28 UTC,2026-02-13 08:17:28 UTC
117538404,31802,31221,134321,"{""redshift"":""0.1899999976158142"",""object_id"":""2648467681645134285"",""contour_image"":""102158269_2648467681645134285_gz_arcsinh_vis_y_contour.jpg"",""original_image"":""102158269_2648467681645134285_gz_arcsinh_vis_y.jpg"",""disk-edge-on_yes_fraction"":""0.9868164""}","{""0"":""https://panoptes-uploads.zooniverse.org/subject_location/6de43e7d-decf-40de-87c3-8aeadc323947.jpeg"",""1"":""https://panoptes-uploads.zooniverse.org/subject_location/e09bbc4b-f829-467d-a2fe-99c482795d3f.jpeg""}",0,,,2026-02-13 08:17:29 UTC,2026-02-13 08:17:29 UTC
117538405,31802,31221,134321,"{""redshift"":""0.2599999904632568"",""object_id"":""-656885867490081068"",""contour_image"":""102020541_NEG656885867490081068_gz_arcsinh_vis_y_contour.jpg"",""original_image"":""102020541_NEG656885867490081068_gz_arcsinh_vis_y.jpg"",""disk-edge-on_yes_fraction"":""0.94628906""}","{""0"":""https://panoptes-uploads.zooniverse.org/subject_location/ec7e798b-fba0-4839-ae14-ba20edc06735.jpeg"",""1"":""https://panoptes-uploads.zooniverse.org/subject_location/83cee8e0-b599-4516-bf21-7eda98abcc65.jpeg""}",0,,,2026-02-13 08:17:29 UTC,2026-02-13 08:17:29 UTC
117538406,31802,31221,134321,"{""redshift"":""0.1099999994039535"",""object_id"":""-531022283279119825"",""contour_image"":""102044185_NEG531022283279119825_gz_arcsinh_vis_y_contour.jpg"",""original_image"":""102044185_NEG531022283279119825_gz_arcsinh_vis_y.jpg"",""disk-edge-on_yes_fraction"":""0.98291016""}","{""0"":""https://panoptes-uploads.zooniverse.org/subject_location/c3408ad7-f28e-45ca-b867-24ee9e582f7c.jpeg"",""1"":""https://panoptes-uploads.zooniverse.org/subject_location/554cfba3-4944-4dc5-97c5-2adad5915366.jpeg""}",0,,,2026-02-13 08:17:30 UTC,2026-02-13 08:17:30 UTC
117538407,31802,31221,134321,"{""redshift"":""0.1800000071525573"",""object_id"":""2666439832644946016"",""contour_image"":""102158271_2666439832644946016_gz_arcsinh_vis_y_contour.jpg"",""original_image"":""102158271_2666439832644946016_gz_arcsinh_vis_y.jpg"",""disk-edge-on_yes_fraction"":""0.95654297""}","{""0"":""https://panoptes-uploads.zooniverse.org/subject_location/ac42d47c-f4b3-476b-8b5b-ce106a7fe885.jpeg"",""1"":""https://panoptes-uploads.zooniverse.org/subject_location/92251efd-c647-4c34-98d4-a736c3769239.jpeg""}",0,,,2026-02-13 08:17:30 UTC,2026-02-13 08:17:30 UTC
117538408,31802,31221,134321,"{""redshift"":""0.0900000035762786"",""object_id"":""-612084369492930397"",""contour_image"":""102020061_NEG612084369492930397_gz_arcsinh_vis_y_contour.jpg"",""original_image"":""102020061_NEG612084369492930397_gz_arcsinh_vis_y.jpg"",""disk-edge-on_yes_fraction"":""0.9277344""}","{""0"":""https://panoptes-uploads.zooniverse.org/subject_location/db34f475-6b92-4958-a0db-92af0290422c.jpeg"",""1"":""https://panoptes-uploads.zooniverse.org/subject_location/551ca28f-c2b2-4f30-bb48-eca8d2c75caf.jpeg""}",0,,,2026-02-13 08:17:31 UTC,2026-02-13 08:17:31 UTC
117538409,31802,31221,134321,"{""redshift"":""0.1400000005960464"",""object_id"":""-508933473282725571"",""contour_image"":""102043545_NEG508933473282725571_gz_arcsinh_vis_y_contour.jpg"",""original_image"":""102043545_NEG508933473282725571_gz_arcsinh_vis_y.jpg"",""disk-edge-on_yes_fraction"":""0.8955078""}","{""0"":""https://panoptes-uploads.zooniverse.org/subject_location/0cf5f57d-71d1-4e32-aab7-ac92ccbc6356.jpeg"",""1"":""https://panoptes-uploads.zooniverse.org/subject_location/483806b9-9146-4e55-8037-54204dac6986.jpeg""}",0,,,2026-02-13 08:17:31 UTC,2026-02-13 08:17:31 UTC
117538410,31802,31221,134321,"{""redshift"":""0.1400000005960464"",""object_id"":""2693540378678763470"",""contour_image"":""102160336_2693540378678763470_gz_arcsinh_vis_y_contour.jpg"",""original_image"":""102160336_2693540378678763470_gz_arcsinh_vis_y.jpg"",""disk-edge-on_yes_fraction"":""0.92529297""}","{""0"":""https://panoptes-uploads.zooniverse.org/subject_location/fbb5bb16-92af-4d43-a3db-518ddc892cbf.jpeg"",""1"":""https://panoptes-uploads.zooniverse.org/subject_location/1e406997-c945-4231-98f9-2e6c91be3cd9.jpeg""}",0,,,2026-02-13 08:17:32 UTC,2026-02-13 08:17:32 UTC
117538411,31802,31221,134321,"{""redshift"":""0.270000010728836"",""object_id"":""-521857649281375561"",""contour_image"":""102044184_NEG521857649281375561_gz_arcsinh_vis_y_contour.jpg"",""original_image"":""102044184_NEG521857649281375561_gz_arcsinh_vis_y.jpg"",""disk-edge-on_yes_fraction"":""0.9868164""}","{""0"":""https://panoptes-uploads.zooniverse.org/subject_location/e1b554f5-72f4-4b47-9529-a4fcf1b92b82.jpeg"",""1"":""https://panoptes-uploads.zooniverse.org/subject_location/c08f26a7-0c20-436a-8eeb-10ff6f166da4.jpeg""}",0,,,2026-02-13 08:17:32 UTC,2026-02-13 08:17:32 UTC
117538412,31802,31221,134321,"{""redshift"":""0.2800000011920929"",""object_id"":""2721799769678036287"",""contour_image"":""102160338_2721799769678036287_gz_arcsinh_vis_y_contour.jpg"",""original_image"":""102160338_2721799769678036287_gz_arcsinh_vis_y.jpg"",""disk-edge-on_yes_fraction"":""0.97998047""}","{""0"":""https://panoptes-uploads.zooniverse.org/subject_location/51966dd5-3510-4a1f-8065-b2673bf66c62.jpeg"",""1"":""https://panoptes-uploads.zooniverse.org/subject_location/9ed90466-852b-42dd-ad82-84ae3eacddb4.jpeg""}",0,,,2026-02-13 08:17:33 UTC,2026-02-13 08:17:33 UTC
117538413,31802,31221,134321,"{""redshift"":""0.1099999994039535"",""object_id"":""2707983098668382240"",""contour_image"":""102159776_2707983098668382240_gz_arcsinh_vis_y_contour.jpg"",""original_image"":""102159776_2707983098668382240_gz_arcsinh_vis_y.jpg"",""disk-edge-on_yes_fraction"":""0.9663086""}","{""0"":""https://panoptes-uploads.zooniverse.org/subject_location/57400f9e-6c52-47e7-b9ea-301328025e6a.jpeg"",""1"":""https://panoptes-uploads.zooniverse.org/subject_location/6876e8b0-3532-4cf2-8d73-0d05009b4dc7.jpeg""}",0,,,2026-02-13 08:17:33 UTC,2026-02-13 08:17:33 UTC
117538414,31802,31221,134321,"{""redshift"":""0.1400000005960464"",""object_id"":""-530218165295700256"",""contour_image"":""102042285_NEG530218165295700256_gz_arcsinh_vis_y_contour.jpg"",""original_image"":""102042285_NEG530218165295700256_gz_arcsinh_vis_y.jpg"",""disk-edge-on_yes_fraction"":""0.98583984""}","{""0"":""https://panoptes-uploads.zooniverse.org/subject_location/148d8d55-20af-4963-b3d5-b6d83f656682.jpeg"",""1"":""https://panoptes-uploads.zooniverse.org/subject_location/d7772d9c-491f-4a27-95c6-6ce7f52ad950.jpeg""}",0,,,2026-02-13 08:17:33 UTC,2026-02-13 08:17:33 UTC
117538415,31802,31221,134321,"{""redshift"":""0.1500000059604644"",""object_id"":""-664832086472272528"",""contour_image"":""102022485_NEG664832086472272528_gz_arcsinh_vis_y_contour.jpg"",""original_image"":""102022485_NEG664832086472272528_gz_arcsinh_vis_y.jpg"",""disk-edge-on_yes_fraction"":""0.9848633""}","{""0"":""https://panoptes-uploads.zooniverse.org/subject_location/ec357f7e-76c9-4799-bf7e-10645fc1c657.jpeg"",""1"":""https://panoptes-uploads.zooniverse.org/subject_location/f1200e86-1fe7-492c-9fd1-b0cb9d4af913.jpeg""}",0,,,2026-02-13 08:17:34 UTC,2026-02-13 08:17:34 UTC
117538416,31802,31221,134321,"{""redshift"":""0.2199999988079071"",""object_id"":""2662045796671289510"",""contour_image"":""102159772_2662045796671289510_gz_arcsinh_vis_y_contour.jpg"",""original_image"":""102159772_2662045796671289510_gz_arcsinh_vis_y.jpg"",""disk-edge-on_yes_fraction"":""0.9633789""}","{""0"":""https://panoptes-uploads.zooniverse.org/subject_location/0e1012e2-f389-48be-a265-b44311a7a5d5.jpeg"",""1"":""https://panoptes-uploads.zooniverse.org/subject_location/94d25c53-038c-452f-b5be-b0a01e1f7cdd.jpeg""}",0,,,2026-02-13 08:17:34 UTC,2026-02-13 08:17:34 UTC
117538417,31802,31221,134321,"{""redshift"":""0.2199999988079071"",""object_id"":""-604525991469065494"",""contour_image"":""102022476_NEG604525991469065494_gz_arcsinh_vis_y_contour.jpg"",""original_image"":""102022476_NEG604525991469065494_gz_arcsinh_vis_y.jpg"",""disk-edge-on_yes_fraction"":""0.98535156""}","{""0"":""https://panoptes-uploads.zooniverse.org/subject_location/709a7ac7-0f11-457d-99ed-9b12a32bb504.jpeg"",""1"":""https://panoptes-uploads.zooniverse.org/subject_location/462f865a-910e-49e4-ace9-c4f09d08f436.jpeg""}",0,,,2026-02-13 08:17:35 UTC,2026-02-13 08:17:35 UTC
117538418,31802,31221,134321,"{""redshift"":""0.2800000011920929"",""object_id"":""2703569925643633935"",""contour_image"":""102158274_2703569925643633935_gz_arcsinh_vis_y_contour.jpg"",""original_image"":""102158274_2703569925643633935_gz_arcsinh_vis_y.jpg"",""disk-edge-on_yes_fraction"":""0.9863281""}","{""0"":""https://panoptes-uploads.zooniverse.org/subject_location/8af52d5b-1a6c-4078-803d-b40a97a90fc7.jpeg"",""1"":""https://panoptes-uploads.zooniverse.org/subject_location/ae345ee4-f550-4d14-91da-df2ae0e13d29.jpeg""}",0,,,2026-02-13 08:17:35 UTC,2026-02-13 08:17:35 UTC
117538419,31802,31221,134321,"{""redshift"":""0.1000000014901161"",""object_id"":""-544424320271301159"",""contour_image"":""102045469_NEG544424320271301159_gz_arcsinh_vis_y_contour.jpg"",""original_image"":""102045469_NEG544424320271301159_gz_arcsinh_vis_y.jpg"",""disk-edge-on_yes_fraction"":""0.8989258""}","{""0"":""https://panoptes-uploads.zooniverse.org/subject_location/6f0e094d-7e52-4ab1-acb1-7b050ac95f7d.jpeg"",""1"":""https://panoptes-uploads.zooniverse.org/subject_location/de0a339f-c684-43b9-87b0-63e4e2c5e5a8.jpeg""}",0,,,2026-02-13 08:17:36 UTC,2026-02-13 08:17:36 UTC
117538420,31802,31221,134321,"{""redshift"":""0.1299999952316284"",""object_id"":""-607214018484044539"",""contour_image"":""102021013_NEG607214018484044539_gz_arcsinh_vis_y_contour.jpg"",""original_image"":""102021013_NEG607214018484044539_gz_arcsinh_vis_y.jpg"",""disk-edge-on_yes_fraction"":""0.9272461""}","{""0"":""https://panoptes-uploads.zooniverse.org/subject_location/5bcc4490-f511-4d84-a851-116ddbbce929.jpeg"",""1"":""https://panoptes-uploads.zooniverse.org/subject_location/94e869b8-36f1-4bb3-b403-87c84bdaef2c.jpeg""}",0,,,2026-02-13 08:17:36 UTC,2026-02-13 08:17:36 UTC
117538421,31802,31221,134321,"{""redshift"":""0.2199999988079071"",""object_id"":""2658879214662566589"",""contour_image"":""102159483_2658879214662566589_gz_arcsinh_vis_y_contour.jpg"",""original_image"":""102159483_2658879214662566589_gz_arcsinh_vis_y.jpg"",""disk-edge-on_yes_fraction"":""0.98339844""}","{""0"":""https://panoptes-uploads.zooniverse.org/subject_location/63e8c2db-1038-4128-9cdd-86cd2d437f10.jpeg"",""1"":""https://panoptes-uploads.zooniverse.org/subject_location/685f89a3-0839-4a4b-b3f3-a3641dec8b6b.jpeg""}",0,,,2026-02-13 08:17:37 UTC,2026-02-13 08:17:37 UTC
117538422,31802,31221,134321,"{""redshift"":""0.2300000041723251"",""object_id"":""2701704372635988198"",""contour_image"":""102157633_2701704372635988198_gz_arcsinh_vis_y_contour.jpg"",""original_image"":""102157633_2701704372635988198_gz_arcsinh_vis_y.jpg"",""disk-edge-on_yes_fraction"":""0.9770508""}","{""0"":""https://panoptes-uploads.zooniverse.org/subject_location/e63ebe48-e13a-4b1e-a1a4-8479507c1b8a.jpeg"",""1"":""https://panoptes-uploads.zooniverse.org/subject_location/5c8565aa-4536-43bf-8f7f-caa01b5f4c96.jpeg""}",0,,,2026-02-13 08:17:37 UTC,2026-02-13 08:17:37 UTC
117538423,31802,31221,134321,"{""redshift"":""0.2599999904632568"",""object_id"":""-601111911495919301"",""contour_image"":""102020060_NEG601111911495919301_gz_arcsinh_vis_y_contour.jpg"",""original_image"":""102020060_NEG601111911495919301_gz_arcsinh_vis_y.jpg"",""disk-edge-on_yes_fraction"":""0.8286133""}","{""0"":""https://panoptes-uploads.zooniverse.org/subject_location/5df38579-a7ca-4fd0-923f-1c19abfafe40.jpeg"",""1"":""https://panoptes-uploads.zooniverse.org/subject_location/b544b6e5-54f1-4aa6-9ab2-0fd8b0b0712d.jpeg""}",0,,,2026-02-13 08:17:39 UTC,2026-02-13 08:17:39 UTC
117538424,31802,31221,134321,"{""redshift"":""0.0799999982118606"",""object_id"":""2705416126684994855"",""contour_image"":""102160609_2705416126684994855_gz_arcsinh_vis_y_contour.jpg"",""original_image"":""102160609_2705416126684994855_gz_arcsinh_vis_y.jpg"",""disk-edge-on_yes_fraction"":""0.97753906""}","{""0"":""https://panoptes-uploads.zooniverse.org/subject_location/a6aad025-d227-4c97-8cbb-597dbee94829.jpeg"",""1"":""https://panoptes-uploads.zooniverse.org/subject_location/4ac765a2-529f-4332-bc99-3aed30e826cb.jpeg""}",0,,,2026-02-13 08:17:39 UTC,2026-02-13 08:17:39 UTC
117538425,31802,31221,134321,"{""redshift"":""0.1500000059604644"",""object_id"":""-610407673481730828"",""contour_image"":""102021496_NEG610407673481730828_gz_arcsinh_vis_y_contour.jpg"",""original_image"":""102021496_NEG610407673481730828_gz_arcsinh_vis_y.jpg"",""disk-edge-on_yes_fraction"":""0.9609375""}","{""0"":""https://panoptes-uploads.zooniverse.org/subject_location/e7d63358-7359-4190-adcb-71a1064950eb.jpeg"",""1"":""https://panoptes-uploads.zooniverse.org/subject_location/7f08c044-e779-4ac2-af9b-f75ba118cae6.jpeg""}",0,,,2026-02-13 08:17:40 UTC,2026-02-13 08:17:40 UTC
117538426,31802,31221,134321,"{""redshift"":""0.2300000041723251"",""object_id"":""2728935515662628960"",""contour_image"":""102159489_2728935515662628960_gz_arcsinh_vis_y_contour.jpg"",""original_image"":""102159489_2728935515662628960_gz_arcsinh_vis_y.jpg"",""disk-edge-on_yes_fraction"":""0.9824219""}","{""0"":""https://panoptes-uploads.zooniverse.org/subject_location/6d0f2fb4-ba83-41cc-822b-9b3161a6e489.jpeg"",""1"":""https://panoptes-uploads.zooniverse.org/subject_location/2e518f90-6d44-4020-b713-fbc69839ae43.jpeg""}",0,,,2026-02-13 08:17:40 UTC,2026-02-13 08:17:40 UTC
117538427,31802,31221,134321,"{""redshift"":""0.2199999988079071"",""object_id"":""-588487724491018178"",""contour_image"":""102020532_NEG588487724491018178_gz_arcsinh_vis_y_contour.jpg"",""original_image"":""102020532_NEG588487724491018178_gz_arcsinh_vis_y.jpg"",""disk-edge-on_yes_fraction"":""0.91796875""}","{""0"":""https://panoptes-uploads.zooniverse.org/subject_location/b4ce60ab-9ce8-4064-87db-569fb8c2a234.jpeg"",""1"":""https://panoptes-uploads.zooniverse.org/subject_location/031be4a3-df7f-4591-bf3b-53bf59087725.jpeg""}",0,,,2026-02-13 08:17:41 UTC,2026-02-13 08:17:41 UTC
117538428,31802,31221,134321,"{""redshift"":""0.0700000002980232"",""object_id"":""-557093225484307403"",""contour_image"":""102021007_NEG557093225484307403_gz_arcsinh_vis_y_contour.jpg"",""original_image"":""102021007_NEG557093225484307403_gz_arcsinh_vis_y.jpg"",""disk-edge-on_yes_fraction"":""0.984375""}","{""0"":""https://panoptes-uploads.zooniverse.org/subject_location/6456706f-1ee8-450e-9260-8ccb7196055f.jpeg"",""1"":""https://panoptes-uploads.zooniverse.org/subject_location/63b8fd84-a25a-4cb5-ba22-2eaa62cef683.jpeg""}",0,,,2026-02-13 08:17:42 UTC,2026-02-13 08:17:42 UTC
117538429,31802,31221,134321,"{""redshift"":""0.2899999916553497"",""object_id"":""-637131595475108058"",""contour_image"":""102021988_NEG637131595475108058_gz_arcsinh_vis_y_contour.jpg"",""original_image"":""102021988_NEG637131595475108058_gz_arcsinh_vis_y.jpg"",""disk-edge-on_yes_fraction"":""0.94677734""}","{""0"":""https://panoptes-uploads.zooniverse.org/subject_location/1d34a5b3-370f-4747-851c-218820a86942.jpeg"",""1"":""https://panoptes-uploads.zooniverse.org/subject_location/68d6376b-3a44-420d-a28b-842d5d7190b7.jpeg""}",0,,,2026-02-13 08:17:42 UTC,2026-02-13 08:17:42 UTC
117538430,31802,31221,134321,"{""redshift"":""0.1899999976158142"",""object_id"":""-574964256477624315"",""contour_image"":""102021492_NEG574964256477624315_gz_arcsinh_vis_y_contour.jpg"",""original_image"":""102021492_NEG574964256477624315_gz_arcsinh_vis_y.jpg"",""disk-edge-on_yes_fraction"":""0.9760742""}","{""0"":""https://panoptes-uploads.zooniverse.org/subject_location/a2332ffb-3873-4fe2-a5fc-6031b2102ba0.jpeg"",""1"":""https://panoptes-uploads.zooniverse.org/subject_location/d17ee4c2-683a-42f8-bd1c-5f53d4a2b18c.jpeg""}",0,,,2026-02-13 08:17:43 UTC,2026-02-13 08:17:43 UTC
117538431,31802,31221,134321,"{""redshift"":""0.1199999973177909"",""object_id"":""-615930202464165688"",""contour_image"":""102022975_NEG615930202464165688_gz_arcsinh_vis_y_contour.jpg"",""original_image"":""102022975_NEG615930202464165688_gz_arcsinh_vis_y.jpg"",""disk-edge-on_yes_fraction"":""0.98095703""}","{""0"":""https://panoptes-uploads.zooniverse.org/subject_location/356a3bc2-1268-4e4a-b700-f8d2788a41b3.jpeg"",""1"":""https://panoptes-uploads.zooniverse.org/subject_location/8920b03a-d1bd-46aa-817b-c7e0c6838eb0.jpeg""}",0,,,2026-02-13 08:17:43 UTC,2026-02-13 08:17:43 UTC
117538432,31802,31221,134321,"{""redshift"":""0.209999993443489"",""object_id"":""-581111648490989272"",""contour_image"":""102020531_NEG581111648490989272_gz_arcsinh_vis_y_contour.jpg"",""original_image"":""102020531_NEG581111648490989272_gz_arcsinh_vis_y.jpg"",""disk-edge-on_yes_fraction"":""0.9580078""}","{""0"":""https://panoptes-uploads.zooniverse.org/subject_location/29a65c4e-dc9e-4401-a1e1-00ff5bd71ae3.jpeg"",""1"":""https://panoptes-uploads.zooniverse.org/subject_location/46d60384-acb4-448f-80b6-655333f76c50.jpeg""}",0,,,2026-02-13 08:17:44 UTC,2026-02-13 08:17:44 UTC
117538433,31802,31221,134321,"{""redshift"":""0.1099999994039535"",""object_id"":""2704807495635496754"",""contour_image"":""102157634_2704807495635496754_gz_arcsinh_vis_y_contour.jpg"",""original_image"":""102157634_2704807495635496754_gz_arcsinh_vis_y.jpg"",""disk-edge-on_yes_fraction"":""0.984375""}","{""0"":""https://panoptes-uploads.zooniverse.org/subject_location/c12aac64-83e6-4488-8a7c-756d89bc1f3f.jpeg"",""1"":""https://panoptes-uploads.zooniverse.org/subject_location/358d3f33-bedc-44d5-a207-701324e86dac.jpeg""}",0,,,2026-02-13 08:17:44 UTC,2026-02-13 08:17:44 UTC
117538434,31802,31221,134321,"{""redshift"":""0.050000000745058"",""object_id"":""2690904954681416806"",""contour_image"":""102160336_2690904954681416806_gz_arcsinh_vis_y_contour.jpg"",""original_image"":""102160336_2690904954681416806_gz_arcsinh_vis_y.jpg"",""disk-edge-on_yes_fraction"":""0.85253906""}","{""0"":""https://panoptes-uploads.zooniverse.org/subject_location/124a110f-e126-4a2d-b142-282a2bef6a11.jpeg"",""1"":""https://panoptes-uploads.zooniverse.org/subject_location/0a7b218a-f2ee-45d2-b0fe-0c91d2a699e1.jpeg""}",0,,,2026-02-13 08:17:45 UTC,2026-02-13 08:17:45 UTC
117538435,31802,31221,134321,"{""redshift"":""0.2300000041723251"",""object_id"":""2669694076661416998"",""contour_image"":""102159189_2669694076661416998_gz_arcsinh_vis_y_contour.jpg"",""original_image"":""102159189_2669694076661416998_gz_arcsinh_vis_y.jpg"",""disk-edge-on_yes_fraction"":""0.9765625""}","{""0"":""https://panoptes-uploads.zooniverse.org/subject_location/1b0d9ae1-d206-4570-98a2-d4fa0c512cb6.jpeg"",""1"":""https://panoptes-uploads.zooniverse.org/subject_location/f8deaa12-4712-4ed3-a46c-15d68fbec13f.jpeg""}",0,,,2026-02-13 08:17:45 UTC,2026-02-13 08:17:45 UTC
117538436,31802,31221,134321,"{""redshift"":""0.1000000014901161"",""object_id"":""-535640579277236836"",""contour_image"":""102044825_NEG535640579277236836_gz_arcsinh_vis_y_contour.jpg"",""original_image"":""102044825_NEG535640579277236836_gz_arcsinh_vis_y.jpg"",""disk-edge-on_yes_fraction"":""0.9458008""}","{""0"":""https://panoptes-uploads.zooniverse.org/subject_location/1981f730-1a7e-425a-9229-5525d9ba02d3.jpeg"",""1"":""https://panoptes-uploads.zooniverse.org/subject_location/02d61246-e126-4a52-ac81-1956fdaf9ee9.jpeg""}",0,,,2026-02-13 08:17:46 UTC,2026-02-13 08:17:46 UTC
117538437,31802,31221,134321,"{""redshift"":""0.2800000011920929"",""object_id"":""-597593655471869005"",""contour_image"":""102022475_NEG597593655471869005_gz_arcsinh_vis_y_contour.jpg"",""original_image"":""102022475_NEG597593655471869005_gz_arcsinh_vis_y.jpg"",""disk-edge-on_yes_fraction"":""0.9838867""}","{""0"":""https://panoptes-uploads.zooniverse.org/subject_location/68ee440b-ff44-4bc4-b7cf-1ab1d55cb06d.jpeg"",""1"":""https://panoptes-uploads.zooniverse.org/subject_location/874c7546-c658-47f2-b6c6-ec2dd5b73ed6.jpeg""}",0,,,2026-02-13 08:17:46 UTC,2026-02-13 08:17:46 UTC
117538438,31802,31221,134321,"{""redshift"":""0.1599999964237213"",""object_id"":""2666446711667863065"",""contour_image"":""102159773_2666446711667863065_gz_arcsinh_vis_y_contour.jpg"",""original_image"":""102159773_2666446711667863065_gz_arcsinh_vis_y.jpg"",""disk-edge-on_yes_fraction"":""0.9501953""}","{""0"":""https://panoptes-uploads.zooniverse.org/subject_location/af83bb32-2887-4133-8ade-059f9901458d.jpeg"",""1"":""https://panoptes-uploads.zooniverse.org/subject_location/2ee515b3-fa72-43eb-9858-b1a979ee2cb1.jpeg""}",0,,,2026-02-13 08:17:47 UTC,2026-02-13 08:17:47 UTC
117538439,31802,31221,134321,"{""redshift"":""0.2399999946355819"",""object_id"":""-602726629487673854"",""contour_image"":""102020534_NEG602726629487673854_gz_arcsinh_vis_y_contour.jpg"",""original_image"":""102020534_NEG602726629487673854_gz_arcsinh_vis_y.jpg"",""disk-edge-on_yes_fraction"":""0.93115234""}","{""0"":""https://panoptes-uploads.zooniverse.org/subject_location/59ea1c12-dd35-47b2-91dc-5dcf864208da.jpeg"",""1"":""https://panoptes-uploads.zooniverse.org/subject_location/629aff02-c496-4bbf-8a21-7a46bfdbe980.jpeg""}",0,,,2026-02-13 08:17:47 UTC,2026-02-13 08:17:47 UTC
117538440,31802,31221,134321,"{""redshift"":""0.1199999973177909"",""object_id"":""-577153723504878452"",""contour_image"":""102019124_NEG577153723504878452_gz_arcsinh_vis_y_contour.jpg"",""original_image"":""102019124_NEG577153723504878452_gz_arcsinh_vis_y.jpg"",""disk-edge-on_yes_fraction"":""0.9716797""}","{""0"":""https://panoptes-uploads.zooniverse.org/subject_location/25b56c3b-2cfc-41ab-b4c0-3c8096341510.jpeg"",""1"":""https://panoptes-uploads.zooniverse.org/subject_location/4073cf28-e998-484e-9f75-05493c5e896a.jpeg""}",0,,,2026-02-13 08:17:48 UTC,2026-02-13 08:17:48 UTC
117538441,31802,31221,134321,"{""redshift"":""0.0799999982118606"",""object_id"":""2685880965683882906"",""contour_image"":""102160607_2685880965683882906_gz_arcsinh_vis_y_contour.jpg"",""original_image"":""102160607_2685880965683882906_gz_arcsinh_vis_y.jpg"",""disk-edge-on_yes_fraction"":""0.8041992""}","{""0"":""https://panoptes-uploads.zooniverse.org/subject_location/2413b5b4-c815-4bf7-9509-64f367c3bdb9.jpeg"",""1"":""https://panoptes-uploads.zooniverse.org/subject_location/45e5ec14-70a9-4b48-a1c3-7e7ffcd7c5f2.jpeg""}",0,,,2026-02-13 08:17:48 UTC,2026-02-13 08:17:48 UTC
117538442,31802,31221,134321,"{""redshift"":""0.2199999988079071"",""object_id"":""2689754912642496910"",""contour_image"":""102158273_2689754912642496910_gz_arcsinh_vis_y_contour.jpg"",""original_image"":""102158273_2689754912642496910_gz_arcsinh_vis_y.jpg"",""disk-edge-on_yes_fraction"":""0.984375""}","{""0"":""https://panoptes-uploads.zooniverse.org/subject_location/7bf678b7-3cab-45b4-9422-ad6e5fbb58e6.jpeg"",""1"":""https://panoptes-uploads.zooniverse.org/subject_location/0359485a-9bcc-4e50-9e1d-114f9a6da341.jpeg""}",0,,,2026-02-13 08:17:49 UTC,2026-02-13 08:17:49 UTC
117538443,31802,31221,134321,"{""redshift"":""0.2000000029802322"",""object_id"":""2661615185643020806"",""contour_image"":""102158270_2661615185643020806_gz_arcsinh_vis_y_contour.jpg"",""original_image"":""102158270_2661615185643020806_gz_arcsinh_vis_y.jpg"",""disk-edge-on_yes_fraction"":""0.9379883""}","{""0"":""https://panoptes-uploads.zooniverse.org/subject_location/77206364-f451-4aa4-b2ab-3df6e9282606.jpeg"",""1"":""https://panoptes-uploads.zooniverse.org/subject_location/885e09d8-81f2-4c8e-9aaa-15b51ef9baa8.jpeg""}",0,,,2026-02-13 08:17:49 UTC,2026-02-13 08:17:49 UTC
117538444,31802,31221,134321,"{""redshift"":""0.2399999946355819"",""object_id"":""-611096055490976861"",""contour_image"":""102020535_NEG611096055490976861_gz_arcsinh_vis_y_contour.jpg"",""original_image"":""102020535_NEG611096055490976861_gz_arcsinh_vis_y.jpg"",""disk-edge-on_yes_fraction"":""0.9770508""}","{""0"":""https://panoptes-uploads.zooniverse.org/subject_location/62291b86-ca62-48f8-8e47-f4ae01a9aaf7.jpeg"",""1"":""https://panoptes-uploads.zooniverse.org/subject_location/ad75ad83-c44e-4dc5-b876-7fedd4bfd3d7.jpeg""}",0,,,2026-02-13 08:17:50 UTC,2026-02-13 08:17:50 UTC
117538445,31802,31221,134321,"{""redshift"":""0.1199999973177909"",""object_id"":""-641253195482067658"",""contour_image"":""102021501_NEG641253195482067658_gz_arcsinh_vis_y_contour.jpg"",""original_image"":""102021501_NEG641253195482067658_gz_arcsinh_vis_y.jpg"",""disk-edge-on_yes_fraction"":""0.91064453""}","{""0"":""https://panoptes-uploads.zooniverse.org/subject_location/d64803ac-04fe-459f-9de3-d5da4b68ac5b.jpeg"",""1"":""https://panoptes-uploads.zooniverse.org/subject_location/0120b4e4-2ae5-4a26-a025-1c8e59267071.jpeg""}",0,,,2026-02-13 08:17:50 UTC,2026-02-13 08:17:50 UTC
117538446,31802,31221,134321,"{""redshift"":""0.2800000011920929"",""object_id"":""-623778195485762518"",""contour_image"":""102021015_NEG623778195485762518_gz_arcsinh_vis_y_contour.jpg"",""original_image"":""102021015_NEG623778195485762518_gz_arcsinh_vis_y.jpg"",""disk-edge-on_yes_fraction"":""0.9086914""}","{""0"":""https://panoptes-uploads.zooniverse.org/subject_location/ecb2e00d-96ce-475e-be11-e3487308e65e.jpeg"",""1"":""https://panoptes-uploads.zooniverse.org/subject_location/41e5e0e1-fd10-46c2-a7f7-b5eb08227b73.jpeg""}",0,,,2026-02-13 08:17:51 UTC,2026-02-13 08:17:51 UTC
117538447,31802,31221,134321,"{""redshift"":""0.2199999988079071"",""object_id"":""2669255914668950345"",""contour_image"":""102159773_2669255914668950345_gz_arcsinh_vis_y_contour.jpg"",""original_image"":""102159773_2669255914668950345_gz_arcsinh_vis_y.jpg"",""disk-edge-on_yes_fraction"":""0.97753906""}","{""0"":""https://panoptes-uploads.zooniverse.org/subject_location/1bef5f52-56cc-45c5-a395-500071ce35b8.jpeg"",""1"":""https://panoptes-uploads.zooniverse.org/subject_location/bfc2a2a3-72ae-4aa3-90ef-1e4951573f27.jpeg""}",0,,,2026-02-13 08:17:51 UTC,2026-02-13 08:17:51 UTC
117538448,31802,31221,134321,"{""redshift"":""0.1800000071525573"",""object_id"":""-571315617496994911"",""contour_image"":""102020056_NEG571315617496994911_gz_arcsinh_vis_y_contour.jpg"",""original_image"":""102020056_NEG571315617496994911_gz_arcsinh_vis_y.jpg"",""disk-edge-on_yes_fraction"":""0.98046875""}","{""0"":""https://panoptes-uploads.zooniverse.org/subject_location/f44e312c-1bed-48f6-9300-4a76332e222d.jpeg"",""1"":""https://panoptes-uploads.zooniverse.org/subject_location/4bea17ca-05d9-408a-9745-769025a75a48.jpeg""}",0,,,2026-02-13 08:17:52 UTC,2026-02-13 08:17:52 UTC
117538449,31802,31221,134321,"{""redshift"":""0.2899999916553497"",""object_id"":""2650562480647754882"",""contour_image"":""102158581_2650562480647754882_gz_arcsinh_vis_y_contour.jpg"",""original_image"":""102158581_2650562480647754882_gz_arcsinh_vis_y.jpg"",""disk-edge-on_yes_fraction"":""0.9785156""}","{""0"":""https://panoptes-uploads.zooniverse.org/subject_location/9a6f2a51-4d97-4348-800d-503ed319fd6f.jpeg"",""1"":""https://panoptes-uploads.zooniverse.org/subject_location/87514e68-ce64-4364-a713-675a4039025e.jpeg""}",0,,,2026-02-13 08:17:52 UTC,2026-02-13 08:17:52 UTC
117538450,31802,31221,134321,"{""redshift"":""0.2199999988079071"",""object_id"":""2659129571648998981"",""contour_image"":""102158582_2659129571648998981_gz_arcsinh_vis_y_contour.jpg"",""original_image"":""102158582_2659129571648998981_gz_arcsinh_vis_y.jpg"",""disk-edge-on_yes_fraction"":""0.9458008""}","{""0"":""https://panoptes-uploads.zooniverse.org/subject_location/7c5ea0d9-3172-4f0b-b89d-aa41475474ed.jpeg"",""1"":""https://panoptes-uploads.zooniverse.org/subject_location/7fd0a0ba-e9fc-4f75-82f8-d02572a1686e.jpeg""}",0,,,2026-02-13 08:17:53 UTC,2026-02-13 08:17:53 UTC
117538451,31802,31221,134321,"{""redshift"":""0.2599999904632568"",""object_id"":""-608999593468552163"",""contour_image"":""102022477_NEG608999593468552163_gz_arcsinh_vis_y_contour.jpg"",""original_image"":""102022477_NEG608999593468552163_gz_arcsinh_vis_y.jpg"",""disk-edge-on_yes_fraction"":""0.95458984""}","{""0"":""https://panoptes-uploads.zooniverse.org/subject_location/620a055c-7568-4d81-990f-12dac605842b.jpeg"",""1"":""https://panoptes-uploads.zooniverse.org/subject_location/5fafc0e9-d060-4186-a144-e1b8ee99db76.jpeg""}",0,,,2026-02-13 08:17:53 UTC,2026-02-13 08:17:53 UTC
117538452,31802,31221,134321,"{""redshift"":""0.0799999982118606"",""object_id"":""2665393189663462016"",""contour_image"":""102159484_2665393189663462016_gz_arcsinh_vis_y_contour.jpg"",""original_image"":""102159484_2665393189663462016_gz_arcsinh_vis_y.jpg"",""disk-edge-on_yes_fraction"":""0.9790039""}","{""0"":""https://panoptes-uploads.zooniverse.org/subject_location/64396f17-dde4-4fcd-ab32-afe3f5b4d4ea.jpeg"",""1"":""https://panoptes-uploads.zooniverse.org/subject_location/504fb09b-afc3-42b5-91b2-c37976987a0c.jpeg""}",0,,,2026-02-13 08:17:54 UTC,2026-02-13 08:17:54 UTC
117538453,31802,31221,134321,"{""redshift"":""0.1400000005960464"",""object_id"":""-649651333468201650"",""contour_image"":""102022482_NEG649651333468201650_gz_arcsinh_vis_y_contour.jpg"",""original_image"":""102022482_NEG649651333468201650_gz_arcsinh_vis_y.jpg"",""disk-edge-on_yes_fraction"":""0.9819336""}","{""0"":""https://panoptes-uploads.zooniverse.org/subject_location/87ded3ad-f50e-4946-b04e-e5a1fb90acb8.jpeg"",""1"":""https://panoptes-uploads.zooniverse.org/subject_location/ebbf640d-5d85-4981-ba36-3da361850634.jpeg""}",0,,,2026-02-13 08:17:54 UTC,2026-02-13 08:17:54 UTC
117538454,31802,31221,134321,"{""redshift"":""0.1599999964237213"",""object_id"":""-508328816276980005"",""contour_image"":""102044821_NEG508328816276980005_gz_arcsinh_vis_y_contour.jpg"",""original_image"":""102044821_NEG508328816276980005_gz_arcsinh_vis_y.jpg"",""disk-edge-on_yes_fraction"":""0.875""}","{""0"":""https://panoptes-uploads.zooniverse.org/subject_location/2804e562-9639-47e5-9c9c-8c659a37619b.jpeg"",""1"":""https://panoptes-uploads.zooniverse.org/subject_location/113dee4a-7947-4523-8a02-63bd41aa9483.jpeg""}",0,,,2026-02-13 08:17:55 UTC,2026-02-13 08:17:55 UTC
117538455,31802,31221,134321,"{""redshift"":""0.1899999976158142"",""object_id"":""2666061343636479080"",""contour_image"":""102157630_2666061343636479080_gz_arcsinh_vis_y_contour.jpg"",""original_image"":""102157630_2666061343636479080_gz_arcsinh_vis_y.jpg"",""disk-edge-on_yes_fraction"":""0.9458008""}","{""0"":""https://panoptes-uploads.zooniverse.org/subject_location/cf1a7e22-8fbd-4578-978f-cb5cb27ba5f7.jpeg"",""1"":""https://panoptes-uploads.zooniverse.org/subject_location/3c984c62-c1e2-41da-9260-1473049a93fa.jpeg""}",0,,,2026-02-13 08:17:55 UTC,2026-02-13 08:17:55 UTC
117538456,31802,31221,134321,"{""redshift"":""0.209999993443489"",""object_id"":""2743913835655087768"",""contour_image"":""102158895_2743913835655087768_gz_arcsinh_vis_y_contour.jpg"",""original_image"":""102158895_2743913835655087768_gz_arcsinh_vis_y.jpg"",""disk-edge-on_yes_fraction"":""0.82666016""}","{""0"":""https://panoptes-uploads.zooniverse.org/subject_location/bb4496ae-dcea-45db-844f-de2a0f6ae7ff.jpeg"",""1"":""https://panoptes-uploads.zooniverse.org/subject_location/5ea8b547-e488-47d4-a165-d18e5893abac.jpeg""}",0,,,2026-02-13 08:17:56 UTC,2026-02-13 08:17:56 UTC
117538457,31802,31221,134321,"{""redshift"":""0.1899999976158142"",""object_id"":""-564227823497618406"",""contour_image"":""102019586_NEG564227823497618406_gz_arcsinh_vis_y_contour.jpg"",""original_image"":""102019586_NEG564227823497618406_gz_arcsinh_vis_y.jpg"",""disk-edge-on_yes_fraction"":""0.921875""}","{""0"":""https://panoptes-uploads.zooniverse.org/subject_location/1243227c-a9e8-4599-bf5c-aacd4f914f62.jpeg"",""1"":""https://panoptes-uploads.zooniverse.org/subject_location/170f0ce5-095d-4e58-8487-4e5f0b87a5bb.jpeg""}",0,,,2026-02-13 08:17:56 UTC,2026-02-13 08:17:56 UTC
117538458,31802,31221,134321,"{""redshift"":""0.1800000071525573"",""object_id"":""-573440955506252143"",""contour_image"":""102019124_NEG573440955506252143_gz_arcsinh_vis_y_contour.jpg"",""original_image"":""102019124_NEG573440955506252143_gz_arcsinh_vis_y.jpg"",""disk-edge-on_yes_fraction"":""0.96240234""}","{""0"":""https://panoptes-uploads.zooniverse.org/subject_location/27640cb5-43bd-4076-897d-1e0f9f9925fe.jpeg"",""1"":""https://panoptes-uploads.zooniverse.org/subject_location/b17ff0d0-b399-411a-9798-80ddc6a85ea8.jpeg""}",0,,,2026-02-13 08:17:57 UTC,2026-02-13 08:17:57 UTC
117538459,31802,31221,134321,"{""redshift"":""0.1899999976158142"",""object_id"":""-602633789475853852"",""contour_image"":""102021983_NEG602633789475853852_gz_arcsinh_vis_y_contour.jpg"",""original_image"":""102021983_NEG602633789475853852_gz_arcsinh_vis_y.jpg"",""disk-edge-on_yes_fraction"":""0.9794922""}","{""0"":""https://panoptes-uploads.zooniverse.org/subject_location/a86a7d01-8dc8-491a-904a-4ddb3831b4aa.jpeg"",""1"":""https://panoptes-uploads.zooniverse.org/subject_location/44c174b4-6ad9-4cf6-be97-1feebc11b2ed.jpeg""}",0,,,2026-02-13 08:17:57 UTC,2026-02-13 08:17:57 UTC
117538460,31802,31221,134321,"{""redshift"":""0.1000000014901161"",""object_id"":""2653041082656906285"",""contour_image"":""102158887_2653041082656906285_gz_arcsinh_vis_y_contour.jpg"",""original_image"":""102158887_2653041082656906285_gz_arcsinh_vis_y.jpg"",""disk-edge-on_yes_fraction"":""0.9213867""}","{""0"":""https://panoptes-uploads.zooniverse.org/subject_location/20a83d59-a0f9-4251-a9fc-3736a9e366cf.jpeg"",""1"":""https://panoptes-uploads.zooniverse.org/subject_location/ae0550f6-db2f-434a-9e7c-e18356202a94.jpeg""}",0,,,2026-02-13 08:17:58 UTC,2026-02-13 08:17:58 UTC
117538461,31802,31221,134321,"{""redshift"":""0.270000010728836"",""object_id"":""2735692487661437732"",""contour_image"":""102159195_2735692487661437732_gz_arcsinh_vis_y_contour.jpg"",""original_image"":""102159195_2735692487661437732_gz_arcsinh_vis_y.jpg"",""disk-edge-on_yes_fraction"":""0.9682617""}","{""0"":""https://panoptes-uploads.zooniverse.org/subject_location/b7a14121-7dc3-4673-a704-3a36238204dd.jpeg"",""1"":""https://panoptes-uploads.zooniverse.org/subject_location/f4ba77d1-b1db-4713-96a5-e000cbb760a1.jpeg""}",0,,,2026-02-13 08:17:58 UTC,2026-02-13 08:17:58 UTC
117538462,31802,31221,134321,"{""redshift"":""0.1500000059604644"",""object_id"":""2666575833656751429"",""contour_image"":""102158888_2666575833656751429_gz_arcsinh_vis_y_contour.jpg"",""original_image"":""102158888_2666575833656751429_gz_arcsinh_vis_y.jpg"",""disk-edge-on_yes_fraction"":""0.98046875""}","{""0"":""https://panoptes-uploads.zooniverse.org/subject_location/9416bf04-59d7-4ca8-ae1e-669e257cbb7b.jpeg"",""1"":""https://panoptes-uploads.zooniverse.org/subject_location/2c5e488c-5685-41e9-aedf-9c797cbe763b.jpeg""}",0,,,2026-02-13 08:17:59 UTC,2026-02-13 08:17:59 UTC
117538463,31802,31221,134321,"{""redshift"":""0.2300000041723251"",""object_id"":""-610400303501446714"",""contour_image"":""102019592_NEG610400303501446714_gz_arcsinh_vis_y_contour.jpg"",""original_image"":""102019592_NEG610400303501446714_gz_arcsinh_vis_y.jpg"",""disk-edge-on_yes_fraction"":""0.98291016""}","{""0"":""https://panoptes-uploads.zooniverse.org/subject_location/eba2623a-b317-4358-9067-edd9af9572d8.jpeg"",""1"":""https://panoptes-uploads.zooniverse.org/subject_location/3edacf73-7147-4b6a-bb75-659d7275a575.jpeg""}",0,,,2026-02-13 08:17:59 UTC,2026-02-13 08:17:59 UTC
117538464,31802,31221,134321,"{""redshift"":""0.1299999952316284"",""object_id"":""2724946847669961477"",""contour_image"":""102159777_2724946847669961477_gz_arcsinh_vis_y_contour.jpg"",""original_image"":""102159777_2724946847669961477_gz_arcsinh_vis_y.jpg"",""disk-edge-on_yes_fraction"":""0.98535156""}","{""0"":""https://panoptes-uploads.zooniverse.org/subject_location/75d10413-4965-482b-8c46-513c1477d164.jpeg"",""1"":""https://panoptes-uploads.zooniverse.org/subject_location/1a6db4b3-e2f9-4196-8f41-7e59578db93e.jpeg""}",0,,,2026-02-13 08:18:00 UTC,2026-02-13 08:18:00 UTC
117538465,31802,31221,134321,"{""redshift"":""0.2000000029802322"",""object_id"":""-614066753494757177"",""contour_image"":""102020062_NEG614066753494757177_gz_arcsinh_vis_y_contour.jpg"",""original_image"":""102020062_NEG614066753494757177_gz_arcsinh_vis_y.jpg"",""disk-edge-on_yes_fraction"":""0.97753906""}","{""0"":""https://panoptes-uploads.zooniverse.org/subject_location/403b604d-a351-4d17-b016-90d8ac57087c.jpeg"",""1"":""https://panoptes-uploads.zooniverse.org/subject_location/c430406a-a569-4bfd-9894-3ed5d17f8079.jpeg""}",0,,,2026-02-13 08:18:00 UTC,2026-02-13 08:18:00 UTC
117538466,31802,31221,134321,"{""redshift"":""0.1500000059604644"",""object_id"":""2744836355656219515"",""contour_image"":""102158895_2744836355656219515_gz_arcsinh_vis_y_contour.jpg"",""original_image"":""102158895_2744836355656219515_gz_arcsinh_vis_y.jpg"",""disk-edge-on_yes_fraction"":""0.8808594""}","{""0"":""https://panoptes-uploads.zooniverse.org/subject_location/2df3fca0-63ef-484d-af82-8cb1ee95532a.jpeg"",""1"":""https://panoptes-uploads.zooniverse.org/subject_location/d98ea72f-9890-4433-bd53-7b6af8965eaf.jpeg""}",0,,,2026-02-13 08:18:01 UTC,2026-02-13 08:18:01 UTC
117538467,31802,31221,134321,"{""redshift"":""0.1800000071525573"",""object_id"":""2704564040668245160"",""contour_image"":""102159776_2704564040668245160_gz_arcsinh_vis_y_contour.jpg"",""original_image"":""102159776_2704564040668245160_gz_arcsinh_vis_y.jpg"",""disk-edge-on_yes_fraction"":""0.8666992""}","{""0"":""https://panoptes-uploads.zooniverse.org/subject_location/cc9e09d1-58cf-45ef-854a-75b26be30cb2.jpeg"",""1"":""https://panoptes-uploads.zooniverse.org/subject_location/9872a7d2-d543-4b60-8033-e3444ad73acb.jpeg""}",0,,,2026-02-13 08:18:01 UTC,2026-02-13 08:18:01 UTC
117538468,31802,31221,134321,"{""redshift"":""0.0700000002980232"",""object_id"":""2661873177652427785"",""contour_image"":""102158582_2661873177652427785_gz_arcsinh_vis_y_contour.jpg"",""original_image"":""102158582_2661873177652427785_gz_arcsinh_vis_y.jpg"",""disk-edge-on_yes_fraction"":""0.953125""}","{""0"":""https://panoptes-uploads.zooniverse.org/subject_location/828560ea-bdd5-4315-ab4a-7c435cfe8904.jpeg"",""1"":""https://panoptes-uploads.zooniverse.org/subject_location/0e12d213-9e9a-43c7-8b82-eae0d9ffcbb8.jpeg""}",0,,,2026-02-13 08:18:02 UTC,2026-02-13 08:18:02 UTC
117538469,31802,31221,134321,"{""redshift"":""0.1199999973177909"",""object_id"":""2689306137649933295"",""contour_image"":""102158585_2689306137649933295_gz_arcsinh_vis_y_contour.jpg"",""original_image"":""102158585_2689306137649933295_gz_arcsinh_vis_y.jpg"",""disk-edge-on_yes_fraction"":""0.9379883""}","{""0"":""https://panoptes-uploads.zooniverse.org/subject_location/fdcd5c90-3f2c-49ad-9353-f7ba085d63b3.jpeg"",""1"":""https://panoptes-uploads.zooniverse.org/subject_location/2a4a395d-74e3-4d76-9b21-a07ff859d023.jpeg""}",0,,,2026-02-13 08:18:02 UTC,2026-02-13 08:18:02 UTC
117538470,31802,31221,134321,"{""redshift"":""0.1500000059604644"",""object_id"":""-626991693487357743"",""contour_image"":""102021016_NEG626991693487357743_gz_arcsinh_vis_y_contour.jpg"",""original_image"":""102021016_NEG626991693487357743_gz_arcsinh_vis_y.jpg"",""disk-edge-on_yes_fraction"":""0.98535156""}","{""0"":""https://panoptes-uploads.zooniverse.org/subject_location/09e3b201-d5c8-4907-94c3-f197b0a3740a.jpeg"",""1"":""https://panoptes-uploads.zooniverse.org/subject_location/83bd2b11-c5d1-4b44-b145-3f6454387f91.jpeg""}",0,,,2026-02-13 08:18:03 UTC,2026-02-13 08:18:03 UTC
117538471,31802,31221,134321,"{""redshift"":""0.1199999973177909"",""object_id"":""-569293044477459107"",""contour_image"":""102021979_NEG569293044477459107_gz_arcsinh_vis_y_contour.jpg"",""original_image"":""102021979_NEG569293044477459107_gz_arcsinh_vis_y.jpg"",""disk-edge-on_yes_fraction"":""0.97558594""}","{""0"":""https://panoptes-uploads.zooniverse.org/subject_location/c9bc7aa9-20f7-4536-b9cf-ed71ed6bbe93.jpeg"",""1"":""https://panoptes-uploads.zooniverse.org/subject_location/f3c0a7db-97b1-41a6-a5be-0a14cfa3c0da.jpeg""}",0,,,2026-02-13 08:18:03 UTC,2026-02-13 08:18:03 UTC
117538472,31802,31221,134321,"{""redshift"":""0.1700000017881393"",""object_id"":""2755009207669615396"",""contour_image"":""102159780_2755009207669615396_gz_arcsinh_vis_y_contour.jpg"",""original_image"":""102159780_2755009207669615396_gz_arcsinh_vis_y.jpg"",""disk-edge-on_yes_fraction"":""0.83935547""}","{""0"":""https://panoptes-uploads.zooniverse.org/subject_location/ca6c5bf4-0b11-4475-9b8f-5d5f2318a2ed.jpeg"",""1"":""https://panoptes-uploads.zooniverse.org/subject_location/98e059c6-4f73-40e2-a8ec-308b1333ef14.jpeg""}",0,,,2026-02-13 08:18:04 UTC,2026-02-13 08:18:04 UTC
117538473,31802,31221,134321,"{""redshift"":""0.1099999994039535"",""object_id"":""2660638176641394073"",""contour_image"":""102157952_2660638176641394073_gz_arcsinh_vis_y_contour.jpg"",""original_image"":""102157952_2660638176641394073_gz_arcsinh_vis_y.jpg"",""disk-edge-on_yes_fraction"":""0.95703125""}","{""0"":""https://panoptes-uploads.zooniverse.org/subject_location/5b738b7e-64b9-45f6-9eab-fca37c86a57a.jpeg"",""1"":""https://panoptes-uploads.zooniverse.org/subject_location/0d6fd95c-6fd6-4960-9529-681751b5c3f8.jpeg""}",0,,,2026-02-13 08:18:04 UTC,2026-02-13 08:18:04 UTC
117538474,31802,31221,134321,"{""redshift"":""0.270000010728836"",""object_id"":""-638655869490586543"",""contour_image"":""102020539_NEG638655869490586543_gz_arcsinh_vis_y_contour.jpg"",""original_image"":""102020539_NEG638655869490586543_gz_arcsinh_vis_y.jpg"",""disk-edge-on_yes_fraction"":""0.9111328""}","{""0"":""https://panoptes-uploads.zooniverse.org/subject_location/1d378e8b-2007-40f6-8488-d4670d64d2df.jpeg"",""1"":""https://panoptes-uploads.zooniverse.org/subject_location/8ebaba13-0c8c-412b-98d6-caa83e8bd775.jpeg""}",0,,,2026-02-13 08:18:05 UTC,2026-02-13 08:18:05 UTC
117538475,31802,31221,134321,"{""redshift"":""0.2399999946355819"",""object_id"":""-591076400497695609"",""contour_image"":""102019590_NEG591076400497695609_gz_arcsinh_vis_y_contour.jpg"",""original_image"":""102019590_NEG591076400497695609_gz_arcsinh_vis_y.jpg"",""disk-edge-on_yes_fraction"":""0.8383789""}","{""0"":""https://panoptes-uploads.zooniverse.org/subject_location/7fe90eae-f9bc-4204-a93d-e43d816cc68f.jpeg"",""1"":""https://panoptes-uploads.zooniverse.org/subject_location/24aeba57-e24c-4fa8-916d-518e0cabcb2d.jpeg""}",0,,,2026-02-13 08:18:05 UTC,2026-02-13 08:18:05 UTC
117538476,31802,31221,134321,"{""redshift"":""0.0599999986588954"",""object_id"":""2667538418660893453"",""contour_image"":""102159189_2667538418660893453_gz_arcsinh_vis_y_contour.jpg"",""original_image"":""102159189_2667538418660893453_gz_arcsinh_vis_y.jpg"",""disk-edge-on_yes_fraction"":""0.95214844""}","{""0"":""https://panoptes-uploads.zooniverse.org/subject_location/bca21d37-e53c-4300-b683-43fbb40b110a.jpeg"",""1"":""https://panoptes-uploads.zooniverse.org/subject_location/7d30605f-b9e2-4b2d-936a-4474cbfe39e7.jpeg""}",0,,,2026-02-13 08:18:06 UTC,2026-02-13 08:18:06 UTC
117538477,31802,31221,134321,"{""redshift"":""0.1199999973177909"",""object_id"":""-598375808488102107"",""contour_image"":""102020533_NEG598375808488102107_gz_arcsinh_vis_y_contour.jpg"",""original_image"":""102020533_NEG598375808488102107_gz_arcsinh_vis_y.jpg"",""disk-edge-on_yes_fraction"":""0.9838867""}","{""0"":""https://panoptes-uploads.zooniverse.org/subject_location/df87a181-d557-44b6-a896-eda694fd71ec.jpeg"",""1"":""https://panoptes-uploads.zooniverse.org/subject_location/16cd8ff5-c31c-4de2-8b62-0e1d8bea9b0d.jpeg""}",0,,,2026-02-13 08:18:06 UTC,2026-02-13 08:18:06 UTC
117538478,31802,31221,134321,"{""redshift"":""0.1800000071525573"",""object_id"":""-611800685507090142"",""contour_image"":""102019129_NEG611800685507090142_gz_arcsinh_vis_y_contour.jpg"",""original_image"":""102019129_NEG611800685507090142_gz_arcsinh_vis_y.jpg"",""disk-edge-on_yes_fraction"":""0.85498047""}","{""0"":""https://panoptes-uploads.zooniverse.org/subject_location/97f7cbb4-53ec-434b-b399-cfe972f4c7b0.jpeg"",""1"":""https://panoptes-uploads.zooniverse.org/subject_location/4b4bc614-65f1-476a-ab80-2fd6b8646c7b.jpeg""}",0,,,2026-02-13 08:18:07 UTC,2026-02-13 08:18:07 UTC
117538479,31802,31221,134321,"{""redshift"":""0.1199999973177909"",""object_id"":""2679677660639669361"",""contour_image"":""102157954_2679677660639669361_gz_arcsinh_vis_y_contour.jpg"",""original_image"":""102157954_2679677660639669361_gz_arcsinh_vis_y.jpg"",""disk-edge-on_yes_fraction"":""0.92041016""}","{""0"":""https://panoptes-uploads.zooniverse.org/subject_location/b655d933-0f58-4436-9206-9d6010477bd9.jpeg"",""1"":""https://panoptes-uploads.zooniverse.org/subject_location/a2c86daf-3633-47ff-9e22-80c36e2fdb08.jpeg""}",0,,,2026-02-13 08:18:07 UTC,2026-02-13 08:18:07 UTC
117538480,31802,31221,134321,"{""redshift"":""0.25"",""object_id"":""-513417736268688263"",""contour_image"":""102045464_NEG513417736268688263_gz_arcsinh_vis_y_contour.jpg"",""original_image"":""102045464_NEG513417736268688263_gz_arcsinh_vis_y.jpg"",""disk-edge-on_yes_fraction"":""0.8334961""}","{""0"":""https://panoptes-uploads.zooniverse.org/subject_location/10fdaa77-eeb8-4ff7-9ceb-01ac655ac659.jpeg"",""1"":""https://panoptes-uploads.zooniverse.org/subject_location/a8c20a04-ddd1-4d0f-9ef9-d1bbf4414820.jpeg""}",0,,,2026-02-13 08:18:08 UTC,2026-02-13 08:18:08 UTC
117538481,31802,31221,134321,"{""redshift"":""0.1700000017881393"",""object_id"":""-612826151462217236"",""contour_image"":""102023476_NEG612826151462217236_gz_arcsinh_vis_y_contour.jpg"",""original_image"":""102023476_NEG612826151462217236_gz_arcsinh_vis_y.jpg"",""disk-edge-on_yes_fraction"":""0.9736328""}","{""0"":""https://panoptes-uploads.zooniverse.org/subject_location/f791ccd7-fd5e-497e-84ae-1c9deff147a5.jpeg"",""1"":""https://panoptes-uploads.zooniverse.org/subject_location/9a4695ef-411f-4181-9609-7d386dbb34dc.jpeg""}",0,,,2026-02-13 08:18:08 UTC,2026-02-13 08:18:08 UTC
117538482,31802,31221,134321,"{""redshift"":""0.209999993443489"",""object_id"":""-514395830288428912"",""contour_image"":""102042912_NEG514395830288428912_gz_arcsinh_vis_y_contour.jpg"",""original_image"":""102042912_NEG514395830288428912_gz_arcsinh_vis_y.jpg"",""disk-edge-on_yes_fraction"":""0.97802734""}","{""0"":""https://panoptes-uploads.zooniverse.org/subject_location/a3c69e5f-793e-4a0b-8e8a-25559cb24a33.jpeg"",""1"":""https://panoptes-uploads.zooniverse.org/subject_location/586c14c0-c4eb-499d-ad14-db97342663f0.jpeg""}",0,,,2026-02-13 08:18:09 UTC,2026-02-13 08:18:09 UTC
117538483,31802,31221,134321,"{""redshift"":""0.2000000029802322"",""object_id"":""-530745097278498619"",""contour_image"":""102044185_NEG530745097278498619_gz_arcsinh_vis_y_contour.jpg"",""original_image"":""102044185_NEG530745097278498619_gz_arcsinh_vis_y.jpg"",""disk-edge-on_yes_fraction"":""0.98535156""}","{""0"":""https://panoptes-uploads.zooniverse.org/subject_location/5f1c0746-be9f-4edc-8187-454db4a0ddf7.jpeg"",""1"":""https://panoptes-uploads.zooniverse.org/subject_location/6f59119e-ea7b-4b8a-b777-da33af20698b.jpeg""}",0,,,2026-02-13 08:18:09 UTC,2026-02-13 08:18:09 UTC
117538484,31802,31221,134321,"{""redshift"":""0.2000000029802322"",""object_id"":""2735043131666311001"",""contour_image"":""102159489_2735043131666311001_gz_arcsinh_vis_y_contour.jpg"",""original_image"":""102159489_2735043131666311001_gz_arcsinh_vis_y.jpg"",""disk-edge-on_yes_fraction"":""0.9863281""}","{""0"":""https://panoptes-uploads.zooniverse.org/subject_location/f1f979e1-09d0-499c-a1a8-a10a6ffb5b42.jpeg"",""1"":""https://panoptes-uploads.zooniverse.org/subject_location/fc5c641e-0593-469e-bdaa-2d94e5a77124.jpeg""}",0,,,2026-02-13 08:18:10 UTC,2026-02-13 08:18:10 UTC
117538485,31802,31221,134321,"{""redshift"":""0.1899999976158142"",""object_id"":""-518622974265433594"",""contour_image"":""102046110_NEG518622974265433594_gz_arcsinh_vis_y_contour.jpg"",""original_image"":""102046110_NEG518622974265433594_gz_arcsinh_vis_y.jpg"",""disk-edge-on_yes_fraction"":""0.953125""}","{""0"":""https://panoptes-uploads.zooniverse.org/subject_location/a523dca8-61e6-49d4-bcdf-5568f389ab8e.jpeg"",""1"":""https://panoptes-uploads.zooniverse.org/subject_location/f1370640-791f-4627-bd00-a855254125b7.jpeg""}",0,,,2026-02-13 08:18:10 UTC,2026-02-13 08:18:10 UTC
117538486,31802,31221,134321,"{""redshift"":""0.1599999964237213"",""object_id"":""-565791656482680554"",""contour_image"":""102021008_NEG565791656482680554_gz_arcsinh_vis_y_contour.jpg"",""original_image"":""102021008_NEG565791656482680554_gz_arcsinh_vis_y.jpg"",""disk-edge-on_yes_fraction"":""0.97314453""}","{""0"":""https://panoptes-uploads.zooniverse.org/subject_location/9ea5fa44-66d1-45c1-8c21-ccdfa0b71b8c.jpeg"",""1"":""https://panoptes-uploads.zooniverse.org/subject_location/6cac4a41-6b4e-4a51-a6ab-4a2d950ad488.jpeg""}",0,,,2026-02-13 08:18:11 UTC,2026-02-13 08:18:11 UTC
117538487,31802,31221,134321,"{""redshift"":""0.1599999964237213"",""object_id"":""2691362049665479010"",""contour_image"":""102159486_2691362049665479010_gz_arcsinh_vis_y_contour.jpg"",""original_image"":""102159486_2691362049665479010_gz_arcsinh_vis_y.jpg"",""disk-edge-on_yes_fraction"":""0.9838867""}","{""0"":""https://panoptes-uploads.zooniverse.org/subject_location/dbdec5f7-228b-4cd7-8ec4-3b718ff80fad.jpeg"",""1"":""https://panoptes-uploads.zooniverse.org/subject_location/36e69b9d-7196-4f13-9be0-249ca4c796bf.jpeg""}",0,,,2026-02-13 08:18:11 UTC,2026-02-13 08:18:11 UTC
117538488,31802,31221,134321,"{""redshift"":""0.2300000041723251"",""object_id"":""-517729926272355574"",""contour_image"":""102045465_NEG517729926272355574_gz_arcsinh_vis_y_contour.jpg"",""original_image"":""102045465_NEG517729926272355574_gz_arcsinh_vis_y.jpg"",""disk-edge-on_yes_fraction"":""0.8803711""}","{""0"":""https://panoptes-uploads.zooniverse.org/subject_location/6db0efd3-410f-4775-817c-855c0ec85292.jpeg"",""1"":""https://panoptes-uploads.zooniverse.org/subject_location/328d9a2a-8a43-4995-8dbf-fa5e8812215f.jpeg""}",0,,,2026-02-13 08:18:12 UTC,2026-02-13 08:18:12 UTC
117538489,31802,31221,134321,"{""redshift"":""0.2599999904632568"",""object_id"":""-598441598472270479"",""contour_image"":""102022475_NEG598441598472270479_gz_arcsinh_vis_y_contour.jpg"",""original_image"":""102022475_NEG598441598472270479_gz_arcsinh_vis_y.jpg"",""disk-edge-on_yes_fraction"":""0.9716797""}","{""0"":""https://panoptes-uploads.zooniverse.org/subject_location/8102d616-3b8b-4808-b413-86ee6db95952.jpeg"",""1"":""https://panoptes-uploads.zooniverse.org/subject_location/4dc8f135-1496-4059-b056-e2a6c44f320f.jpeg""}",0,,,2026-02-13 08:18:12 UTC,2026-02-13 08:18:12 UTC
117538490,31802,31221,134321,"{""redshift"":""0.25"",""object_id"":""2679067015668917506"",""contour_image"":""102159774_2679067015668917506_gz_arcsinh_vis_y_contour.jpg"",""original_image"":""102159774_2679067015668917506_gz_arcsinh_vis_y.jpg"",""disk-edge-on_yes_fraction"":""0.9301758""}","{""0"":""https://panoptes-uploads.zooniverse.org/subject_location/03454e67-8639-499a-8e2e-b6ef4ffed68d.jpeg"",""1"":""https://panoptes-uploads.zooniverse.org/subject_location/baa30289-55c2-44ab-b667-0790c813e2b2.jpeg""}",0,,,2026-02-13 08:18:13 UTC,2026-02-13 08:18:13 UTC
117538491,31802,31221,134321,"{""redshift"":""0.1899999976158142"",""object_id"":""2739828262687121828"",""contour_image"":""102160611_2739828262687121828_gz_arcsinh_vis_y_contour.jpg"",""original_image"":""102160611_2739828262687121828_gz_arcsinh_vis_y.jpg"",""disk-edge-on_yes_fraction"":""0.9794922""}","{""0"":""https://panoptes-uploads.zooniverse.org/subject_location/e21d677c-2ca6-4504-b492-985d09be6f50.jpeg"",""1"":""https://panoptes-uploads.zooniverse.org/subject_location/b7f7642e-381f-439c-b61b-e1536c1d3ce3.jpeg""}",0,,,2026-02-13 08:18:13 UTC,2026-02-13 08:18:13 UTC
117538492,31802,31221,134321,"{""redshift"":""0.2199999988079071"",""object_id"":""2695480789649420669"",""contour_image"":""102158585_2695480789649420669_gz_arcsinh_vis_y_contour.jpg"",""original_image"":""102158585_2695480789649420669_gz_arcsinh_vis_y.jpg"",""disk-edge-on_yes_fraction"":""0.92529297""}","{""0"":""https://panoptes-uploads.zooniverse.org/subject_location/0d4c2d40-dfc4-4838-bcbb-69e45e202ed7.jpeg"",""1"":""https://panoptes-uploads.zooniverse.org/subject_location/170faf7f-bb2e-4a47-b083-9bb36c255ae9.jpeg""}",0,,,2026-02-13 08:18:14 UTC,2026-02-13 08:18:14 UTC
117538493,31802,31221,134321,"{""redshift"":""0.1899999976158142"",""object_id"":""2680279669658252309"",""contour_image"":""102159190_2680279669658252309_gz_arcsinh_vis_y_contour.jpg"",""original_image"":""102159190_2680279669658252309_gz_arcsinh_vis_y.jpg"",""disk-edge-on_yes_fraction"":""0.9838867""}","{""0"":""https://panoptes-uploads.zooniverse.org/subject_location/a0e21134-4026-4d35-8211-6d705b0bbe94.jpeg"",""1"":""https://panoptes-uploads.zooniverse.org/subject_location/722306ff-12ee-4e78-bf2d-7a276e47dc80.jpeg""}",0,,,2026-02-13 08:18:14 UTC,2026-02-13 08:18:14 UTC
117538494,31802,31221,134321,"{""redshift"":""0.270000010728836"",""object_id"":""-546148786276913939"",""contour_image"":""102044827_NEG546148786276913939_gz_arcsinh_vis_y_contour.jpg"",""original_image"":""102044827_NEG546148786276913939_gz_arcsinh_vis_y.jpg"",""disk-edge-on_yes_fraction"":""0.984375""}","{""0"":""https://panoptes-uploads.zooniverse.org/subject_location/52161610-58c7-4b78-bad4-aba802dc2fd9.jpeg"",""1"":""https://panoptes-uploads.zooniverse.org/subject_location/f2873540-571a-49c8-8b3b-512f0881a50d.jpeg""}",0,,,2026-02-13 08:18:15 UTC,2026-02-13 08:18:15 UTC
117538495,31802,31221,134321,"{""redshift"":""0.1800000071525573"",""object_id"":""2665792495656071603"",""contour_image"":""102158888_2665792495656071603_gz_arcsinh_vis_y_contour.jpg"",""original_image"":""102158888_2665792495656071603_gz_arcsinh_vis_y.jpg"",""disk-edge-on_yes_fraction"":""0.92285156""}","{""0"":""https://panoptes-uploads.zooniverse.org/subject_location/4e7700df-c220-422d-a010-52476d83e207.jpeg"",""1"":""https://panoptes-uploads.zooniverse.org/subject_location/da740e9b-c2c2-4b3d-9333-6606b3daee49.jpeg""}",0,,,2026-02-13 08:18:15 UTC,2026-02-13 08:18:15 UTC
117538496,31802,31221,134321,"{""redshift"":""0.2300000041723251"",""object_id"":""-537040623275084200"",""contour_image"":""102044826_NEG537040623275084200_gz_arcsinh_vis_y_contour.jpg"",""original_image"":""102044826_NEG537040623275084200_gz_arcsinh_vis_y.jpg"",""disk-edge-on_yes_fraction"":""0.9506836""}","{""0"":""https://panoptes-uploads.zooniverse.org/subject_location/081616f7-fd9c-44b7-980d-a31e50ad4ff7.jpeg"",""1"":""https://panoptes-uploads.zooniverse.org/subject_location/fd745060-6fbe-4428-a4f7-87be458b28c7.jpeg""}",0,,,2026-02-13 08:18:16 UTC,2026-02-13 08:18:16 UTC
117538497,31802,31221,134321,"{""redshift"":""0.2300000041723251"",""object_id"":""-633106092490963593"",""contour_image"":""102020538_NEG633106092490963593_gz_arcsinh_vis_y_contour.jpg"",""original_image"":""102020538_NEG633106092490963593_gz_arcsinh_vis_y.jpg"",""disk-edge-on_yes_fraction"":""0.9741211""}","{""0"":""https://panoptes-uploads.zooniverse.org/subject_location/9e1c4d53-bf15-49c4-95fd-1832c1b36432.jpeg"",""1"":""https://panoptes-uploads.zooniverse.org/subject_location/460f6b03-f901-44da-b2a6-d7505ee66eb5.jpeg""}",0,,,2026-02-13 08:18:16 UTC,2026-02-13 08:18:16 UTC
117538498,31802,31221,134321,"{""redshift"":""0.1700000017881393"",""object_id"":""-584469312483675364"",""contour_image"":""102021010_NEG584469312483675364_gz_arcsinh_vis_y_contour.jpg"",""original_image"":""102021010_NEG584469312483675364_gz_arcsinh_vis_y.jpg"",""disk-edge-on_yes_fraction"":""0.9238281""}","{""0"":""https://panoptes-uploads.zooniverse.org/subject_location/2d714e96-5758-4c37-8285-caecae573943.jpeg"",""1"":""https://panoptes-uploads.zooniverse.org/subject_location/3cd9776f-82fe-4937-ba46-79ba9d249332.jpeg""}",0,,,2026-02-13 08:18:17 UTC,2026-02-13 08:18:17 UTC
117538499,31802,31221,134321,"{""redshift"":""0.2199999988079071"",""object_id"":""2718836722657274740"",""contour_image"":""102158893_2718836722657274740_gz_arcsinh_vis_y_contour.jpg"",""original_image"":""102158893_2718836722657274740_gz_arcsinh_vis_y.jpg"",""disk-edge-on_yes_fraction"":""0.9477539""}","{""0"":""https://panoptes-uploads.zooniverse.org/subject_location/ccc70498-c972-4b6d-934d-52f037cab03f.jpeg"",""1"":""https://panoptes-uploads.zooniverse.org/subject_location/53433c8a-7471-458b-8cdf-28b0737292fc.jpeg""}",0,,,2026-02-13 08:18:17 UTC,2026-02-13 08:18:17 UTC
117538500,31802,31221,134321,"{""redshift"":""0.1099999994039535"",""object_id"":""2675226990646984013"",""contour_image"":""102158272_2675226990646984013_gz_arcsinh_vis_y_contour.jpg"",""original_image"":""102158272_2675226990646984013_gz_arcsinh_vis_y.jpg"",""disk-edge-on_yes_fraction"":""0.83203125""}","{""0"":""https://panoptes-uploads.zooniverse.org/subject_location/98cdb9d8-cd3f-426e-8a19-6edcf4029cce.jpeg"",""1"":""https://panoptes-uploads.zooniverse.org/subject_location/b0be1c67-9840-4693-8a61-0eb576fa9ca3.jpeg""}",0,,,2026-02-13 08:18:18 UTC,2026-02-13 08:18:18 UTC
117538501,31802,31221,134321,"{""redshift"":""0.0900000035762786"",""object_id"":""2675838563649463186"",""contour_image"":""102158583_2675838563649463186_gz_arcsinh_vis_y_contour.jpg"",""original_image"":""102158583_2675838563649463186_gz_arcsinh_vis_y.jpg"",""disk-edge-on_yes_fraction"":""0.9194336""}","{""0"":""https://panoptes-uploads.zooniverse.org/subject_location/4131a459-c1fb-416d-8692-f95651e714f7.jpeg"",""1"":""https://panoptes-uploads.zooniverse.org/subject_location/5b721ff1-4ac6-4079-99ba-4789a81b79e0.jpeg""}",0,,,2026-02-13 08:18:18 UTC,2026-02-13 08:18:18 UTC
117538502,31802,31221,134321,"{""redshift"":""0.2300000041723251"",""object_id"":""2698957717642453395"",""contour_image"":""102158274_2698957717642453395_gz_arcsinh_vis_y_contour.jpg"",""original_image"":""102158274_2698957717642453395_gz_arcsinh_vis_y.jpg"",""disk-edge-on_yes_fraction"":""0.9790039""}","{""0"":""https://panoptes-uploads.zooniverse.org/subject_location/b1bdb8fa-9e22-414f-932c-37facb852fe4.jpeg"",""1"":""https://panoptes-uploads.zooniverse.org/subject_location/b87691c5-ebcf-48b9-850f-959d90dd7cda.jpeg""}",0,,,2026-02-13 08:18:19 UTC,2026-02-13 08:18:19 UTC
117538503,31802,31221,134321,"{""redshift"":""0.25"",""object_id"":""-617119323504480765"",""contour_image"":""102019129_NEG617119323504480765_gz_arcsinh_vis_y_contour.jpg"",""original_image"":""102019129_NEG617119323504480765_gz_arcsinh_vis_y.jpg"",""disk-edge-on_yes_fraction"":""0.92529297""}","{""0"":""https://panoptes-uploads.zooniverse.org/subject_location/4d9309e7-4e6e-4891-b0aa-d95f7961f829.jpeg"",""1"":""https://panoptes-uploads.zooniverse.org/subject_location/1c40561b-9de7-4338-8616-f5ca730d35fe.jpeg""}",0,,,2026-02-13 08:18:19 UTC,2026-02-13 08:18:19 UTC
117538504,31802,31221,134321,"{""redshift"":""0.1700000017881393"",""object_id"":""2741614641656791950"",""contour_image"":""102158895_2741614641656791950_gz_arcsinh_vis_y_contour.jpg"",""original_image"":""102158895_2741614641656791950_gz_arcsinh_vis_y.jpg"",""disk-edge-on_yes_fraction"":""0.97314453""}","{""0"":""https://panoptes-uploads.zooniverse.org/subject_location/6710774b-a2da-413f-99e6-78cbed0a3183.jpeg"",""1"":""https://panoptes-uploads.zooniverse.org/subject_location/75a5e457-47f3-4a5b-bced-ce904c0996ae.jpeg""}",0,,,2026-02-13 08:18:20 UTC,2026-02-13 08:18:20 UTC
117538505,31802,31221,134321,"{""redshift"":""0.1500000059604644"",""object_id"":""-638244843491078694"",""contour_image"":""102020539_NEG638244843491078694_gz_arcsinh_vis_y_contour.jpg"",""original_image"":""102020539_NEG638244843491078694_gz_arcsinh_vis_y.jpg"",""disk-edge-on_yes_fraction"":""0.9814453""}","{""0"":""https://panoptes-uploads.zooniverse.org/subject_location/f5b7297f-5e2f-486d-80da-1f9ef62c51f2.jpeg"",""1"":""https://panoptes-uploads.zooniverse.org/subject_location/206833da-df2e-4bcb-ad0a-55d4709ee60d.jpeg""}",0,,,2026-02-13 08:18:20 UTC,2026-02-13 08:18:20 UTC
117538506,31802,31221,134321,"{""redshift"":""0.2599999904632568"",""object_id"":""-609411451488180607"",""contour_image"":""102020535_NEG609411451488180607_gz_arcsinh_vis_y_contour.jpg"",""original_image"":""102020535_NEG609411451488180607_gz_arcsinh_vis_y.jpg"",""disk-edge-on_yes_fraction"":""0.93847656""}","{""0"":""https://panoptes-uploads.zooniverse.org/subject_location/bdd8b829-9dd6-4f8e-937a-e80a46efe063.jpeg"",""1"":""https://panoptes-uploads.zooniverse.org/subject_location/50b60d89-806d-4a56-a698-952bc7c7d268.jpeg""}",0,,,2026-02-13 08:18:21 UTC,2026-02-13 08:18:21 UTC
117538507,31802,31221,134321,"{""redshift"":""0.1000000014901161"",""object_id"":""-642144885491076384"",""contour_image"":""102020539_NEG642144885491076384_gz_arcsinh_vis_y_contour.jpg"",""original_image"":""102020539_NEG642144885491076384_gz_arcsinh_vis_y.jpg"",""disk-edge-on_yes_fraction"":""0.91064453""}","{""0"":""https://panoptes-uploads.zooniverse.org/subject_location/7fd4bf7a-9d7b-4054-a5f5-62f0c3df3807.jpeg"",""1"":""https://panoptes-uploads.zooniverse.org/subject_location/08964cd8-e269-420d-95d3-5549e9d7e0b6.jpeg""}",0,,,2026-02-13 08:18:21 UTC,2026-02-13 08:18:21 UTC
117538508,31802,31221,134321,"{""redshift"":""0.1500000059604644"",""object_id"":""2697527410666551864"",""contour_image"":""102159486_2697527410666551864_gz_arcsinh_vis_y_contour.jpg"",""original_image"":""102159486_2697527410666551864_gz_arcsinh_vis_y.jpg"",""disk-edge-on_yes_fraction"":""0.95214844""}","{""0"":""https://panoptes-uploads.zooniverse.org/subject_location/07d840d8-ccf0-4050-8f7e-cec9ca6dc173.jpeg"",""1"":""https://panoptes-uploads.zooniverse.org/subject_location/00b2d499-15a3-4bf7-927d-1e0f3ab48a95.jpeg""}",0,,,2026-02-13 08:18:22 UTC,2026-02-13 08:18:22 UTC
117538509,31802,31221,134321,"{""redshift"":""0.1500000059604644"",""object_id"":""2667734011649677097"",""contour_image"":""102158583_2667734011649677097_gz_arcsinh_vis_y_contour.jpg"",""original_image"":""102158583_2667734011649677097_gz_arcsinh_vis_y.jpg"",""disk-edge-on_yes_fraction"":""0.98535156""}","{""0"":""https://panoptes-uploads.zooniverse.org/subject_location/93fcf5b5-db3b-49a4-abac-97c1e093f656.jpeg"",""1"":""https://panoptes-uploads.zooniverse.org/subject_location/43fb4a7c-760f-4e34-9e38-906b4c3ab1f0.jpeg""}",0,,,2026-02-13 08:18:22 UTC,2026-02-13 08:18:22 UTC
117538510,31802,31221,134321,"{""redshift"":""0.1199999973177909"",""object_id"":""2742907939677207047"",""contour_image"":""102160062_2742907939677207047_gz_arcsinh_vis_y_contour.jpg"",""original_image"":""102160062_2742907939677207047_gz_arcsinh_vis_y.jpg"",""disk-edge-on_yes_fraction"":""0.9550781""}","{""0"":""https://panoptes-uploads.zooniverse.org/subject_location/af786583-4a5f-478e-8261-c0cb336cdf4b.jpeg"",""1"":""https://panoptes-uploads.zooniverse.org/subject_location/fed3979c-c75d-4301-923c-d9abe94d70a5.jpeg""}",0,,,2026-02-13 08:18:23 UTC,2026-02-13 08:18:23 UTC
117538511,31802,31221,134321,"{""redshift"":""0.1700000017881393"",""object_id"":""-611222756483318924"",""contour_image"":""102021014_NEG611222756483318924_gz_arcsinh_vis_y_contour.jpg"",""original_image"":""102021014_NEG611222756483318924_gz_arcsinh_vis_y.jpg"",""disk-edge-on_yes_fraction"":""0.96728516""}","{""0"":""https://panoptes-uploads.zooniverse.org/subject_location/a810d4b6-f899-4443-8156-aab2e4eb2691.jpeg"",""1"":""https://panoptes-uploads.zooniverse.org/subject_location/8ee95a94-867e-40a4-a715-5b94bae44d15.jpeg""}",0,,,2026-02-13 08:18:23 UTC,2026-02-13 08:18:23 UTC
117538512,31802,31221,134321,"{""redshift"":""0.2599999904632568"",""object_id"":""2704834424666571465"",""contour_image"":""102159487_2704834424666571465_gz_arcsinh_vis_y_contour.jpg"",""original_image"":""102159487_2704834424666571465_gz_arcsinh_vis_y.jpg"",""disk-edge-on_yes_fraction"":""0.97314453""}","{""0"":""https://panoptes-uploads.zooniverse.org/subject_location/36c9c14e-5084-4add-baa7-fc3127ebe3b0.jpeg"",""1"":""https://panoptes-uploads.zooniverse.org/subject_location/dc17686f-e2a4-4cd6-a23f-f8f88781ba3a.jpeg""}",0,,,2026-02-13 08:18:24 UTC,2026-02-13 08:18:24 UTC
117538513,31802,31221,134321,"{""redshift"":""0.0799999982118606"",""object_id"":""2712831572680104663"",""contour_image"":""102160338_2712831572680104663_gz_arcsinh_vis_y_contour.jpg"",""original_image"":""102160338_2712831572680104663_gz_arcsinh_vis_y.jpg"",""disk-edge-on_yes_fraction"":""0.9692383""}","{""0"":""https://panoptes-uploads.zooniverse.org/subject_location/edb1f802-0bef-48c1-b4fa-e7264a729a9a.jpeg"",""1"":""https://panoptes-uploads.zooniverse.org/subject_location/47a05c32-e1f3-4861-ab3c-74cd4d842737.jpeg""}",0,,,2026-02-13 08:18:24 UTC,2026-02-13 08:18:24 UTC
117538514,31802,31221,134321,"{""redshift"":""0.209999993443489"",""object_id"":""2708402195641579886"",""contour_image"":""102157957_2708402195641579886_gz_arcsinh_vis_y_contour.jpg"",""original_image"":""102157957_2708402195641579886_gz_arcsinh_vis_y.jpg"",""disk-edge-on_yes_fraction"":""0.9140625""}","{""0"":""https://panoptes-uploads.zooniverse.org/subject_location/573ac4c6-2d14-487a-be95-110eb0b0e21c.jpeg"",""1"":""https://panoptes-uploads.zooniverse.org/subject_location/26af2fe6-e260-43ff-9f67-a0916c8d43f9.jpeg""}",0,,,2026-02-13 08:18:25 UTC,2026-02-13 08:18:25 UTC
117538515,31802,31221,134321,"{""redshift"":""0.1400000005960464"",""object_id"":""2650863267663768752"",""contour_image"":""102159483_2650863267663768752_gz_arcsinh_vis_y_contour.jpg"",""original_image"":""102159483_2650863267663768752_gz_arcsinh_vis_y.jpg"",""disk-edge-on_yes_fraction"":""0.9863281""}","{""0"":""https://panoptes-uploads.zooniverse.org/subject_location/5f184a95-3444-4ccf-aacc-f4f502ea354d.jpeg"",""1"":""https://panoptes-uploads.zooniverse.org/subject_location/5c0e46cf-2a81-4b2a-acf4-c6a5bd036e03.jpeg""}",0,,,2026-02-13 08:18:25 UTC,2026-02-13 08:18:25 UTC
117538516,31802,31221,134321,"{""redshift"":""0.1700000017881393"",""object_id"":""-537100816270935205"",""contour_image"":""102045468_NEG537100816270935205_gz_arcsinh_vis_y_contour.jpg"",""original_image"":""102045468_NEG537100816270935205_gz_arcsinh_vis_y.jpg"",""disk-edge-on_yes_fraction"":""0.96777344""}","{""0"":""https://panoptes-uploads.zooniverse.org/subject_location/fc9c4ede-d140-4d66-94b7-ed01f98881f7.jpeg"",""1"":""https://panoptes-uploads.zooniverse.org/subject_location/1dc0a8ba-b3ff-42df-96a7-4841cca45ee6.jpeg""}",0,,,2026-02-13 08:18:26 UTC,2026-02-13 08:18:26 UTC
117538517,31802,31221,134321,"{""redshift"":""0.2800000011920929"",""object_id"":""-614586218498112037"",""contour_image"":""102019593_NEG614586218498112037_gz_arcsinh_vis_y_contour.jpg"",""original_image"":""102019593_NEG614586218498112037_gz_arcsinh_vis_y.jpg"",""disk-edge-on_yes_fraction"":""0.95996094""}","{""0"":""https://panoptes-uploads.zooniverse.org/subject_location/bb543b0c-e765-4032-9f52-ca376c39a83b.jpeg"",""1"":""https://panoptes-uploads.zooniverse.org/subject_location/93ea0873-bde4-43f5-afbc-7858ad764f81.jpeg""}",0,,,2026-02-13 08:18:26 UTC,2026-02-13 08:18:26 UTC
117538518,31802,31221,134321,"{""redshift"":""0.1599999964237213"",""object_id"":""2654684194661336535"",""contour_image"":""102159188_2654684194661336535_gz_arcsinh_vis_y_contour.jpg"",""original_image"":""102159188_2654684194661336535_gz_arcsinh_vis_y.jpg"",""disk-edge-on_yes_fraction"":""0.81933594""}","{""0"":""https://panoptes-uploads.zooniverse.org/subject_location/e25e940d-c071-4b60-80ac-6ac906cb8f01.jpeg"",""1"":""https://panoptes-uploads.zooniverse.org/subject_location/2e5f26b0-1113-488b-9070-7b01a1ee29b3.jpeg""}",0,,,2026-02-13 08:18:27 UTC,2026-02-13 08:18:27 UTC
117538519,31802,31221,134321,"{""redshift"":""0.2399999946355819"",""object_id"":""-607291462490790946"",""contour_image"":""102020534_NEG607291462490790946_gz_arcsinh_vis_y_contour.jpg"",""original_image"":""102020534_NEG607291462490790946_gz_arcsinh_vis_y.jpg"",""disk-edge-on_yes_fraction"":""0.92089844""}","{""0"":""https://panoptes-uploads.zooniverse.org/subject_location/aef98806-b02a-402d-a72d-68ac121dfa35.jpeg"",""1"":""https://panoptes-uploads.zooniverse.org/subject_location/5e3646b8-cfcb-4f6b-9c14-8df761c4ccd8.jpeg""}",0,,,2026-02-13 08:18:27 UTC,2026-02-13 08:18:27 UTC
117538520,31802,31221,134321,"{""redshift"":""0.25"",""object_id"":""-586031320507363265"",""contour_image"":""102019125_NEG586031320507363265_gz_arcsinh_vis_y_contour.jpg"",""original_image"":""102019125_NEG586031320507363265_gz_arcsinh_vis_y.jpg"",""disk-edge-on_yes_fraction"":""0.9667969""}","{""0"":""https://panoptes-uploads.zooniverse.org/subject_location/a7412d04-0390-407c-8c6c-165a58a5116d.jpeg"",""1"":""https://panoptes-uploads.zooniverse.org/subject_location/dab54f54-3ec7-42a4-99f2-fb124022290f.jpeg""}",0,,,2026-02-13 08:18:28 UTC,2026-02-13 08:18:28 UTC
117538521,31802,31221,134321,"{""redshift"":""0.270000010728836"",""object_id"":""-561714002496827930"",""contour_image"":""102020055_NEG561714002496827930_gz_arcsinh_vis_y_contour.jpg"",""original_image"":""102020055_NEG561714002496827930_gz_arcsinh_vis_y.jpg"",""disk-edge-on_yes_fraction"":""0.9746094""}","{""0"":""https://panoptes-uploads.zooniverse.org/subject_location/ac12d759-a941-466c-96be-7703fe9f43cd.jpeg"",""1"":""https://panoptes-uploads.zooniverse.org/subject_location/37aa4701-550a-4e04-ba8c-448e1ec6c280.jpeg""}",0,,,2026-02-13 08:18:28 UTC,2026-02-13 08:18:28 UTC
117538522,31802,31221,134321,"{""redshift"":""0.1899999976158142"",""object_id"":""-646578151491359681"",""contour_image"":""102020540_NEG646578151491359681_gz_arcsinh_vis_y_contour.jpg"",""original_image"":""102020540_NEG646578151491359681_gz_arcsinh_vis_y.jpg"",""disk-edge-on_yes_fraction"":""0.9614258""}","{""0"":""https://panoptes-uploads.zooniverse.org/subject_location/994c7e79-df0a-4f41-bafb-54d0b58dc9c3.jpeg"",""1"":""https://panoptes-uploads.zooniverse.org/subject_location/2751d50e-494b-4e3d-bdbb-c239ca3983dc.jpeg""}",0,,,2026-02-13 08:18:29 UTC,2026-02-13 08:18:29 UTC
117538523,31802,31221,134321,"{""redshift"":""0.25"",""object_id"":""-621117013486181832"",""contour_image"":""102021015_NEG621117013486181832_gz_arcsinh_vis_y_contour.jpg"",""original_image"":""102021015_NEG621117013486181832_gz_arcsinh_vis_y.jpg"",""disk-edge-on_yes_fraction"":""0.89453125""}","{""0"":""https://panoptes-uploads.zooniverse.org/subject_location/36735a9a-e62d-47fd-8c88-ce777c1ad5bc.jpeg"",""1"":""https://panoptes-uploads.zooniverse.org/subject_location/d7843c4b-8c55-4c71-af5d-fe6c49f76aec.jpeg""}",0,,,2026-02-13 08:18:29 UTC,2026-02-13 08:18:29 UTC
117538524,31802,31221,134321,"{""redshift"":""0.209999993443489"",""object_id"":""-594174787511462866"",""contour_image"":""102018668_NEG594174787511462866_gz_arcsinh_vis_y_contour.jpg"",""original_image"":""102018668_NEG594174787511462866_gz_arcsinh_vis_y.jpg"",""disk-edge-on_yes_fraction"":""0.9814453""}","{""0"":""https://panoptes-uploads.zooniverse.org/subject_location/6b616d66-b01f-4dce-acc3-7bfa66747f7b.jpeg"",""1"":""https://panoptes-uploads.zooniverse.org/subject_location/4ba67ee7-a5bf-4d97-bd83-1711977fc76e.jpeg""}",0,,,2026-02-13 08:18:30 UTC,2026-02-13 08:18:30 UTC
117538525,31802,31221,134321,"{""redshift"":""0.2000000029802322"",""object_id"":""-510399719268066118"",""contour_image"":""102045463_NEG510399719268066118_gz_arcsinh_vis_y_contour.jpg"",""original_image"":""102045463_NEG510399719268066118_gz_arcsinh_vis_y.jpg"",""disk-edge-on_yes_fraction"":""0.9506836""}","{""0"":""https://panoptes-uploads.zooniverse.org/subject_location/c4cbcbe0-0b2e-4239-abb7-801cdcd173af.jpeg"",""1"":""https://panoptes-uploads.zooniverse.org/subject_location/1c206283-f444-43ec-89df-eab5afccfb93.jpeg""}",0,,,2026-02-13 08:18:30 UTC,2026-02-13 08:18:30 UTC
117538526,31802,31221,134321,"{""redshift"":""0.0700000002980232"",""object_id"":""2732553696658251124"",""contour_image"":""102159195_2732553696658251124_gz_arcsinh_vis_y_contour.jpg"",""original_image"":""102159195_2732553696658251124_gz_arcsinh_vis_y.jpg"",""disk-edge-on_yes_fraction"":""0.984375""}","{""0"":""https://panoptes-uploads.zooniverse.org/subject_location/2affce72-20f9-42b5-9c06-c9cf7f6a927c.jpeg"",""1"":""https://panoptes-uploads.zooniverse.org/subject_location/bfc3d3a2-2ad1-49a2-a409-5ab3f393c45e.jpeg""}",0,,,2026-02-13 08:18:31 UTC,2026-02-13 08:18:31 UTC
117538527,31802,31221,134321,"{""redshift"":""0.1800000071525573"",""object_id"":""2748388219665669155"",""contour_image"":""102159491_2748388219665669155_gz_arcsinh_vis_y_contour.jpg"",""original_image"":""102159491_2748388219665669155_gz_arcsinh_vis_y.jpg"",""disk-edge-on_yes_fraction"":""0.98583984""}","{""0"":""https://panoptes-uploads.zooniverse.org/subject_location/ad3ca188-e606-418d-a5e0-0da6b46e6531.jpeg"",""1"":""https://panoptes-uploads.zooniverse.org/subject_location/8894db5c-fb58-4cdb-abcc-719b088dfc3b.jpeg""}",0,,,2026-02-13 08:18:31 UTC,2026-02-13 08:18:31 UTC
117538528,31802,31221,134321,"{""redshift"":""0.1800000071525573"",""object_id"":""2686045790667339286"",""contour_image"":""102159486_2686045790667339286_gz_arcsinh_vis_y_contour.jpg"",""original_image"":""102159486_2686045790667339286_gz_arcsinh_vis_y.jpg"",""disk-edge-on_yes_fraction"":""0.9746094""}","{""0"":""https://panoptes-uploads.zooniverse.org/subject_location/391884e6-4147-4506-b105-6f662504983e.jpeg"",""1"":""https://panoptes-uploads.zooniverse.org/subject_location/8f93a5cd-7176-4225-99f8-7f72143a5da0.jpeg""}",0,,,2026-02-13 08:18:32 UTC,2026-02-13 08:18:32 UTC
117538529,31802,31221,134321,"{""redshift"":""0.1400000005960464"",""object_id"":""-649454477471383405"",""contour_image"":""102022482_NEG649454477471383405_gz_arcsinh_vis_y_contour.jpg"",""original_image"":""102022482_NEG649454477471383405_gz_arcsinh_vis_y.jpg"",""disk-edge-on_yes_fraction"":""0.9770508""}","{""0"":""https://panoptes-uploads.zooniverse.org/subject_location/42845d85-455e-4ada-bdf5-c843b5b0cbcb.jpeg"",""1"":""https://panoptes-uploads.zooniverse.org/subject_location/c2f7404c-f3ac-4c40-9998-8ad31cd91049.jpeg""}",0,,,2026-02-13 08:18:32 UTC,2026-02-13 08:18:32 UTC
117538530,31802,31221,134321,"{""redshift"":""0.209999993443489"",""object_id"":""2735571283677368252"",""contour_image"":""102160062_2735571283677368252_gz_arcsinh_vis_y_contour.jpg"",""original_image"":""102160062_2735571283677368252_gz_arcsinh_vis_y.jpg"",""disk-edge-on_yes_fraction"":""0.9584961""}","{""0"":""https://panoptes-uploads.zooniverse.org/subject_location/f328ef51-89ea-4aa6-ac0b-8d5d42ae1c13.jpeg"",""1"":""https://panoptes-uploads.zooniverse.org/subject_location/ea5ef832-4b1d-4a13-b38d-d77b81eb3175.jpeg""}",0,,,2026-02-13 08:18:33 UTC,2026-02-13 08:18:33 UTC
117538531,31802,31221,134321,"{""redshift"":""0.2599999904632568"",""object_id"":""-635119372476054740"",""contour_image"":""102021988_NEG635119372476054740_gz_arcsinh_vis_y_contour.jpg"",""original_image"":""102021988_NEG635119372476054740_gz_arcsinh_vis_y.jpg"",""disk-edge-on_yes_fraction"":""0.9736328""}","{""0"":""https://panoptes-uploads.zooniverse.org/subject_location/2a37bfb6-2426-495f-9f13-60938aeb3d11.jpeg"",""1"":""https://panoptes-uploads.zooniverse.org/subject_location/732b8e6e-1827-4725-9bd1-a090ea8f13c9.jpeg""}",0,,,2026-02-13 08:18:33 UTC,2026-02-13 08:18:33 UTC
117538532,31802,31221,134321,"{""redshift"":""0.0900000035762786"",""object_id"":""2712302996640429146"",""contour_image"":""102157957_2712302996640429146_gz_arcsinh_vis_y_contour.jpg"",""original_image"":""102157957_2712302996640429146_gz_arcsinh_vis_y.jpg"",""disk-edge-on_yes_fraction"":""0.9760742""}","{""0"":""https://panoptes-uploads.zooniverse.org/subject_location/5422308c-7cb9-42cb-a7bb-ed8e0fd7ad90.jpeg"",""1"":""https://panoptes-uploads.zooniverse.org/subject_location/c0f4ccd0-d6b6-4cdd-88fa-225f8196e0b9.jpeg""}",0,,,2026-02-13 08:18:34 UTC,2026-02-13 08:18:34 UTC
117538533,31802,31221,134321,"{""redshift"":""0.0199999995529651"",""object_id"":""2713729325658464528"",""contour_image"":""102159193_2713729325658464528_gz_arcsinh_vis_y_contour.jpg"",""original_image"":""102159193_2713729325658464528_gz_arcsinh_vis_y.jpg"",""disk-edge-on_yes_fraction"":""0.98535156""}","{""0"":""https://panoptes-uploads.zooniverse.org/subject_location/5e220533-12b1-4f70-bf93-2e15da5eb2cb.jpeg"",""1"":""https://panoptes-uploads.zooniverse.org/subject_location/f3d6c523-5cb2-4c8c-b2f1-3e6e63543f7d.jpeg""}",0,,,2026-02-13 08:18:34 UTC,2026-02-13 08:18:34 UTC
117538534,31802,31221,134321,"{""redshift"":""0.1899999976158142"",""object_id"":""-626307098502143481"",""contour_image"":""102019594_NEG626307098502143481_gz_arcsinh_vis_y_contour.jpg"",""original_image"":""102019594_NEG626307098502143481_gz_arcsinh_vis_y.jpg"",""disk-edge-on_yes_fraction"":""0.98339844""}","{""0"":""https://panoptes-uploads.zooniverse.org/subject_location/e73cba78-40cf-4e77-bebd-5698d5669e59.jpeg"",""1"":""https://panoptes-uploads.zooniverse.org/subject_location/fbdf5dd3-e27f-435f-8039-029468adb201.jpeg""}",0,,,2026-02-13 08:18:35 UTC,2026-02-13 08:18:35 UTC
117538535,31802,31221,134321,"{""redshift"":""0.2000000029802322"",""object_id"":""-581645781475829377"",""contour_image"":""102021980_NEG581645781475829377_gz_arcsinh_vis_y_contour.jpg"",""original_image"":""102021980_NEG581645781475829377_gz_arcsinh_vis_y.jpg"",""disk-edge-on_yes_fraction"":""0.953125""}","{""0"":""https://panoptes-uploads.zooniverse.org/subject_location/934d83b7-8a67-4e08-9550-0d444cb83c1e.jpeg"",""1"":""https://panoptes-uploads.zooniverse.org/subject_location/4ce3e189-421a-4ff9-b190-fb9a0bf37010.jpeg""}",0,,,2026-02-13 08:18:35 UTC,2026-02-13 08:18:35 UTC
117538536,31802,31221,134321,"{""redshift"":""0.25"",""object_id"":""2751917701649572257"",""contour_image"":""102158590_2751917701649572257_gz_arcsinh_vis_y_contour.jpg"",""original_image"":""102158590_2751917701649572257_gz_arcsinh_vis_y.jpg"",""disk-edge-on_yes_fraction"":""0.9746094""}","{""0"":""https://panoptes-uploads.zooniverse.org/subject_location/8b0a1f9e-f2a5-4663-914b-83ebb26f0659.jpeg"",""1"":""https://panoptes-uploads.zooniverse.org/subject_location/3b46ca61-4229-4101-82d8-f854cd6e17bc.jpeg""}",0,,,2026-02-13 08:18:36 UTC,2026-02-13 08:18:36 UTC
117538537,31802,31221,134321,"{""redshift"":""0.2199999988079071"",""object_id"":""2658815273678103094"",""contour_image"":""102160334_2658815273678103094_gz_arcsinh_vis_y_contour.jpg"",""original_image"":""102160334_2658815273678103094_gz_arcsinh_vis_y.jpg"",""disk-edge-on_yes_fraction"":""0.9394531""}","{""0"":""https://panoptes-uploads.zooniverse.org/subject_location/fc8eac54-2b5b-445b-8c5b-b109c43cf4a1.jpeg"",""1"":""https://panoptes-uploads.zooniverse.org/subject_location/812481f7-b0fc-4426-a172-5e01fa174cf2.jpeg""}",0,,,2026-02-13 08:18:36 UTC,2026-02-13 08:18:36 UTC
117538538,31802,31221,134321,"{""redshift"":""0.1599999964237213"",""object_id"":""2678983093644044951"",""contour_image"":""102158272_2678983093644044951_gz_arcsinh_vis_y_contour.jpg"",""original_image"":""102158272_2678983093644044951_gz_arcsinh_vis_y.jpg"",""disk-edge-on_yes_fraction"":""0.98339844""}","{""0"":""https://panoptes-uploads.zooniverse.org/subject_location/7f683257-6d39-43b6-939f-56cd83662b0f.jpeg"",""1"":""https://panoptes-uploads.zooniverse.org/subject_location/b621290a-feda-48a5-85ab-a798ba189e85.jpeg""}",0,,,2026-02-13 08:18:37 UTC,2026-02-13 08:18:37 UTC
117538539,31802,31221,134321,"{""redshift"":""0.2800000011920929"",""object_id"":""-574473934490774255"",""contour_image"":""102020530_NEG574473934490774255_gz_arcsinh_vis_y_contour.jpg"",""original_image"":""102020530_NEG574473934490774255_gz_arcsinh_vis_y.jpg"",""disk-edge-on_yes_fraction"":""0.98291016""}","{""0"":""https://panoptes-uploads.zooniverse.org/subject_location/6306bf1e-b4ba-4be1-b798-d3d912e64693.jpeg"",""1"":""https://panoptes-uploads.zooniverse.org/subject_location/b2de8d22-dbce-408b-a38b-38b91d53e904.jpeg""}",0,,,2026-02-13 08:18:37 UTC,2026-02-13 08:18:37 UTC
117538540,31802,31221,134321,"{""redshift"":""0.0799999982118606"",""object_id"":""2675439922635206530"",""contour_image"":""102157631_2675439922635206530_gz_arcsinh_vis_y_contour.jpg"",""original_image"":""102157631_2675439922635206530_gz_arcsinh_vis_y.jpg"",""disk-edge-on_yes_fraction"":""0.96875""}","{""0"":""https://panoptes-uploads.zooniverse.org/subject_location/ebc962f6-2782-4240-8c5f-98d6cd082570.jpeg"",""1"":""https://panoptes-uploads.zooniverse.org/subject_location/a24d0728-1e09-46b7-af40-78dcfa3d92c8.jpeg""}",0,,,2026-02-13 08:18:38 UTC,2026-02-13 08:18:38 UTC
117538541,31802,31221,134321,"{""redshift"":""0.2800000011920929"",""object_id"":""-659925172476960485"",""contour_image"":""102021991_NEG659925172476960485_gz_arcsinh_vis_y_contour.jpg"",""original_image"":""102021991_NEG659925172476960485_gz_arcsinh_vis_y.jpg"",""disk-edge-on_yes_fraction"":""0.98291016""}","{""0"":""https://panoptes-uploads.zooniverse.org/subject_location/873fdc0d-1140-45d3-802d-9ad5c3e04110.jpeg"",""1"":""https://panoptes-uploads.zooniverse.org/subject_location/230a1aea-7ffb-4b82-bbbb-d02db501dd6a.jpeg""}",0,,,2026-02-13 08:18:38 UTC,2026-02-13 08:18:38 UTC
117538542,31802,31221,134321,"{""redshift"":""0.2199999988079071"",""object_id"":""-606402610496437053"",""contour_image"":""102020061_NEG606402610496437053_gz_arcsinh_vis_y_contour.jpg"",""original_image"":""102020061_NEG606402610496437053_gz_arcsinh_vis_y.jpg"",""disk-edge-on_yes_fraction"":""0.9873047""}","{""0"":""https://panoptes-uploads.zooniverse.org/subject_location/dd1d4469-deb6-442e-a7e5-b26d5d7e42ed.jpeg"",""1"":""https://panoptes-uploads.zooniverse.org/subject_location/9ae20a15-d1e1-46c8-82ca-ec6537cdd1e0.jpeg""}",0,,,2026-02-13 08:18:39 UTC,2026-02-13 08:18:39 UTC
117538543,31802,31221,134321,"{""redshift"":""0.25"",""object_id"":""-657773639463254530"",""contour_image"":""102022980_NEG657773639463254530_gz_arcsinh_vis_y_contour.jpg"",""original_image"":""102022980_NEG657773639463254530_gz_arcsinh_vis_y.jpg"",""disk-edge-on_yes_fraction"":""0.95166016""}","{""0"":""https://panoptes-uploads.zooniverse.org/subject_location/946c24df-6c9d-42e7-a951-cb61ff015d4e.jpeg"",""1"":""https://panoptes-uploads.zooniverse.org/subject_location/b25f9790-65f6-4d6d-b304-39dca1af6c72.jpeg""}",0,,,2026-02-13 08:18:39 UTC,2026-02-13 08:18:39 UTC
117538544,31802,31221,134321,"{""redshift"":""0.2199999988079071"",""object_id"":""-618043564475316676"",""contour_image"":""102021985_NEG618043564475316676_gz_arcsinh_vis_y_contour.jpg"",""original_image"":""102021985_NEG618043564475316676_gz_arcsinh_vis_y.jpg"",""disk-edge-on_yes_fraction"":""0.97998047""}","{""0"":""https://panoptes-uploads.zooniverse.org/subject_location/22b22ca2-73b7-43f8-872e-4bd2c1fd43f3.jpeg"",""1"":""https://panoptes-uploads.zooniverse.org/subject_location/e0d5f42d-a211-4bdb-9b61-5c69ae14ef43.jpeg""}",0,,,2026-02-13 08:18:40 UTC,2026-02-13 08:18:40 UTC
117538545,31802,31221,134321,"{""redshift"":""0.1199999973177909"",""object_id"":""-660876614467519635"",""contour_image"":""102022484_NEG660876614467519635_gz_arcsinh_vis_y_contour.jpg"",""original_image"":""102022484_NEG660876614467519635_gz_arcsinh_vis_y.jpg"",""disk-edge-on_yes_fraction"":""0.97216797""}","{""0"":""https://panoptes-uploads.zooniverse.org/subject_location/d69ac22e-6643-419b-81b3-1a836d9ea2f3.jpeg"",""1"":""https://panoptes-uploads.zooniverse.org/subject_location/c9d6dc1a-2447-4272-989a-26284205897b.jpeg""}",0,,,2026-02-13 08:18:40 UTC,2026-02-13 08:18:40 UTC
117538546,31802,31221,134321,"{""redshift"":""0.1099999994039535"",""object_id"":""-553221658497477816"",""contour_image"":""102020054_NEG553221658497477816_gz_arcsinh_vis_y_contour.jpg"",""original_image"":""102020054_NEG553221658497477816_gz_arcsinh_vis_y.jpg"",""disk-edge-on_yes_fraction"":""0.9003906""}","{""0"":""https://panoptes-uploads.zooniverse.org/subject_location/7e0425aa-e69f-416a-bffc-7e7dfef0eceb.jpeg"",""1"":""https://panoptes-uploads.zooniverse.org/subject_location/9554c922-19ff-4fc9-b2b5-ea4f1e294e00.jpeg""}",0,,,2026-02-13 08:18:41 UTC,2026-02-13 08:18:41 UTC
117538547,31802,31221,134321,"{""redshift"":""0.1800000071525573"",""object_id"":""2659815016672016941"",""contour_image"":""102159772_2659815016672016941_gz_arcsinh_vis_y_contour.jpg"",""original_image"":""102159772_2659815016672016941_gz_arcsinh_vis_y.jpg"",""disk-edge-on_yes_fraction"":""0.9506836""}","{""0"":""https://panoptes-uploads.zooniverse.org/subject_location/e13326d8-4710-4320-811c-0ca915957e43.jpeg"",""1"":""https://panoptes-uploads.zooniverse.org/subject_location/c4ea69d2-abbe-49c1-86eb-7218cf8022fe.jpeg""}",0,,,2026-02-13 08:18:41 UTC,2026-02-13 08:18:41 UTC
117538548,31802,31221,134321,"{""redshift"":""0.1099999994039535"",""object_id"":""2714202343672151181"",""contour_image"":""102159776_2714202343672151181_gz_arcsinh_vis_y_contour.jpg"",""original_image"":""102159776_2714202343672151181_gz_arcsinh_vis_y.jpg"",""disk-edge-on_yes_fraction"":""0.8989258""}","{""0"":""https://panoptes-uploads.zooniverse.org/subject_location/55b4bbf6-1253-415f-bcfe-647a30eb6b49.jpeg"",""1"":""https://panoptes-uploads.zooniverse.org/subject_location/565ebd1a-1e04-4166-94c3-2385abafa3d0.jpeg""}",0,,,2026-02-13 08:18:42 UTC,2026-02-13 08:18:42 UTC
117538549,31802,31221,134321,"{""redshift"":""0.0599999986588954"",""object_id"":""-584005505502441807"",""contour_image"":""102019589_NEG584005505502441807_gz_arcsinh_vis_y_contour.jpg"",""original_image"":""102019589_NEG584005505502441807_gz_arcsinh_vis_y.jpg"",""disk-edge-on_yes_fraction"":""0.89990234""}","{""0"":""https://panoptes-uploads.zooniverse.org/subject_location/73b5c484-b6d5-4053-ae34-e8e0027b12b6.jpeg"",""1"":""https://panoptes-uploads.zooniverse.org/subject_location/7b0c2b81-4273-411f-a8fd-f43b5b8a8754.jpeg""}",0,,,2026-02-13 08:18:42 UTC,2026-02-13 08:18:42 UTC
117538550,31802,31221,134321,"{""redshift"":""0.2800000011920929"",""object_id"":""2691819948667323078"",""contour_image"":""102159486_2691819948667323078_gz_arcsinh_vis_y_contour.jpg"",""original_image"":""102159486_2691819948667323078_gz_arcsinh_vis_y.jpg"",""disk-edge-on_yes_fraction"":""0.81884766""}","{""0"":""https://panoptes-uploads.zooniverse.org/subject_location/0e91b576-f593-49b7-b915-7c6adedf98b9.jpeg"",""1"":""https://panoptes-uploads.zooniverse.org/subject_location/f0db1636-2eec-49d7-b410-df7f8d0cd19c.jpeg""}",0,,,2026-02-13 08:18:43 UTC,2026-02-13 08:18:43 UTC
117538551,31802,31221,134321,"{""redshift"":""0.2399999946355819"",""object_id"":""-657462476474147314"",""contour_image"":""102021991_NEG657462476474147314_gz_arcsinh_vis_y_contour.jpg"",""original_image"":""102021991_NEG657462476474147314_gz_arcsinh_vis_y.jpg"",""disk-edge-on_yes_fraction"":""0.9814453""}","{""0"":""https://panoptes-uploads.zooniverse.org/subject_location/614b5d38-808e-4588-9c7c-ee61439bf612.jpeg"",""1"":""https://panoptes-uploads.zooniverse.org/subject_location/7d3eacb2-9380-4c72-937b-19100266f757.jpeg""}",0,,,2026-02-13 08:18:43 UTC,2026-02-13 08:18:43 UTC
117538552,31802,31221,134321,"{""redshift"":""0.2000000029802322"",""object_id"":""2703845338647053980"",""contour_image"":""102158274_2703845338647053980_gz_arcsinh_vis_y_contour.jpg"",""original_image"":""102158274_2703845338647053980_gz_arcsinh_vis_y.jpg"",""disk-edge-on_yes_fraction"":""0.97558594""}","{""0"":""https://panoptes-uploads.zooniverse.org/subject_location/ae752189-7131-4403-903c-9036d6d4b5a0.jpeg"",""1"":""https://panoptes-uploads.zooniverse.org/subject_location/e6966f05-521b-4f0f-aa42-954f7614f368.jpeg""}",0,,,2026-02-13 08:18:44 UTC,2026-02-13 08:18:44 UTC
117538553,31802,31221,134321,"{""redshift"":""0.2899999916553497"",""object_id"":""-621793097472888655"",""contour_image"":""102021986_NEG621793097472888655_gz_arcsinh_vis_y_contour.jpg"",""original_image"":""102021986_NEG621793097472888655_gz_arcsinh_vis_y.jpg"",""disk-edge-on_yes_fraction"":""0.91308594""}","{""0"":""https://panoptes-uploads.zooniverse.org/subject_location/49ec591c-d9a1-48be-bff5-7c5f7bd74870.jpeg"",""1"":""https://panoptes-uploads.zooniverse.org/subject_location/19f27b85-2678-4a09-9c4a-cbc0a9b46d5a.jpeg""}",0,,,2026-02-13 08:18:44 UTC,2026-02-13 08:18:44 UTC
117538554,31802,31221,134321,"{""redshift"":""0.2399999946355819"",""object_id"":""-516569667271863466"",""contour_image"":""102045464_NEG516569667271863466_gz_arcsinh_vis_y_contour.jpg"",""original_image"":""102045464_NEG516569667271863466_gz_arcsinh_vis_y.jpg"",""disk-edge-on_yes_fraction"":""0.9814453""}","{""0"":""https://panoptes-uploads.zooniverse.org/subject_location/df2d493d-84fc-4392-a51d-5a9417c95afb.jpeg"",""1"":""https://panoptes-uploads.zooniverse.org/subject_location/24df3309-217b-46ae-9957-56b01626d5cc.jpeg""}",0,,,2026-02-13 08:18:45 UTC,2026-02-13 08:18:45 UTC
117538555,31802,31221,134321,"{""redshift"":""0.1400000005960464"",""object_id"":""-642951535462227061"",""contour_image"":""102023480_NEG642951535462227061_gz_arcsinh_vis_y_contour.jpg"",""original_image"":""102023480_NEG642951535462227061_gz_arcsinh_vis_y.jpg"",""disk-edge-on_yes_fraction"":""0.9819336""}","{""0"":""https://panoptes-uploads.zooniverse.org/subject_location/80b4f316-658c-4486-9b1e-174e81486b28.jpeg"",""1"":""https://panoptes-uploads.zooniverse.org/subject_location/a34293a9-d85c-4dcc-a7d3-7a3abc542fbe.jpeg""}",0,,,2026-02-13 08:18:45 UTC,2026-02-13 08:18:45 UTC
117538556,31802,31221,134321,"{""redshift"":""0.0900000035762786"",""object_id"":""2692465746640864307"",""contour_image"":""102157955_2692465746640864307_gz_arcsinh_vis_y_contour.jpg"",""original_image"":""102157955_2692465746640864307_gz_arcsinh_vis_y.jpg"",""disk-edge-on_yes_fraction"":""0.9711914""}","{""0"":""https://panoptes-uploads.zooniverse.org/subject_location/82cabe2b-7d41-4791-aed6-7269ca47adb6.jpeg"",""1"":""https://panoptes-uploads.zooniverse.org/subject_location/9188b92a-56cd-4a84-931e-b00f09a57b09.jpeg""}",0,,,2026-02-13 08:18:46 UTC,2026-02-13 08:18:46 UTC
117538557,31802,31221,134321,"{""redshift"":""0.2599999904632568"",""object_id"":""-522672944287918967"",""contour_image"":""102042914_NEG522672944287918967_gz_arcsinh_vis_y_contour.jpg"",""original_image"":""102042914_NEG522672944287918967_gz_arcsinh_vis_y.jpg"",""disk-edge-on_yes_fraction"":""0.95751953""}","{""0"":""https://panoptes-uploads.zooniverse.org/subject_location/28686499-f4ad-4dca-94e9-9a6754e5097a.jpeg"",""1"":""https://panoptes-uploads.zooniverse.org/subject_location/310028b2-a6cb-495c-a0a0-255477091160.jpeg""}",0,,,2026-02-13 08:18:46 UTC,2026-02-13 08:18:46 UTC
117538558,31802,31221,134321,"{""redshift"":""0.2199999988079071"",""object_id"":""-664229819479626645"",""contour_image"":""102021504_NEG664229819479626645_gz_arcsinh_vis_y_contour.jpg"",""original_image"":""102021504_NEG664229819479626645_gz_arcsinh_vis_y.jpg"",""disk-edge-on_yes_fraction"":""0.96777344""}","{""0"":""https://panoptes-uploads.zooniverse.org/subject_location/87ce3582-88be-4309-bf76-3c1296dfb86b.jpeg"",""1"":""https://panoptes-uploads.zooniverse.org/subject_location/450cd7d1-a8dd-412d-b5b3-97ed24272ae6.jpeg""}",0,,,2026-02-13 08:18:47 UTC,2026-02-13 08:18:47 UTC
117538559,31802,31221,134321,"{""redshift"":""0.2599999904632568"",""object_id"":""-626666944467549217"",""contour_image"":""102022479_NEG626666944467549217_gz_arcsinh_vis_y_contour.jpg"",""original_image"":""102022479_NEG626666944467549217_gz_arcsinh_vis_y.jpg"",""disk-edge-on_yes_fraction"":""0.9838867""}","{""0"":""https://panoptes-uploads.zooniverse.org/subject_location/7be549b7-55e2-4036-a060-ac3ec0f34a5b.jpeg"",""1"":""https://panoptes-uploads.zooniverse.org/subject_location/0a1348ef-9b98-47c4-bf44-b40097af6212.jpeg""}",0,,,2026-02-13 08:18:47 UTC,2026-02-13 08:18:47 UTC
117538560,31802,31221,134321,"{""redshift"":""0.1800000071525573"",""object_id"":""2709206029669069251"",""contour_image"":""102159776_2709206029669069251_gz_arcsinh_vis_y_contour.jpg"",""original_image"":""102159776_2709206029669069251_gz_arcsinh_vis_y.jpg"",""disk-edge-on_yes_fraction"":""0.9375""}","{""0"":""https://panoptes-uploads.zooniverse.org/subject_location/50a9119a-f679-49c3-90cc-35f0556512d7.jpeg"",""1"":""https://panoptes-uploads.zooniverse.org/subject_location/38fc00d0-49ca-4e29-8054-523f03a6170b.jpeg""}",0,,,2026-02-13 08:18:48 UTC,2026-02-13 08:18:48 UTC
117538561,31802,31221,134321,"{""redshift"":""0.1000000014901161"",""object_id"":""2690430461674476729"",""contour_image"":""102160058_2690430461674476729_gz_arcsinh_vis_y_contour.jpg"",""original_image"":""102160058_2690430461674476729_gz_arcsinh_vis_y.jpg"",""disk-edge-on_yes_fraction"":""0.98095703""}","{""0"":""https://panoptes-uploads.zooniverse.org/subject_location/0fff0ddc-e33e-435d-9433-7f6c9981be43.jpeg"",""1"":""https://panoptes-uploads.zooniverse.org/subject_location/cfd33915-8a7f-40cc-9a30-fdb123ea1fec.jpeg""}",0,,,2026-02-13 08:18:48 UTC,2026-02-13 08:18:48 UTC
117538562,31802,31221,134321,"{""redshift"":""0.1199999973177909"",""object_id"":""-565602952481196224"",""contour_image"":""102021490_NEG565602952481196224_gz_arcsinh_vis_y_contour.jpg"",""original_image"":""102021490_NEG565602952481196224_gz_arcsinh_vis_y.jpg"",""disk-edge-on_yes_fraction"":""0.9785156""}","{""0"":""https://panoptes-uploads.zooniverse.org/subject_location/25446eb0-c832-424d-8ded-8f66413d048e.jpeg"",""1"":""https://panoptes-uploads.zooniverse.org/subject_location/5ec14a83-ca60-4f96-b0da-350737376ef3.jpeg""}",0,,,2026-02-13 08:18:49 UTC,2026-02-13 08:18:49 UTC
117538563,31802,31221,134321,"{""redshift"":""0.1899999976158142"",""object_id"":""-532784587288934104"",""contour_image"":""102042916_NEG532784587288934104_gz_arcsinh_vis_y_contour.jpg"",""original_image"":""102042916_NEG532784587288934104_gz_arcsinh_vis_y.jpg"",""disk-edge-on_yes_fraction"":""0.98535156""}","{""0"":""https://panoptes-uploads.zooniverse.org/subject_location/2348ef79-300c-4754-8fd1-09713ef10056.jpeg"",""1"":""https://panoptes-uploads.zooniverse.org/subject_location/7cefa83e-a021-4bfe-a0a3-507e3cf9db62.jpeg""}",0,,,2026-02-13 08:18:49 UTC,2026-02-13 08:18:49 UTC
117538564,31802,31221,134321,"{""redshift"":""0.0799999982118606"",""object_id"":""2643469172667382850"",""contour_image"":""102159482_2643469172667382850_gz_arcsinh_vis_y_contour.jpg"",""original_image"":""102159482_2643469172667382850_gz_arcsinh_vis_y.jpg"",""disk-edge-on_yes_fraction"":""0.8886719""}","{""0"":""https://panoptes-uploads.zooniverse.org/subject_location/9d9583c4-04f6-4e63-a844-f399661daa3b.jpeg"",""1"":""https://panoptes-uploads.zooniverse.org/subject_location/b643cc6e-0a24-4571-93c1-defd6d269c35.jpeg""}",0,,,2026-02-13 08:18:50 UTC,2026-02-13 08:18:50 UTC
117538565,31802,31221,134321,"{""redshift"":""0.2000000029802322"",""object_id"":""-649861420473201153"",""contour_image"":""102021990_NEG649861420473201153_gz_arcsinh_vis_y_contour.jpg"",""original_image"":""102021990_NEG649861420473201153_gz_arcsinh_vis_y.jpg"",""disk-edge-on_yes_fraction"":""0.95654297""}","{""0"":""https://panoptes-uploads.zooniverse.org/subject_location/81292570-7d71-49d4-a1a5-0578334f4e05.jpeg"",""1"":""https://panoptes-uploads.zooniverse.org/subject_location/2bd2a0ed-e23f-427b-bb6d-efa755b2354b.jpeg""}",0,,,2026-02-13 08:18:50 UTC,2026-02-13 08:18:50 UTC
117538566,31802,31221,134321,"{""redshift"":""0.0900000035762786"",""object_id"":""2679093592667163472"",""contour_image"":""102159485_2679093592667163472_gz_arcsinh_vis_y_contour.jpg"",""original_image"":""102159485_2679093592667163472_gz_arcsinh_vis_y.jpg"",""disk-edge-on_yes_fraction"":""0.9638672""}","{""0"":""https://panoptes-uploads.zooniverse.org/subject_location/328f9344-a9e4-43a8-ae13-6a0adbaa0bde.jpeg"",""1"":""https://panoptes-uploads.zooniverse.org/subject_location/95b7b37a-0915-42a2-9b01-503b6cbe9a6f.jpeg""}",0,,,2026-02-13 08:18:51 UTC,2026-02-13 08:18:51 UTC
117538567,31802,31221,134321,"{""redshift"":""0.2199999988079071"",""object_id"":""-667865162467563272"",""contour_image"":""102022485_NEG667865162467563272_gz_arcsinh_vis_y_contour.jpg"",""original_image"":""102022485_NEG667865162467563272_gz_arcsinh_vis_y.jpg"",""disk-edge-on_yes_fraction"":""0.8979492""}","{""0"":""https://panoptes-uploads.zooniverse.org/subject_location/49215153-2cae-42de-8085-6c4c78622a9c.jpeg"",""1"":""https://panoptes-uploads.zooniverse.org/subject_location/536e9c34-3b11-4e82-b29e-fdf6d64f6857.jpeg""}",0,,,2026-02-13 08:18:51 UTC,2026-02-13 08:18:51 UTC
117538568,31802,31221,134321,"{""redshift"":""0.0900000035762786"",""object_id"":""2697060664638078409"",""contour_image"":""102157956_2697060664638078409_gz_arcsinh_vis_y_contour.jpg"",""original_image"":""102157956_2697060664638078409_gz_arcsinh_vis_y.jpg"",""disk-edge-on_yes_fraction"":""0.94628906""}","{""0"":""https://panoptes-uploads.zooniverse.org/subject_location/fcf5f882-6a41-4da9-9efb-7737deda40fd.jpeg"",""1"":""https://panoptes-uploads.zooniverse.org/subject_location/1308092d-a225-4e3c-bc21-090c00965a30.jpeg""}",0,,,2026-02-13 08:18:52 UTC,2026-02-13 08:18:52 UTC
117538569,31802,31221,134321,"{""redshift"":""0.1199999973177909"",""object_id"":""2665653014646998346"",""contour_image"":""102158271_2665653014646998346_gz_arcsinh_vis_y_contour.jpg"",""original_image"":""102158271_2665653014646998346_gz_arcsinh_vis_y.jpg"",""disk-edge-on_yes_fraction"":""0.9692383""}","{""0"":""https://panoptes-uploads.zooniverse.org/subject_location/40bf8a46-3c88-4e33-b736-3f1dd3fcbec2.jpeg"",""1"":""https://panoptes-uploads.zooniverse.org/subject_location/79a569c1-f15a-4c4e-8aa2-2eeecf49e6de.jpeg""}",0,,,2026-02-13 08:18:52 UTC,2026-02-13 08:18:52 UTC
117538570,31802,31221,134321,"{""redshift"":""0.2899999916553497"",""object_id"":""-657655855466281508"",""contour_image"":""102022980_NEG657655855466281508_gz_arcsinh_vis_y_contour.jpg"",""original_image"":""102022980_NEG657655855466281508_gz_arcsinh_vis_y.jpg"",""disk-edge-on_yes_fraction"":""0.81396484""}","{""0"":""https://panoptes-uploads.zooniverse.org/subject_location/3f02b810-9c40-432c-a36c-3ebdb2b7efef.jpeg"",""1"":""https://panoptes-uploads.zooniverse.org/subject_location/998452a2-d43b-455e-bac4-64faee0ed353.jpeg""}",0,,,2026-02-13 08:18:53 UTC,2026-02-13 08:18:53 UTC
117538571,31802,31221,134321,"{""redshift"":""0.2300000041723251"",""object_id"":""-601850776468584793"",""contour_image"":""102022476_NEG601850776468584793_gz_arcsinh_vis_y_contour.jpg"",""original_image"":""102022476_NEG601850776468584793_gz_arcsinh_vis_y.jpg"",""disk-edge-on_yes_fraction"":""0.9580078""}","{""0"":""https://panoptes-uploads.zooniverse.org/subject_location/e65f36ff-e4bf-44fb-be41-1f49da48c233.jpeg"",""1"":""https://panoptes-uploads.zooniverse.org/subject_location/e8daeefd-64e2-4f76-887a-20862deb5050.jpeg""}",0,,,2026-02-13 08:18:53 UTC,2026-02-13 08:18:53 UTC
117538572,31802,31221,134321,"{""redshift"":""0.0799999982118606"",""object_id"":""2649454503672891725"",""contour_image"":""102160055_2649454503672891725_gz_arcsinh_vis_y_contour.jpg"",""original_image"":""102160055_2649454503672891725_gz_arcsinh_vis_y.jpg"",""disk-edge-on_yes_fraction"":""0.95214844""}","{""0"":""https://panoptes-uploads.zooniverse.org/subject_location/2b23c750-7619-42d2-864f-1f63546d6b28.jpeg"",""1"":""https://panoptes-uploads.zooniverse.org/subject_location/2c03fbff-c1df-4ed9-8551-0a44593d943b.jpeg""}",0,,,2026-02-13 08:18:54 UTC,2026-02-13 08:18:54 UTC
117538573,31802,31221,134321,"{""redshift"":""0.25"",""object_id"":""-613438043485893589"",""contour_image"":""102021014_NEG613438043485893589_gz_arcsinh_vis_y_contour.jpg"",""original_image"":""102021014_NEG613438043485893589_gz_arcsinh_vis_y.jpg"",""disk-edge-on_yes_fraction"":""0.9824219""}","{""0"":""https://panoptes-uploads.zooniverse.org/subject_location/b5709102-94da-443a-879e-5616aa47706a.jpeg"",""1"":""https://panoptes-uploads.zooniverse.org/subject_location/a8c6473c-e673-42d3-9df7-04ebe5ff7d1d.jpeg""}",0,,,2026-02-13 08:18:54 UTC,2026-02-13 08:18:54 UTC
117538574,31802,31221,134321,"{""redshift"":""0.1899999976158142"",""object_id"":""2706910915683520660"",""contour_image"":""102160609_2706910915683520660_gz_arcsinh_vis_y_contour.jpg"",""original_image"":""102160609_2706910915683520660_gz_arcsinh_vis_y.jpg"",""disk-edge-on_yes_fraction"":""0.91503906""}","{""0"":""https://panoptes-uploads.zooniverse.org/subject_location/26a5ea85-1a43-47b6-bc91-8006d3a90190.jpeg"",""1"":""https://panoptes-uploads.zooniverse.org/subject_location/477ee245-3121-4d66-bb09-f2af18ff9a00.jpeg""}",0,,,2026-02-13 08:18:55 UTC,2026-02-13 08:18:55 UTC
117538575,31802,31221,134321,"{""redshift"":""0.25"",""object_id"":""-638154624471384849"",""contour_image"":""102022481_NEG638154624471384849_gz_arcsinh_vis_y_contour.jpg"",""original_image"":""102022481_NEG638154624471384849_gz_arcsinh_vis_y.jpg"",""disk-edge-on_yes_fraction"":""0.9848633""}","{""0"":""https://panoptes-uploads.zooniverse.org/subject_location/fa4e914e-e093-4bbd-9206-e474599173c0.jpeg"",""1"":""https://panoptes-uploads.zooniverse.org/subject_location/5563d658-c09f-42fd-be1c-9a66e0e3048a.jpeg""}",0,,,2026-02-13 08:18:55 UTC,2026-02-13 08:18:55 UTC
117538576,31802,31221,134321,"{""redshift"":""0.1299999952316284"",""object_id"":""-654434885469993612"",""contour_image"":""102022483_NEG654434885469993612_gz_arcsinh_vis_y_contour.jpg"",""original_image"":""102022483_NEG654434885469993612_gz_arcsinh_vis_y.jpg"",""disk-edge-on_yes_fraction"":""0.9614258""}","{""0"":""https://panoptes-uploads.zooniverse.org/subject_location/59d86316-8102-46c1-996a-d4dac8b389ba.jpeg"",""1"":""https://panoptes-uploads.zooniverse.org/subject_location/acc9953e-0583-4ab3-bee7-59e3aa3ef145.jpeg""}",0,,,2026-02-13 08:18:56 UTC,2026-02-13 08:18:56 UTC
117538577,31802,31221,134321,"{""redshift"":""0.1500000059604644"",""object_id"":""2667259377678081882"",""contour_image"":""102160334_2667259377678081882_gz_arcsinh_vis_y_contour.jpg"",""original_image"":""102160334_2667259377678081882_gz_arcsinh_vis_y.jpg"",""disk-edge-on_yes_fraction"":""0.8769531""}","{""0"":""https://panoptes-uploads.zooniverse.org/subject_location/43866b51-f577-41d3-80a2-334d6265ae28.jpeg"",""1"":""https://panoptes-uploads.zooniverse.org/subject_location/6b6a398a-63a3-4827-83fa-b30a614e71ce.jpeg""}",0,,,2026-02-13 08:18:56 UTC,2026-02-13 08:18:56 UTC
117538578,31802,31221,134321,"{""redshift"":""0.2199999988079071"",""object_id"":""2635228176653603086"",""contour_image"":""102158886_2635228176653603086_gz_arcsinh_vis_y_contour.jpg"",""original_image"":""102158886_2635228176653603086_gz_arcsinh_vis_y.jpg"",""disk-edge-on_yes_fraction"":""0.97802734""}","{""0"":""https://panoptes-uploads.zooniverse.org/subject_location/65733a94-f949-4ae8-bb8d-a9ff3b7034a6.jpeg"",""1"":""https://panoptes-uploads.zooniverse.org/subject_location/50a54dc5-1f95-4f2d-8b10-fcc33512653f.jpeg""}",0,,,2026-02-13 08:18:57 UTC,2026-02-13 08:18:57 UTC
117538579,31802,31221,134321,"{""redshift"":""0.1700000017881393"",""object_id"":""2669846549664363640"",""contour_image"":""102159484_2669846549664363640_gz_arcsinh_vis_y_contour.jpg"",""original_image"":""102159484_2669846549664363640_gz_arcsinh_vis_y.jpg"",""disk-edge-on_yes_fraction"":""0.9814453""}","{""0"":""https://panoptes-uploads.zooniverse.org/subject_location/2d0aeef9-c9b5-4a97-95b6-d53f7cc3f85c.jpeg"",""1"":""https://panoptes-uploads.zooniverse.org/subject_location/8c407ddb-1a4a-4817-90df-392a4ff3742f.jpeg""}",0,,,2026-02-13 08:18:57 UTC,2026-02-13 08:18:57 UTC
117538580,31802,31221,134321,"{""redshift"":""0.1800000071525573"",""object_id"":""2743335972662888848"",""contour_image"":""102159490_2743335972662888848_gz_arcsinh_vis_y_contour.jpg"",""original_image"":""102159490_2743335972662888848_gz_arcsinh_vis_y.jpg"",""disk-edge-on_yes_fraction"":""0.9746094""}","{""0"":""https://panoptes-uploads.zooniverse.org/subject_location/dd5f430c-f5ff-4f31-9dd7-caf87ff4d57e.jpeg"",""1"":""https://panoptes-uploads.zooniverse.org/subject_location/d644c0d9-bce9-47a2-bb47-c49827da9fdd.jpeg""}",0,,,2026-02-13 08:18:58 UTC,2026-02-13 08:18:58 UTC
117538581,31802,31221,134321,"{""redshift"":""0.25"",""object_id"":""-516707994283267679"",""contour_image"":""102043546_NEG516707994283267679_gz_arcsinh_vis_y_contour.jpg"",""original_image"":""102043546_NEG516707994283267679_gz_arcsinh_vis_y.jpg"",""disk-edge-on_yes_fraction"":""0.97753906""}","{""0"":""https://panoptes-uploads.zooniverse.org/subject_location/b07773fc-f063-4bf9-8fd5-2fc97e75dd81.jpeg"",""1"":""https://panoptes-uploads.zooniverse.org/subject_location/f90a23d4-8ed6-49bb-bd37-e95813b3c7ba.jpeg""}",0,,,2026-02-13 08:18:58 UTC,2026-02-13 08:18:58 UTC
117538582,31802,31221,134321,"{""redshift"":""0.050000000745058"",""object_id"":""2712954591638348288"",""contour_image"":""102157957_2712954591638348288_gz_arcsinh_vis_y_contour.jpg"",""original_image"":""102157957_2712954591638348288_gz_arcsinh_vis_y.jpg"",""disk-edge-on_yes_fraction"":""0.96533203""}","{""0"":""https://panoptes-uploads.zooniverse.org/subject_location/2b087df1-882a-457a-9443-8bedaffaf888.jpeg"",""1"":""https://panoptes-uploads.zooniverse.org/subject_location/3575e7af-8493-458d-b4b9-de77a4b5ff1c.jpeg""}",0,,,2026-02-13 08:18:59 UTC,2026-02-13 08:18:59 UTC
117538583,31802,31221,134321,"{""redshift"":""0.25"",""object_id"":""-557019634497369168"",""contour_image"":""102020054_NEG557019634497369168_gz_arcsinh_vis_y_contour.jpg"",""original_image"":""102020054_NEG557019634497369168_gz_arcsinh_vis_y.jpg"",""disk-edge-on_yes_fraction"":""0.9863281""}","{""0"":""https://panoptes-uploads.zooniverse.org/subject_location/2a69ffc0-1058-4a27-8468-5ae2073b0e5f.jpeg"",""1"":""https://panoptes-uploads.zooniverse.org/subject_location/83c9fda4-dd7e-4b86-960b-79d676ac0a97.jpeg""}",0,,,2026-02-13 08:18:59 UTC,2026-02-13 08:18:59 UTC
117538584,31802,31221,134321,"{""redshift"":""0.270000010728836"",""object_id"":""-618259798486352385"",""contour_image"":""102021015_NEG618259798486352385_gz_arcsinh_vis_y_contour.jpg"",""original_image"":""102021015_NEG618259798486352385_gz_arcsinh_vis_y.jpg"",""disk-edge-on_yes_fraction"":""0.9458008""}","{""0"":""https://panoptes-uploads.zooniverse.org/subject_location/930dfc98-2563-46de-9454-b611603ed869.jpeg"",""1"":""https://panoptes-uploads.zooniverse.org/subject_location/64631ef6-9682-4093-8761-ad68243134a0.jpeg""}",0,,,2026-02-13 08:19:00 UTC,2026-02-13 08:19:00 UTC
117538585,31802,31221,134321,"{""redshift"":""0.1899999976158142"",""object_id"":""-530148108273682751"",""contour_image"":""102044824_NEG530148108273682751_gz_arcsinh_vis_y_contour.jpg"",""original_image"":""102044824_NEG530148108273682751_gz_arcsinh_vis_y.jpg"",""disk-edge-on_yes_fraction"":""0.98095703""}","{""0"":""https://panoptes-uploads.zooniverse.org/subject_location/da9d86c3-173d-487f-83f7-8162f71a06bb.jpeg"",""1"":""https://panoptes-uploads.zooniverse.org/subject_location/b89ad571-77d6-4610-ab57-67e564059291.jpeg""}",0,,,2026-02-13 08:19:00 UTC,2026-02-13 08:19:00 UTC
117538586,31802,31221,134321,"{""redshift"":""0.0799999982118606"",""object_id"":""2632407372653842597"",""contour_image"":""102158885_2632407372653842597_gz_arcsinh_vis_y_contour.jpg"",""original_image"":""102158885_2632407372653842597_gz_arcsinh_vis_y.jpg"",""disk-edge-on_yes_fraction"":""0.90185547""}","{""0"":""https://panoptes-uploads.zooniverse.org/subject_location/d3ef9a37-e74e-4936-8842-5e18c6414189.jpeg"",""1"":""https://panoptes-uploads.zooniverse.org/subject_location/238e5d07-c9eb-4e42-b1e2-ee97d312b51a.jpeg""}",0,,,2026-02-13 08:19:01 UTC,2026-02-13 08:19:01 UTC
117538587,31802,31221,134321,"{""redshift"":""0.2800000011920929"",""object_id"":""-531950198299035481"",""contour_image"":""102041658_NEG531950198299035481_gz_arcsinh_vis_y_contour.jpg"",""original_image"":""102041658_NEG531950198299035481_gz_arcsinh_vis_y.jpg"",""disk-edge-on_yes_fraction"":""0.9663086""}","{""0"":""https://panoptes-uploads.zooniverse.org/subject_location/9ce981a2-b1ae-470e-b9b0-98c95d2d2107.jpeg"",""1"":""https://panoptes-uploads.zooniverse.org/subject_location/2f2f3a22-c48f-4577-ae78-eff8b78ffd16.jpeg""}",0,,,2026-02-13 08:19:01 UTC,2026-02-13 08:19:01 UTC
117538588,31802,31221,134321,"{""redshift"":""0.1599999964237213"",""object_id"":""-615273618470292198"",""contour_image"":""102022478_NEG615273618470292198_gz_arcsinh_vis_y_contour.jpg"",""original_image"":""102022478_NEG615273618470292198_gz_arcsinh_vis_y.jpg"",""disk-edge-on_yes_fraction"":""0.93896484""}","{""0"":""https://panoptes-uploads.zooniverse.org/subject_location/0968cdd4-d04f-4a6f-ae2d-5c1ef81283bf.jpeg"",""1"":""https://panoptes-uploads.zooniverse.org/subject_location/405e82a9-017a-4274-805f-f946bed7008a.jpeg""}",0,,,2026-02-13 08:19:02 UTC,2026-02-13 08:19:02 UTC
117538589,31802,31221,134321,"{""redshift"":""0.2399999946355819"",""object_id"":""-526282776276055662"",""contour_image"":""102044824_NEG526282776276055662_gz_arcsinh_vis_y_contour.jpg"",""original_image"":""102044824_NEG526282776276055662_gz_arcsinh_vis_y.jpg"",""disk-edge-on_yes_fraction"":""0.9824219""}","{""0"":""https://panoptes-uploads.zooniverse.org/subject_location/16af6574-745f-407a-b45d-65ec7814b330.jpeg"",""1"":""https://panoptes-uploads.zooniverse.org/subject_location/5a794a24-5619-4299-b7dc-c95721ebfe16.jpeg""}",0,,,2026-02-13 08:19:02 UTC,2026-02-13 08:19:02 UTC
117538590,31802,31221,134321,"{""redshift"":""0.209999993443489"",""object_id"":""-655075725479003801"",""contour_image"":""102021503_NEG655075725479003801_gz_arcsinh_vis_y_contour.jpg"",""original_image"":""102021503_NEG655075725479003801_gz_arcsinh_vis_y.jpg"",""disk-edge-on_yes_fraction"":""0.98046875""}","{""0"":""https://panoptes-uploads.zooniverse.org/subject_location/d8eed5eb-579f-4a8a-b111-05e94a6765f5.jpeg"",""1"":""https://panoptes-uploads.zooniverse.org/subject_location/aa18bd54-f401-4f88-96a1-fd84d2913824.jpeg""}",0,,,2026-02-13 08:19:03 UTC,2026-02-13 08:19:03 UTC
117538591,31802,31221,134321,"{""redshift"":""0.1800000071525573"",""object_id"":""-539262780267539134"",""contour_image"":""102045469_NEG539262780267539134_gz_arcsinh_vis_y_contour.jpg"",""original_image"":""102045469_NEG539262780267539134_gz_arcsinh_vis_y.jpg"",""disk-edge-on_yes_fraction"":""0.85595703""}","{""0"":""https://panoptes-uploads.zooniverse.org/subject_location/5da5c530-d952-49b3-886b-60ecad4b5b2c.jpeg"",""1"":""https://panoptes-uploads.zooniverse.org/subject_location/b6e6bcdb-8390-42f6-b64a-ad2291481808.jpeg""}",0,,,2026-02-13 08:19:03 UTC,2026-02-13 08:19:03 UTC
117538592,31802,31221,134321,"{""redshift"":""0.0099999997764825"",""object_id"":""2676969857639904078"",""contour_image"":""102157954_2676969857639904078_gz_arcsinh_vis_y_contour.jpg"",""original_image"":""102157954_2676969857639904078_gz_arcsinh_vis_y.jpg"",""disk-edge-on_yes_fraction"":""0.9609375""}","{""0"":""https://panoptes-uploads.zooniverse.org/subject_location/5baa3303-5ae6-4748-a71e-e4c8360c5d41.jpeg"",""1"":""https://panoptes-uploads.zooniverse.org/subject_location/5d6b8008-3e3e-409a-9fd2-f4485bd25cc0.jpeg""}",0,,,2026-02-13 08:19:04 UTC,2026-02-13 08:19:04 UTC
117538593,31802,31221,134321,"{""redshift"":""0.1800000071525573"",""object_id"":""-526917069285197313"",""contour_image"":""102043548_NEG526917069285197313_gz_arcsinh_vis_y_contour.jpg"",""original_image"":""102043548_NEG526917069285197313_gz_arcsinh_vis_y.jpg"",""disk-edge-on_yes_fraction"":""0.9794922""}","{""0"":""https://panoptes-uploads.zooniverse.org/subject_location/c5961372-9f0d-430c-bf55-94c56d4c9b14.jpeg"",""1"":""https://panoptes-uploads.zooniverse.org/subject_location/81d42769-a0b5-47f1-825f-cdc4973eb3b8.jpeg""}",0,,,2026-02-13 08:19:05 UTC,2026-02-13 08:19:05 UTC
117538594,31802,31221,134321,"{""redshift"":""0.2800000011920929"",""object_id"":""-540723686279277063"",""contour_image"":""102044187_NEG540723686279277063_gz_arcsinh_vis_y_contour.jpg"",""original_image"":""102044187_NEG540723686279277063_gz_arcsinh_vis_y.jpg"",""disk-edge-on_yes_fraction"":""0.97998047""}","{""0"":""https://panoptes-uploads.zooniverse.org/subject_location/66350442-8c35-48e9-9541-ddfc2ef15c8c.jpeg"",""1"":""https://panoptes-uploads.zooniverse.org/subject_location/6d2f5448-eeeb-4e12-8f55-f5fad4cab6c9.jpeg""}",0,,,2026-02-13 08:19:05 UTC,2026-02-13 08:19:05 UTC
117538595,31802,31221,134321,"{""redshift"":""0.1500000059604644"",""object_id"":""2703072903684125950"",""contour_image"":""102160609_2703072903684125950_gz_arcsinh_vis_y_contour.jpg"",""original_image"":""102160609_2703072903684125950_gz_arcsinh_vis_y.jpg"",""disk-edge-on_yes_fraction"":""0.9785156""}","{""0"":""https://panoptes-uploads.zooniverse.org/subject_location/b742d823-1b6b-43e4-9686-d5c7c9fe95a8.jpeg"",""1"":""https://panoptes-uploads.zooniverse.org/subject_location/59a5d688-a5a9-43c1-9dfd-2f8279d52713.jpeg""}",0,,,2026-02-13 08:19:06 UTC,2026-02-13 08:19:06 UTC
117538596,31802,31221,134321,"{""redshift"":""0.2800000011920929"",""object_id"":""-598544560497547811"",""contour_image"":""102019591_NEG598544560497547811_gz_arcsinh_vis_y_contour.jpg"",""original_image"":""102019591_NEG598544560497547811_gz_arcsinh_vis_y.jpg"",""disk-edge-on_yes_fraction"":""0.9379883""}","{""0"":""https://panoptes-uploads.zooniverse.org/subject_location/d8a48abb-0f26-4a91-af9c-593804a5053c.jpeg"",""1"":""https://panoptes-uploads.zooniverse.org/subject_location/cbfc2628-ed24-42bd-8291-72b5d672a87e.jpeg""}",0,,,2026-02-13 08:19:06 UTC,2026-02-13 08:19:06 UTC
117538597,31802,31221,134321,"{""redshift"":""0.1899999976158142"",""object_id"":""-596421349494626237"",""contour_image"":""102020059_NEG596421349494626237_gz_arcsinh_vis_y_contour.jpg"",""original_image"":""102020059_NEG596421349494626237_gz_arcsinh_vis_y.jpg"",""disk-edge-on_yes_fraction"":""0.9614258""}","{""0"":""https://panoptes-uploads.zooniverse.org/subject_location/57d99fb5-41b1-4370-a3c8-a93ebd437d0e.jpeg"",""1"":""https://panoptes-uploads.zooniverse.org/subject_location/a9214290-9cb7-4dd5-b28f-95ec27700c97.jpeg""}",0,,,2026-02-13 08:19:07 UTC,2026-02-13 08:19:07 UTC
117538598,31802,31221,134321,"{""redshift"":""0.0799999982118606"",""object_id"":""2664087642652769048"",""contour_image"":""102158888_2664087642652769048_gz_arcsinh_vis_y_contour.jpg"",""original_image"":""102158888_2664087642652769048_gz_arcsinh_vis_y.jpg"",""disk-edge-on_yes_fraction"":""0.9824219""}","{""0"":""https://panoptes-uploads.zooniverse.org/subject_location/53e27c01-266f-4246-8d82-42229d3938ab.jpeg"",""1"":""https://panoptes-uploads.zooniverse.org/subject_location/3f85e311-a22a-4ba4-8436-32a4c6f57973.jpeg""}",0,,,2026-02-13 08:19:07 UTC,2026-02-13 08:19:07 UTC
117538599,31802,31221,134321,"{""redshift"":""0.0799999982118606"",""object_id"":""2683892216664670994"",""contour_image"":""102159485_2683892216664670994_gz_arcsinh_vis_y_contour.jpg"",""original_image"":""102159485_2683892216664670994_gz_arcsinh_vis_y.jpg"",""disk-edge-on_yes_fraction"":""0.9760742""}","{""0"":""https://panoptes-uploads.zooniverse.org/subject_location/7e7fe7db-d256-4fd1-9d29-202593c2ba94.jpeg"",""1"":""https://panoptes-uploads.zooniverse.org/subject_location/f6473357-cd2c-41ae-b58d-ebb5a04c8d33.jpeg""}",0,,,2026-02-13 08:19:08 UTC,2026-02-13 08:19:08 UTC
117538600,31802,31221,134321,"{""redshift"":""0.1099999994039535"",""object_id"":""2696772818683422211"",""contour_image"":""102160608_2696772818683422211_gz_arcsinh_vis_y_contour.jpg"",""original_image"":""102160608_2696772818683422211_gz_arcsinh_vis_y.jpg"",""disk-edge-on_yes_fraction"":""0.98291016""}","{""0"":""https://panoptes-uploads.zooniverse.org/subject_location/39a2f809-a53d-440a-bdd1-c9ef60360bf6.jpeg"",""1"":""https://panoptes-uploads.zooniverse.org/subject_location/1a5ac133-eb06-41c9-ab88-b5cb89e4762f.jpeg""}",0,,,2026-02-13 08:19:08 UTC,2026-02-13 08:19:08 UTC
117538601,31802,31221,134321,"{""redshift"":""0.2000000029802322"",""object_id"":""2668035670668909053"",""contour_image"":""102159773_2668035670668909053_gz_arcsinh_vis_y_contour.jpg"",""original_image"":""102159773_2668035670668909053_gz_arcsinh_vis_y.jpg"",""disk-edge-on_yes_fraction"":""0.92089844""}","{""0"":""https://panoptes-uploads.zooniverse.org/subject_location/531c3907-5ed6-4795-807d-ea228402f5ed.jpeg"",""1"":""https://panoptes-uploads.zooniverse.org/subject_location/47ab7c7a-b57b-42c5-8f0a-49661edbfc3e.jpeg""}",0,,,2026-02-13 08:19:09 UTC,2026-02-13 08:19:09 UTC
117538602,31802,31221,134321,"{""redshift"":""0.209999993443489"",""object_id"":""-543312657286064253"",""contour_image"":""102043551_NEG543312657286064253_gz_arcsinh_vis_y_contour.jpg"",""original_image"":""102043551_NEG543312657286064253_gz_arcsinh_vis_y.jpg"",""disk-edge-on_yes_fraction"":""0.98291016""}","{""0"":""https://panoptes-uploads.zooniverse.org/subject_location/f8e33ce2-942c-41f8-9b27-4fbfb8b2a21f.jpeg"",""1"":""https://panoptes-uploads.zooniverse.org/subject_location/ee64a609-5ac5-412a-a98c-c7d886fe93f2.jpeg""}",0,,,2026-02-13 08:19:09 UTC,2026-02-13 08:19:09 UTC
117538603,31802,31221,134321,"{""redshift"":""0.1400000005960464"",""object_id"":""-533733927293787600"",""contour_image"":""102042285_NEG533733927293787600_gz_arcsinh_vis_y_contour.jpg"",""original_image"":""102042285_NEG533733927293787600_gz_arcsinh_vis_y.jpg"",""disk-edge-on_yes_fraction"":""0.98095703""}","{""0"":""https://panoptes-uploads.zooniverse.org/subject_location/ca2cbe19-e2b9-49b2-ab57-d63fbb710798.jpeg"",""1"":""https://panoptes-uploads.zooniverse.org/subject_location/8f3b93a8-a468-4d28-92ee-e134cf888705.jpeg""}",0,,,2026-02-13 08:19:10 UTC,2026-02-13 08:19:10 UTC
117538604,31802,31221,134321,"{""redshift"":""0.1800000071525573"",""object_id"":""-535649875296404603"",""contour_image"":""102042286_NEG535649875296404603_gz_arcsinh_vis_y_contour.jpg"",""original_image"":""102042286_NEG535649875296404603_gz_arcsinh_vis_y.jpg"",""disk-edge-on_yes_fraction"":""0.9814453""}","{""0"":""https://panoptes-uploads.zooniverse.org/subject_location/a473483e-61e8-4864-966b-3dd70bb1e5a5.jpeg"",""1"":""https://panoptes-uploads.zooniverse.org/subject_location/6b89b15f-2fa5-438c-9e45-8c8a9d5026df.jpeg""}",0,,,2026-02-13 08:19:10 UTC,2026-02-13 08:19:10 UTC
117538605,31802,31221,134321,"{""redshift"":""0.0799999982118606"",""object_id"":""2668644174641139370"",""contour_image"":""102157953_2668644174641139370_gz_arcsinh_vis_y_contour.jpg"",""original_image"":""102157953_2668644174641139370_gz_arcsinh_vis_y.jpg"",""disk-edge-on_yes_fraction"":""0.9658203""}","{""0"":""https://panoptes-uploads.zooniverse.org/subject_location/e8317ccf-0c55-4825-8ab7-7154df72cf65.jpeg"",""1"":""https://panoptes-uploads.zooniverse.org/subject_location/f12ca038-ba28-4923-8afc-bebccbc7b293.jpeg""}",0,,,2026-02-13 08:19:11 UTC,2026-02-13 08:19:11 UTC
117538606,31802,31221,134321,"{""redshift"":""0.1599999964237213"",""object_id"":""-574181250479165072"",""contour_image"":""102021492_NEG574181250479165072_gz_arcsinh_vis_y_contour.jpg"",""original_image"":""102021492_NEG574181250479165072_gz_arcsinh_vis_y.jpg"",""disk-edge-on_yes_fraction"":""0.89990234""}","{""0"":""https://panoptes-uploads.zooniverse.org/subject_location/e4ab27d7-ade4-4e4f-bf42-3aeb33a22362.jpeg"",""1"":""https://panoptes-uploads.zooniverse.org/subject_location/062d8280-e13a-4ab2-ac7e-5c29bc1dd022.jpeg""}",0,,,2026-02-13 08:19:11 UTC,2026-02-13 08:19:11 UTC
117538607,31802,31221,134321,"{""redshift"":""0.2199999988079071"",""object_id"":""-580836013485159343"",""contour_image"":""102021010_NEG580836013485159343_gz_arcsinh_vis_y_contour.jpg"",""original_image"":""102021010_NEG580836013485159343_gz_arcsinh_vis_y.jpg"",""disk-edge-on_yes_fraction"":""0.98046875""}","{""0"":""https://panoptes-uploads.zooniverse.org/subject_location/a88659e1-db55-47e4-ba87-8f6489af977f.jpeg"",""1"":""https://panoptes-uploads.zooniverse.org/subject_location/49015cd9-46d5-493c-900f-b3b666e63cfb.jpeg""}",0,,,2026-02-13 08:19:12 UTC,2026-02-13 08:19:12 UTC
117538608,31802,31221,134321,"{""redshift"":""0.1199999973177909"",""object_id"":""-667696197472811788"",""contour_image"":""102021992_NEG667696197472811788_gz_arcsinh_vis_y_contour.jpg"",""original_image"":""102021992_NEG667696197472811788_gz_arcsinh_vis_y.jpg"",""disk-edge-on_yes_fraction"":""0.9633789""}","{""0"":""https://panoptes-uploads.zooniverse.org/subject_location/e99d3699-e0e9-47af-8f65-774a6602e73c.jpeg"",""1"":""https://panoptes-uploads.zooniverse.org/subject_location/2a042b8a-95c7-4fbd-9ff2-ecbfda586343.jpeg""}",0,,,2026-02-13 08:19:12 UTC,2026-02-13 08:19:12 UTC
117538609,31802,31221,134321,"{""redshift"":""0.1500000059604644"",""object_id"":""-547114998278448781"",""contour_image"":""102044188_NEG547114998278448781_gz_arcsinh_vis_y_contour.jpg"",""original_image"":""102044188_NEG547114998278448781_gz_arcsinh_vis_y.jpg"",""disk-edge-on_yes_fraction"":""0.95214844""}","{""0"":""https://panoptes-uploads.zooniverse.org/subject_location/29b5043e-a5ea-4a77-b03e-eaffab48298e.jpeg"",""1"":""https://panoptes-uploads.zooniverse.org/subject_location/7850f5e3-67e8-4257-ad5d-ece30ba8c186.jpeg""}",0,,,2026-02-13 08:19:13 UTC,2026-02-13 08:19:13 UTC
117538610,31802,31221,134321,"{""redshift"":""0.2000000029802322"",""object_id"":""-650737887463086878"",""contour_image"":""102022979_NEG650737887463086878_gz_arcsinh_vis_y_contour.jpg"",""original_image"":""102022979_NEG650737887463086878_gz_arcsinh_vis_y.jpg"",""disk-edge-on_yes_fraction"":""0.98583984""}","{""0"":""https://panoptes-uploads.zooniverse.org/subject_location/e61f6281-3df8-46a3-97d6-6affe973803c.jpeg"",""1"":""https://panoptes-uploads.zooniverse.org/subject_location/38bf5887-dd36-4807-8fb4-13cc8b153fb6.jpeg""}",0,,,2026-02-13 08:19:13 UTC,2026-02-13 08:19:13 UTC
117538611,31802,31221,134321,"{""redshift"":""0.1700000017881393"",""object_id"":""-646604791464461505"",""contour_image"":""102022979_NEG646604791464461505_gz_arcsinh_vis_y_contour.jpg"",""original_image"":""102022979_NEG646604791464461505_gz_arcsinh_vis_y.jpg"",""disk-edge-on_yes_fraction"":""0.9736328""}","{""0"":""https://panoptes-uploads.zooniverse.org/subject_location/896ea041-75d7-404d-8e60-3375ae7fff59.jpeg"",""1"":""https://panoptes-uploads.zooniverse.org/subject_location/2d6409c7-b0c7-4390-b8e1-75e8ca95039d.jpeg""}",0,,,2026-02-13 08:19:14 UTC,2026-02-13 08:19:14 UTC
117538612,31802,31221,134321,"{""redshift"":""0.2899999916553497"",""object_id"":""2752271828649706265"",""contour_image"":""102158590_2752271828649706265_gz_arcsinh_vis_y_contour.jpg"",""original_image"":""102158590_2752271828649706265_gz_arcsinh_vis_y.jpg"",""disk-edge-on_yes_fraction"":""0.9550781""}","{""0"":""https://panoptes-uploads.zooniverse.org/subject_location/6fdf0e46-eb25-4363-a0a7-a1714226c292.jpeg"",""1"":""https://panoptes-uploads.zooniverse.org/subject_location/67da8271-0b9f-4d51-b3de-bfd4f3d1adc8.jpeg""}",0,,,2026-02-13 08:19:14 UTC,2026-02-13 08:19:14 UTC
117538613,31802,31221,134321,"{""redshift"":""0.1199999973177909"",""object_id"":""2662477525679742971"",""contour_image"":""102160334_2662477525679742971_gz_arcsinh_vis_y_contour.jpg"",""original_image"":""102160334_2662477525679742971_gz_arcsinh_vis_y.jpg"",""disk-edge-on_yes_fraction"":""0.88720703""}","{""0"":""https://panoptes-uploads.zooniverse.org/subject_location/bba85262-fc06-4b56-9b27-0f20ef97785f.jpeg"",""1"":""https://panoptes-uploads.zooniverse.org/subject_location/bdc3dff5-e2f5-439d-8519-1e96fa0df877.jpeg""}",0,,,2026-02-13 08:19:15 UTC,2026-02-13 08:19:15 UTC
117538614,31802,31221,134321,"{""redshift"":""0.2399999946355819"",""object_id"":""2684687714646419582"",""contour_image"":""102158272_2684687714646419582_gz_arcsinh_vis_y_contour.jpg"",""original_image"":""102158272_2684687714646419582_gz_arcsinh_vis_y.jpg"",""disk-edge-on_yes_fraction"":""0.9770508""}","{""0"":""https://panoptes-uploads.zooniverse.org/subject_location/99722e0b-ca4f-41c3-b148-5b31b2553550.jpeg"",""1"":""https://panoptes-uploads.zooniverse.org/subject_location/705bf1f9-f769-49ee-8489-51859e4e597b.jpeg""}",0,,,2026-02-13 08:19:15 UTC,2026-02-13 08:19:15 UTC
117538615,31802,31221,134321,"{""redshift"":""0.1899999976158142"",""object_id"":""-664021747467336348"",""contour_image"":""102022981_NEG664021747467336348_gz_arcsinh_vis_y_contour.jpg"",""original_image"":""102022981_NEG664021747467336348_gz_arcsinh_vis_y.jpg"",""disk-edge-on_yes_fraction"":""0.9667969""}","{""0"":""https://panoptes-uploads.zooniverse.org/subject_location/06c7778f-8850-4db8-8717-3177a6654972.jpeg"",""1"":""https://panoptes-uploads.zooniverse.org/subject_location/3b2b3fb4-1e92-4f87-b28e-5fd6354471b7.jpeg""}",0,,,2026-02-13 08:19:16 UTC,2026-02-13 08:19:16 UTC
117538616,31802,31221,134321,"{""redshift"":""0.2199999988079071"",""object_id"":""-609825993490461082"",""contour_image"":""102020535_NEG609825993490461082_gz_arcsinh_vis_y_contour.jpg"",""original_image"":""102020535_NEG609825993490461082_gz_arcsinh_vis_y.jpg"",""disk-edge-on_yes_fraction"":""0.90283203""}","{""0"":""https://panoptes-uploads.zooniverse.org/subject_location/ce13f755-d311-47aa-ae8b-aa075ab82264.jpeg"",""1"":""https://panoptes-uploads.zooniverse.org/subject_location/767f0df3-f3f3-414d-9711-755b8b8d2f92.jpeg""}",0,,,2026-02-13 08:19:16 UTC,2026-02-13 08:19:16 UTC
117538617,31802,31221,134321,"{""redshift"":""0.270000010728836"",""object_id"":""-585229465505555197"",""contour_image"":""102019125_NEG585229465505555197_gz_arcsinh_vis_y_contour.jpg"",""original_image"":""102019125_NEG585229465505555197_gz_arcsinh_vis_y.jpg"",""disk-edge-on_yes_fraction"":""0.98583984""}","{""0"":""https://panoptes-uploads.zooniverse.org/subject_location/897539db-bb72-4a14-a3dc-f781f8ffd35e.jpeg"",""1"":""https://panoptes-uploads.zooniverse.org/subject_location/2faf5bfb-1a3f-4f22-b754-c5756b9ef52f.jpeg""}",0,,,2026-02-13 08:19:17 UTC,2026-02-13 08:19:17 UTC
117538618,31802,31221,134321,"{""redshift"":""0.2800000011920929"",""object_id"":""2657100087654724893"",""contour_image"":""102158888_2657100087654724893_gz_arcsinh_vis_y_contour.jpg"",""original_image"":""102158888_2657100087654724893_gz_arcsinh_vis_y.jpg"",""disk-edge-on_yes_fraction"":""0.9584961""}","{""0"":""https://panoptes-uploads.zooniverse.org/subject_location/28bbc978-7322-483e-ab16-551b646d22b3.jpeg"",""1"":""https://panoptes-uploads.zooniverse.org/subject_location/570e2a8d-b703-46ca-9bbb-975d032abeec.jpeg""}",0,,,2026-02-13 08:19:17 UTC,2026-02-13 08:19:17 UTC
117538619,31802,31221,134321,"{""redshift"":""0.1500000059604644"",""object_id"":""-641708148459400482"",""contour_image"":""102023480_NEG641708148459400482_gz_arcsinh_vis_y_contour.jpg"",""original_image"":""102023480_NEG641708148459400482_gz_arcsinh_vis_y.jpg"",""disk-edge-on_yes_fraction"":""0.8847656""}","{""0"":""https://panoptes-uploads.zooniverse.org/subject_location/869339e6-2092-45a9-8136-2b57d5f4edbf.jpeg"",""1"":""https://panoptes-uploads.zooniverse.org/subject_location/78de8b9b-abbe-4c7c-9470-731bf00ca4ac.jpeg""}",0,,,2026-02-13 08:19:18 UTC,2026-02-13 08:19:18 UTC
117538620,31802,31221,134321,"{""redshift"":""0.1199999973177909"",""object_id"":""2630746103653739262"",""contour_image"":""102158885_2630746103653739262_gz_arcsinh_vis_y_contour.jpg"",""original_image"":""102158885_2630746103653739262_gz_arcsinh_vis_y.jpg"",""disk-edge-on_yes_fraction"":""0.93408203""}","{""0"":""https://panoptes-uploads.zooniverse.org/subject_location/368eea58-2fd3-4f78-88d8-5a15b969d5d5.jpeg"",""1"":""https://panoptes-uploads.zooniverse.org/subject_location/e8810151-f1ed-426d-ba7e-db98789de5cb.jpeg""}",0,,,2026-02-13 08:19:18 UTC,2026-02-13 08:19:18 UTC
117538621,31802,31221,134321,"{""redshift"":""0.1500000059604644"",""object_id"":""-547629102294050322"",""contour_image"":""102042288_NEG547629102294050322_gz_arcsinh_vis_y_contour.jpg"",""original_image"":""102042288_NEG547629102294050322_gz_arcsinh_vis_y.jpg"",""disk-edge-on_yes_fraction"":""0.9448242""}","{""0"":""https://panoptes-uploads.zooniverse.org/subject_location/ec2ede84-7e24-4a8a-acc7-74c349f471d4.jpeg"",""1"":""https://panoptes-uploads.zooniverse.org/subject_location/2f2eac5d-d2b9-42af-98d9-c2d2abbdcc35.jpeg""}",0,,,2026-02-13 08:19:19 UTC,2026-02-13 08:19:19 UTC
117538622,31802,31221,134321,"{""redshift"":""0.2599999904632568"",""object_id"":""-627766833454869238"",""contour_image"":""102023984_NEG627766833454869238_gz_arcsinh_vis_y_contour.jpg"",""original_image"":""102023984_NEG627766833454869238_gz_arcsinh_vis_y.jpg"",""disk-edge-on_yes_fraction"":""0.93359375""}","{""0"":""https://panoptes-uploads.zooniverse.org/subject_location/5f87c62e-ecf1-4c0f-ab57-0a3df9f25920.jpeg"",""1"":""https://panoptes-uploads.zooniverse.org/subject_location/ddef7904-6f09-4d7d-828d-1ef5c8763afc.jpeg""}",0,,,2026-02-13 08:19:20 UTC,2026-02-13 08:19:20 UTC
117538623,31802,31221,134321,"{""redshift"":""0.2300000041723251"",""object_id"":""-539975304277914222"",""contour_image"":""102044187_NEG539975304277914222_gz_arcsinh_vis_y_contour.jpg"",""original_image"":""102044187_NEG539975304277914222_gz_arcsinh_vis_y.jpg"",""disk-edge-on_yes_fraction"":""0.98095703""}","{""0"":""https://panoptes-uploads.zooniverse.org/subject_location/399c6809-dc6b-418a-b129-0c2361af152b.jpeg"",""1"":""https://panoptes-uploads.zooniverse.org/subject_location/48b4d49d-eb4d-43c1-aa20-2c3c92268bb8.jpeg""}",0,,,2026-02-13 08:19:20 UTC,2026-02-13 08:19:20 UTC
117538624,31802,31221,134321,"{""redshift"":""0.2399999946355819"",""object_id"":""-618714893479253515"",""contour_image"":""102021498_NEG618714893479253515_gz_arcsinh_vis_y_contour.jpg"",""original_image"":""102021498_NEG618714893479253515_gz_arcsinh_vis_y.jpg"",""disk-edge-on_yes_fraction"":""0.9814453""}","{""0"":""https://panoptes-uploads.zooniverse.org/subject_location/d805a7ec-6488-4de5-9069-ed0af8b6fd3f.jpeg"",""1"":""https://panoptes-uploads.zooniverse.org/subject_location/ef820c3a-c3ef-43c6-bbec-7ef1510fa375.jpeg""}",0,,,2026-02-13 08:19:21 UTC,2026-02-13 08:19:21 UTC
117538625,31802,31221,134321,"{""redshift"":""0.1599999964237213"",""object_id"":""-600751781501621790"",""contour_image"":""102019591_NEG600751781501621790_gz_arcsinh_vis_y_contour.jpg"",""original_image"":""102019591_NEG600751781501621790_gz_arcsinh_vis_y.jpg"",""disk-edge-on_yes_fraction"":""0.97802734""}","{""0"":""https://panoptes-uploads.zooniverse.org/subject_location/4165db35-9e31-437b-a8fe-54934578bac1.jpeg"",""1"":""https://panoptes-uploads.zooniverse.org/subject_location/768af2f5-139e-48e0-a122-8f507eadf5c4.jpeg""}",0,,,2026-02-13 08:19:21 UTC,2026-02-13 08:19:21 UTC
117538626,31802,31221,134321,"{""redshift"":""0.25"",""object_id"":""-620422804498827872"",""contour_image"":""102019594_NEG620422804498827872_gz_arcsinh_vis_y_contour.jpg"",""original_image"":""102019594_NEG620422804498827872_gz_arcsinh_vis_y.jpg"",""disk-edge-on_yes_fraction"":""0.94384766""}","{""0"":""https://panoptes-uploads.zooniverse.org/subject_location/4dc3deda-501f-46fb-9c19-b13619700695.jpeg"",""1"":""https://panoptes-uploads.zooniverse.org/subject_location/749a22f4-01cf-4e32-aa9f-6df606cb2561.jpeg""}",0,,,2026-02-13 08:19:22 UTC,2026-02-13 08:19:22 UTC
117538627,31802,31221,134321,"{""redshift"":""0.1299999952316284"",""object_id"":""2726220920642018608"",""contour_image"":""102157958_2726220920642018608_gz_arcsinh_vis_y_contour.jpg"",""original_image"":""102157958_2726220920642018608_gz_arcsinh_vis_y.jpg"",""disk-edge-on_yes_fraction"":""0.9863281""}","{""0"":""https://panoptes-uploads.zooniverse.org/subject_location/5d8f09cd-a078-4480-ab53-0670f84ef1fe.jpeg"",""1"":""https://panoptes-uploads.zooniverse.org/subject_location/26edf207-590c-49c2-ada1-93b5dae82215.jpeg""}",0,,,2026-02-13 08:19:23 UTC,2026-02-13 08:19:23 UTC
117538628,31802,31221,134321,"{""redshift"":""0.2899999916553497"",""object_id"":""2676897182678597133"",""contour_image"":""102160335_2676897182678597133_gz_arcsinh_vis_y_contour.jpg"",""original_image"":""102160335_2676897182678597133_gz_arcsinh_vis_y.jpg"",""disk-edge-on_yes_fraction"":""0.97998047""}","{""0"":""https://panoptes-uploads.zooniverse.org/subject_location/38eb9e03-15c6-41a9-8cda-7304f023d605.jpeg"",""1"":""https://panoptes-uploads.zooniverse.org/subject_location/23e7bcf8-032a-47b6-855d-d65cb2438049.jpeg""}",0,,,2026-02-13 08:19:23 UTC,2026-02-13 08:19:23 UTC
117538629,31802,31221,134321,"{""redshift"":""0.2000000029802322"",""object_id"":""-604801837509525750"",""contour_image"":""102018669_NEG604801837509525750_gz_arcsinh_vis_y_contour.jpg"",""original_image"":""102018669_NEG604801837509525750_gz_arcsinh_vis_y.jpg"",""disk-edge-on_yes_fraction"":""0.9863281""}","{""0"":""https://panoptes-uploads.zooniverse.org/subject_location/80b78618-97a9-4306-85cd-73ad4bbb32a7.jpeg"",""1"":""https://panoptes-uploads.zooniverse.org/subject_location/bd91887b-82a1-4396-ad3e-9a283bd88587.jpeg""}",0,,,2026-02-13 08:19:24 UTC,2026-02-13 08:19:24 UTC
117538630,31802,31221,134321,"{""redshift"":""0.1800000071525573"",""object_id"":""-518661500266669480"",""contour_image"":""102046110_NEG518661500266669480_gz_arcsinh_vis_y_contour.jpg"",""original_image"":""102046110_NEG518661500266669480_gz_arcsinh_vis_y.jpg"",""disk-edge-on_yes_fraction"":""0.9663086""}","{""0"":""https://panoptes-uploads.zooniverse.org/subject_location/f59ad4c0-1089-4803-afa6-65dea90dd52c.jpeg"",""1"":""https://panoptes-uploads.zooniverse.org/subject_location/ce70e2ae-5bec-4fab-bc77-f1f31868bec7.jpeg""}",0,,,2026-02-13 08:19:24 UTC,2026-02-13 08:19:24 UTC
117538631,31802,31221,134321,"{""redshift"":""0.1400000005960464"",""object_id"":""-526014690284854569"",""contour_image"":""102043548_NEG526014690284854569_gz_arcsinh_vis_y_contour.jpg"",""original_image"":""102043548_NEG526014690284854569_gz_arcsinh_vis_y.jpg"",""disk-edge-on_yes_fraction"":""0.95996094""}","{""0"":""https://panoptes-uploads.zooniverse.org/subject_location/a8d65b80-5157-4c60-b3f5-0a4d113fcc74.jpeg"",""1"":""https://panoptes-uploads.zooniverse.org/subject_location/2e450e71-b805-4d16-9965-49b473577edb.jpeg""}",0,,,2026-02-13 08:19:25 UTC,2026-02-13 08:19:25 UTC
117538632,31802,31221,134321,"{""redshift"":""0.1599999964237213"",""object_id"":""-572582729481776394"",""contour_image"":""102021491_NEG572582729481776394_gz_arcsinh_vis_y_contour.jpg"",""original_image"":""102021491_NEG572582729481776394_gz_arcsinh_vis_y.jpg"",""disk-edge-on_yes_fraction"":""0.8330078""}","{""0"":""https://panoptes-uploads.zooniverse.org/subject_location/de9133c2-0330-44db-88a0-e02eba64d9d7.jpeg"",""1"":""https://panoptes-uploads.zooniverse.org/subject_location/ca3304f0-f43c-48cb-b8f1-12a837d184d7.jpeg""}",0,,,2026-02-13 08:19:25 UTC,2026-02-13 08:19:25 UTC
117538633,31802,31221,134321,"{""redshift"":""0.2599999904632568"",""object_id"":""-612441613502870074"",""contour_image"":""102019129_NEG612441613502870074_gz_arcsinh_vis_y_contour.jpg"",""original_image"":""102019129_NEG612441613502870074_gz_arcsinh_vis_y.jpg"",""disk-edge-on_yes_fraction"":""0.9526367""}","{""0"":""https://panoptes-uploads.zooniverse.org/subject_location/bda2ddff-e7af-4856-a24e-ca33e2840a01.jpeg"",""1"":""https://panoptes-uploads.zooniverse.org/subject_location/21754649-57fb-4f8a-b86b-263d7a91d87d.jpeg""}",0,,,2026-02-13 08:19:26 UTC,2026-02-13 08:19:26 UTC
117538634,31802,31221,134321,"{""redshift"":""0.1700000017881393"",""object_id"":""2695503769676753649"",""contour_image"":""102160059_2695503769676753649_gz_arcsinh_vis_y_contour.jpg"",""original_image"":""102160059_2695503769676753649_gz_arcsinh_vis_y.jpg"",""disk-edge-on_yes_fraction"":""0.9814453""}","{""0"":""https://panoptes-uploads.zooniverse.org/subject_location/b3b00e60-da1a-4b3d-aff6-fea5802b390c.jpeg"",""1"":""https://panoptes-uploads.zooniverse.org/subject_location/c8b4ee80-a07a-489b-96ab-8e765f67064c.jpeg""}",0,,,2026-02-13 08:19:26 UTC,2026-02-13 08:19:26 UTC
117538635,31802,31221,134321,"{""redshift"":""0.1599999964237213"",""object_id"":""-534100920279583503"",""contour_image"":""102044186_NEG534100920279583503_gz_arcsinh_vis_y_contour.jpg"",""original_image"":""102044186_NEG534100920279583503_gz_arcsinh_vis_y.jpg"",""disk-edge-on_yes_fraction"":""0.97802734""}","{""0"":""https://panoptes-uploads.zooniverse.org/subject_location/7ff62c7b-6de2-4b41-84e7-50a74c3a8f3b.jpeg"",""1"":""https://panoptes-uploads.zooniverse.org/subject_location/e47a3127-579f-4520-9b7f-4629a027c4a4.jpeg""}",0,,,2026-02-13 08:19:27 UTC,2026-02-13 08:19:27 UTC
117538636,31802,31221,134321,"{""redshift"":""0.1299999952316284"",""object_id"":""-538385663286600392"",""contour_image"":""102043550_NEG538385663286600392_gz_arcsinh_vis_y_contour.jpg"",""original_image"":""102043550_NEG538385663286600392_gz_arcsinh_vis_y.jpg"",""disk-edge-on_yes_fraction"":""0.9394531""}","{""0"":""https://panoptes-uploads.zooniverse.org/subject_location/23216c77-50f5-45f9-bb44-310cc8e442a5.jpeg"",""1"":""https://panoptes-uploads.zooniverse.org/subject_location/85bef432-306d-4170-a912-a9e6f9527019.jpeg""}",0,,,2026-02-13 08:19:27 UTC,2026-02-13 08:19:27 UTC
117538637,31802,31221,134321,"{""redshift"":""0.209999993443489"",""object_id"":""2744271308646586638"",""contour_image"":""102158278_2744271308646586638_gz_arcsinh_vis_y_contour.jpg"",""original_image"":""102158278_2744271308646586638_gz_arcsinh_vis_y.jpg"",""disk-edge-on_yes_fraction"":""0.89208984""}","{""0"":""https://panoptes-uploads.zooniverse.org/subject_location/e5b452fb-11e8-4eef-9cc7-fbc44e2dda88.jpeg"",""1"":""https://panoptes-uploads.zooniverse.org/subject_location/c48f5360-1d68-47f7-9e8a-f28006f728e0.jpeg""}",0,,,2026-02-13 08:19:28 UTC,2026-02-13 08:19:28 UTC
117538638,31802,31221,134321,"{""redshift"":""0.1899999976158142"",""object_id"":""-643013971460578726"",""contour_image"":""102023480_NEG643013971460578726_gz_arcsinh_vis_y_contour.jpg"",""original_image"":""102023480_NEG643013971460578726_gz_arcsinh_vis_y.jpg"",""disk-edge-on_yes_fraction"":""0.89160156""}","{""0"":""https://panoptes-uploads.zooniverse.org/subject_location/b28c03d3-fb19-4e7a-a819-4a7554739b97.jpeg"",""1"":""https://panoptes-uploads.zooniverse.org/subject_location/9e4baa30-e176-4be2-805c-7aec00dac19e.jpeg""}",0,,,2026-02-13 08:19:28 UTC,2026-02-13 08:19:28 UTC
117538639,31802,31221,134321,"{""redshift"":""0.1700000017881393"",""object_id"":""-650935449461215279"",""contour_image"":""102023481_NEG650935449461215279_gz_arcsinh_vis_y_contour.jpg"",""original_image"":""102023481_NEG650935449461215279_gz_arcsinh_vis_y.jpg"",""disk-edge-on_yes_fraction"":""0.98095703""}","{""0"":""https://panoptes-uploads.zooniverse.org/subject_location/cc5648be-b54d-4e0b-9edd-1328467312a0.jpeg"",""1"":""https://panoptes-uploads.zooniverse.org/subject_location/bc44c05e-a51c-4359-8fc9-324340fb09bc.jpeg""}",0,,,2026-02-13 08:19:29 UTC,2026-02-13 08:19:29 UTC
117538640,31802,31221,134321,"{""redshift"":""0.2899999916553497"",""object_id"":""2711238595647086423"",""contour_image"":""102158275_2711238595647086423_gz_arcsinh_vis_y_contour.jpg"",""original_image"":""102158275_2711238595647086423_gz_arcsinh_vis_y.jpg"",""disk-edge-on_yes_fraction"":""0.95703125""}","{""0"":""https://panoptes-uploads.zooniverse.org/subject_location/7ba8425f-1fe0-462f-8dba-117c247a774e.jpeg"",""1"":""https://panoptes-uploads.zooniverse.org/subject_location/cf6f7907-be4c-4db8-b5b4-9f976fe66524.jpeg""}",0,,,2026-02-13 08:19:29 UTC,2026-02-13 08:19:29 UTC
117538641,31802,31221,134321,"{""redshift"":""0.2000000029802322"",""object_id"":""-522513906300252887"",""contour_image"":""102041656_NEG522513906300252887_gz_arcsinh_vis_y_contour.jpg"",""original_image"":""102041656_NEG522513906300252887_gz_arcsinh_vis_y.jpg"",""disk-edge-on_yes_fraction"":""0.98583984""}","{""0"":""https://panoptes-uploads.zooniverse.org/subject_location/95c45f2e-26bd-4e22-83a6-0746409977cd.jpeg"",""1"":""https://panoptes-uploads.zooniverse.org/subject_location/0c6ef339-d5ef-44cb-9aea-827896d647b3.jpeg""}",0,,,2026-02-13 08:19:30 UTC,2026-02-13 08:19:30 UTC
117538642,31802,31221,134321,"{""redshift"":""0.270000010728836"",""object_id"":""2701337936640134156"",""contour_image"":""102157956_2701337936640134156_gz_arcsinh_vis_y_contour.jpg"",""original_image"":""102157956_2701337936640134156_gz_arcsinh_vis_y.jpg"",""disk-edge-on_yes_fraction"":""0.9838867""}","{""0"":""https://panoptes-uploads.zooniverse.org/subject_location/4c4cae9a-470b-4aa1-b881-74783ffa2841.jpeg"",""1"":""https://panoptes-uploads.zooniverse.org/subject_location/00936c1f-a0c2-47ef-88fe-77dfc05a2678.jpeg""}",0,,,2026-02-13 08:19:30 UTC,2026-02-13 08:19:30 UTC
117538643,31802,31221,134321,"{""redshift"":""0.2899999916553497"",""object_id"":""-623787975494928735"",""contour_image"":""102020063_NEG623787975494928735_gz_arcsinh_vis_y_contour.jpg"",""original_image"":""102020063_NEG623787975494928735_gz_arcsinh_vis_y.jpg"",""disk-edge-on_yes_fraction"":""0.83447266""}","{""0"":""https://panoptes-uploads.zooniverse.org/subject_location/12d6350f-8117-4d29-a84e-0e67db5a9cd1.jpeg"",""1"":""https://panoptes-uploads.zooniverse.org/subject_location/1c51d545-41db-4234-b039-e15a981a29b9.jpeg""}",0,,,2026-02-13 08:19:31 UTC,2026-02-13 08:19:31 UTC
117538644,31802,31221,134321,"{""redshift"":""0.0700000002980232"",""object_id"":""2749812013658242520"",""contour_image"":""102159196_2749812013658242520_gz_arcsinh_vis_y_contour.jpg"",""original_image"":""102159196_2749812013658242520_gz_arcsinh_vis_y.jpg"",""disk-edge-on_yes_fraction"":""0.9770508""}","{""0"":""https://panoptes-uploads.zooniverse.org/subject_location/81241795-3c29-47d1-be5d-f03a65ffdaa8.jpeg"",""1"":""https://panoptes-uploads.zooniverse.org/subject_location/0ddce594-0430-4fb3-a70e-2046aacfddff.jpeg""}",0,,,2026-02-13 08:19:31 UTC,2026-02-13 08:19:31 UTC
117538645,31802,31221,134321,"{""redshift"":""0.2199999988079071"",""object_id"":""-598162260466307031"",""contour_image"":""102022972_NEG598162260466307031_gz_arcsinh_vis_y_contour.jpg"",""original_image"":""102022972_NEG598162260466307031_gz_arcsinh_vis_y.jpg"",""disk-edge-on_yes_fraction"":""0.86816406""}","{""0"":""https://panoptes-uploads.zooniverse.org/subject_location/81d691be-0b3e-45ed-a443-d7880c69657e.jpeg"",""1"":""https://panoptes-uploads.zooniverse.org/subject_location/40d7621e-a1ca-434d-9ac0-fba7e64f40f5.jpeg""}",0,,,2026-02-13 08:19:32 UTC,2026-02-13 08:19:32 UTC
117538646,31802,31221,134321,"{""redshift"":""0.25"",""object_id"":""-662775328466714908"",""contour_image"":""102022981_NEG662775328466714908_gz_arcsinh_vis_y_contour.jpg"",""original_image"":""102022981_NEG662775328466714908_gz_arcsinh_vis_y.jpg"",""disk-edge-on_yes_fraction"":""0.8701172""}","{""0"":""https://panoptes-uploads.zooniverse.org/subject_location/70c8d9ec-1043-4ba2-ae6a-850bf7c135dc.jpeg"",""1"":""https://panoptes-uploads.zooniverse.org/subject_location/64cd0a2f-98b2-4a4b-bf9a-7cc226f9b0eb.jpeg""}",0,,,2026-02-13 08:19:32 UTC,2026-02-13 08:19:32 UTC
117538647,31802,31221,134321,"{""redshift"":""0.2399999946355819"",""object_id"":""-581707916486528110"",""contour_image"":""102021010_NEG581707916486528110_gz_arcsinh_vis_y_contour.jpg"",""original_image"":""102021010_NEG581707916486528110_gz_arcsinh_vis_y.jpg"",""disk-edge-on_yes_fraction"":""0.9267578""}","{""0"":""https://panoptes-uploads.zooniverse.org/subject_location/d7635409-1b1d-4302-84df-a9b1f2268f4a.jpeg"",""1"":""https://panoptes-uploads.zooniverse.org/subject_location/bb468015-6aba-4317-8fbd-8eb02ec44311.jpeg""}",0,,,2026-02-13 08:19:33 UTC,2026-02-13 08:19:33 UTC
117538648,31802,31221,134321,"{""redshift"":""0.1700000017881393"",""object_id"":""2748991552671258070"",""contour_image"":""102159779_2748991552671258070_gz_arcsinh_vis_y_contour.jpg"",""original_image"":""102159779_2748991552671258070_gz_arcsinh_vis_y.jpg"",""disk-edge-on_yes_fraction"":""0.96533203""}","{""0"":""https://panoptes-uploads.zooniverse.org/subject_location/395dfe75-b7ce-426a-997f-2cbf130a93c2.jpeg"",""1"":""https://panoptes-uploads.zooniverse.org/subject_location/cfcdf269-d74f-42f0-b079-eacfca57e6ed.jpeg""}",0,,,2026-02-13 08:19:33 UTC,2026-02-13 08:19:33 UTC
117538649,31802,31221,134321,"{""redshift"":""0.1299999952316284"",""object_id"":""2653351242650082278"",""contour_image"":""102158581_2653351242650082278_gz_arcsinh_vis_y_contour.jpg"",""original_image"":""102158581_2653351242650082278_gz_arcsinh_vis_y.jpg"",""disk-edge-on_yes_fraction"":""0.984375""}","{""0"":""https://panoptes-uploads.zooniverse.org/subject_location/d65d4cf6-4548-482a-bf34-728d5557656a.jpeg"",""1"":""https://panoptes-uploads.zooniverse.org/subject_location/278e1ef2-15d2-4aca-83ab-e770930993de.jpeg""}",0,,,2026-02-13 08:19:34 UTC,2026-02-13 08:19:34 UTC
117538650,31802,31221,134321,"{""redshift"":""0.2800000011920929"",""object_id"":""-604576872486154145"",""contour_image"":""102021013_NEG604576872486154145_gz_arcsinh_vis_y_contour.jpg"",""original_image"":""102021013_NEG604576872486154145_gz_arcsinh_vis_y.jpg"",""disk-edge-on_yes_fraction"":""0.9790039""}","{""0"":""https://panoptes-uploads.zooniverse.org/subject_location/b22692fa-1319-4dc9-afbb-3eab4d2b931b.jpeg"",""1"":""https://panoptes-uploads.zooniverse.org/subject_location/14456060-6321-4c3c-9c02-a14f7931f0d5.jpeg""}",0,,,2026-02-13 08:19:34 UTC,2026-02-13 08:19:34 UTC
117538651,31802,31221,134321,"{""redshift"":""0.270000010728836"",""object_id"":""-540488920269952248"",""contour_image"":""102045469_NEG540488920269952248_gz_arcsinh_vis_y_contour.jpg"",""original_image"":""102045469_NEG540488920269952248_gz_arcsinh_vis_y.jpg"",""disk-edge-on_yes_fraction"":""0.9326172""}","{""0"":""https://panoptes-uploads.zooniverse.org/subject_location/652adfdb-efc2-4446-b0b1-fe9c7dfbb395.jpeg"",""1"":""https://panoptes-uploads.zooniverse.org/subject_location/5475c82a-0000-4213-a29e-8dd9b11786bf.jpeg""}",0,,,2026-02-13 08:19:35 UTC,2026-02-13 08:19:35 UTC
117538652,31802,31221,134321,"{""redshift"":""0.2000000029802322"",""object_id"":""2712957463676594401"",""contour_image"":""102160060_2712957463676594401_gz_arcsinh_vis_y_contour.jpg"",""original_image"":""102160060_2712957463676594401_gz_arcsinh_vis_y.jpg"",""disk-edge-on_yes_fraction"":""0.96435547""}","{""0"":""https://panoptes-uploads.zooniverse.org/subject_location/83e3438e-717d-4987-a6cb-4372f56cb8b7.jpeg"",""1"":""https://panoptes-uploads.zooniverse.org/subject_location/ba61f8e9-cf8f-4402-8d81-50ba0a4393be.jpeg""}",0,,,2026-02-13 08:19:35 UTC,2026-02-13 08:19:35 UTC
117538653,31802,31221,134321,"{""redshift"":""0.1800000071525573"",""object_id"":""-654657152463541819"",""contour_image"":""102022980_NEG654657152463541819_gz_arcsinh_vis_y_contour.jpg"",""original_image"":""102022980_NEG654657152463541819_gz_arcsinh_vis_y.jpg"",""disk-edge-on_yes_fraction"":""0.9423828""}","{""0"":""https://panoptes-uploads.zooniverse.org/subject_location/a9758155-e49f-45bc-890a-a0d8f0dad184.jpeg"",""1"":""https://panoptes-uploads.zooniverse.org/subject_location/2e408ec1-0fd1-4e03-9d74-f6b36d7b791f.jpeg""}",0,,,2026-02-13 08:19:36 UTC,2026-02-13 08:19:36 UTC
117538654,31802,31221,134321,"{""redshift"":""0.2199999988079071"",""object_id"":""2719425538679874776"",""contour_image"":""102160338_2719425538679874776_gz_arcsinh_vis_y_contour.jpg"",""original_image"":""102160338_2719425538679874776_gz_arcsinh_vis_y.jpg"",""disk-edge-on_yes_fraction"":""0.8100586""}","{""0"":""https://panoptes-uploads.zooniverse.org/subject_location/fb6426f4-1a29-4448-a163-0d3728efc93d.jpeg"",""1"":""https://panoptes-uploads.zooniverse.org/subject_location/11adf847-abf1-4019-b648-a2945335337f.jpeg""}",0,,,2026-02-13 08:19:36 UTC,2026-02-13 08:19:36 UTC
117538655,31802,31221,134321,"{""redshift"":""0.0900000035762786"",""object_id"":""2702794016676314841"",""contour_image"":""102160059_2702794016676314841_gz_arcsinh_vis_y_contour.jpg"",""original_image"":""102160059_2702794016676314841_gz_arcsinh_vis_y.jpg"",""disk-edge-on_yes_fraction"":""0.9633789""}","{""0"":""https://panoptes-uploads.zooniverse.org/subject_location/c67dc2cf-85a8-4e0c-b54b-0e88eea88bf9.jpeg"",""1"":""https://panoptes-uploads.zooniverse.org/subject_location/58fc5f19-6731-497f-97f7-3c6d5b3da854.jpeg""}",0,,,2026-02-13 08:19:37 UTC,2026-02-13 08:19:37 UTC
117538656,31802,31221,134321,"{""redshift"":""0.1299999952316284"",""object_id"":""-660728576468306640"",""contour_image"":""102022484_NEG660728576468306640_gz_arcsinh_vis_y_contour.jpg"",""original_image"":""102022484_NEG660728576468306640_gz_arcsinh_vis_y.jpg"",""disk-edge-on_yes_fraction"":""0.98291016""}","{""0"":""https://panoptes-uploads.zooniverse.org/subject_location/69d9f4bc-e20c-47bf-acd4-57038885e62b.jpeg"",""1"":""https://panoptes-uploads.zooniverse.org/subject_location/8168965f-0a39-4835-93a2-bf4bca86f0a2.jpeg""}",0,,,2026-02-13 08:19:37 UTC,2026-02-13 08:19:37 UTC
117538657,31802,31221,134321,"{""redshift"":""0.1700000017881393"",""object_id"":""-657122801478658382"",""contour_image"":""102021503_NEG657122801478658382_gz_arcsinh_vis_y_contour.jpg"",""original_image"":""102021503_NEG657122801478658382_gz_arcsinh_vis_y.jpg"",""disk-edge-on_yes_fraction"":""0.97998047""}","{""0"":""https://panoptes-uploads.zooniverse.org/subject_location/ff2a07e5-62e0-4e67-83ee-0af6f354ed4b.jpeg"",""1"":""https://panoptes-uploads.zooniverse.org/subject_location/39825f78-51bf-4bd4-98ba-6111d1b10601.jpeg""}",0,,,2026-02-13 08:19:38 UTC,2026-02-13 08:19:38 UTC
117538658,31802,31221,134321,"{""redshift"":""0.1299999952316284"",""object_id"":""2749982646652799264"",""contour_image"":""102158895_2749982646652799264_gz_arcsinh_vis_y_contour.jpg"",""original_image"":""102158895_2749982646652799264_gz_arcsinh_vis_y.jpg"",""disk-edge-on_yes_fraction"":""0.9404297""}","{""0"":""https://panoptes-uploads.zooniverse.org/subject_location/230ea0f2-0586-444a-bf4d-2512263f290a.jpeg"",""1"":""https://panoptes-uploads.zooniverse.org/subject_location/b40d7fc9-a6d2-46f5-9dae-fd8bc27f6923.jpeg""}",0,,,2026-02-13 08:19:38 UTC,2026-02-13 08:19:38 UTC
117538659,31802,31221,134321,"{""redshift"":""0.1899999976158142"",""object_id"":""2704257034634066822"",""contour_image"":""102157634_2704257034634066822_gz_arcsinh_vis_y_contour.jpg"",""original_image"":""102157634_2704257034634066822_gz_arcsinh_vis_y.jpg"",""disk-edge-on_yes_fraction"":""0.95751953""}","{""0"":""https://panoptes-uploads.zooniverse.org/subject_location/8a0d8099-f54a-4535-8488-2fc201702663.jpeg"",""1"":""https://panoptes-uploads.zooniverse.org/subject_location/1aebbd29-4187-4125-a597-7de5ecbe0307.jpeg""}",0,,,2026-02-13 08:19:39 UTC,2026-02-13 08:19:39 UTC
117538660,31802,31221,134321,"{""redshift"":""0.270000010728836"",""object_id"":""-612012711471986482"",""contour_image"":""102022477_NEG612012711471986482_gz_arcsinh_vis_y_contour.jpg"",""original_image"":""102022477_NEG612012711471986482_gz_arcsinh_vis_y.jpg"",""disk-edge-on_yes_fraction"":""0.9667969""}","{""0"":""https://panoptes-uploads.zooniverse.org/subject_location/d92130d5-6610-4a86-8022-6404f525c779.jpeg"",""1"":""https://panoptes-uploads.zooniverse.org/subject_location/d43451a4-0bd1-4904-ae0d-fb812ba95624.jpeg""}",0,,,2026-02-13 08:19:39 UTC,2026-02-13 08:19:39 UTC
117538661,31802,31221,134321,"{""redshift"":""0.1800000071525573"",""object_id"":""-635587321458375439"",""contour_image"":""102023479_NEG635587321458375439_gz_arcsinh_vis_y_contour.jpg"",""original_image"":""102023479_NEG635587321458375439_gz_arcsinh_vis_y.jpg"",""disk-edge-on_yes_fraction"":""0.98535156""}","{""0"":""https://panoptes-uploads.zooniverse.org/subject_location/a3fa2d59-e574-4e23-80e0-fc27877e94dc.jpeg"",""1"":""https://panoptes-uploads.zooniverse.org/subject_location/b47dd6c9-3e72-40f5-9b8e-0899e4d8b165.jpeg""}",0,,,2026-02-13 08:19:40 UTC,2026-02-13 08:19:40 UTC
117538662,31802,31221,134321,"{""redshift"":""0.2599999904632568"",""object_id"":""2669876905667686238"",""contour_image"":""102159773_2669876905667686238_gz_arcsinh_vis_y_contour.jpg"",""original_image"":""102159773_2669876905667686238_gz_arcsinh_vis_y.jpg"",""disk-edge-on_yes_fraction"":""0.96728516""}","{""0"":""https://panoptes-uploads.zooniverse.org/subject_location/844cecf2-a87d-49ef-8dad-07e4d38463e2.jpeg"",""1"":""https://panoptes-uploads.zooniverse.org/subject_location/aa0fa2dc-c3ad-45d1-a020-38b1069ed8c0.jpeg""}",0,,,2026-02-13 08:19:40 UTC,2026-02-13 08:19:40 UTC
117538663,31802,31221,134321,"{""redshift"":""0.1000000014901161"",""object_id"":""2733196162682445622"",""contour_image"":""102160339_2733196162682445622_gz_arcsinh_vis_y_contour.jpg"",""original_image"":""102160339_2733196162682445622_gz_arcsinh_vis_y.jpg"",""disk-edge-on_yes_fraction"":""0.9785156""}","{""0"":""https://panoptes-uploads.zooniverse.org/subject_location/608b8180-3138-4e42-98d6-4b8284c01a79.jpeg"",""1"":""https://panoptes-uploads.zooniverse.org/subject_location/1baf9eba-e40b-4a82-bea1-774919e2125b.jpeg""}",0,,,2026-02-13 08:19:41 UTC,2026-02-13 08:19:41 UTC
117538664,31802,31221,134321,"{""redshift"":""0.2300000041723251"",""object_id"":""-639566810471909564"",""contour_image"":""102022481_NEG639566810471909564_gz_arcsinh_vis_y_contour.jpg"",""original_image"":""102022481_NEG639566810471909564_gz_arcsinh_vis_y.jpg"",""disk-edge-on_yes_fraction"":""0.97314453""}","{""0"":""https://panoptes-uploads.zooniverse.org/subject_location/e881011c-12f7-489f-8b7e-c12b61a1de67.jpeg"",""1"":""https://panoptes-uploads.zooniverse.org/subject_location/66d051ed-712b-4e7b-9f6e-a6d2eee77f02.jpeg""}",0,,,2026-02-13 08:19:41 UTC,2026-02-13 08:19:41 UTC
117538665,31802,31221,134321,"{""redshift"":""0.1400000005960464"",""object_id"":""2693158814680374230"",""contour_image"":""102160336_2693158814680374230_gz_arcsinh_vis_y_contour.jpg"",""original_image"":""102160336_2693158814680374230_gz_arcsinh_vis_y.jpg"",""disk-edge-on_yes_fraction"":""0.953125""}","{""0"":""https://panoptes-uploads.zooniverse.org/subject_location/309042a2-8470-487f-b8ca-1fc15c6c701c.jpeg"",""1"":""https://panoptes-uploads.zooniverse.org/subject_location/aeb39c8e-63a5-41ee-9c35-9842be7645e8.jpeg""}",0,,,2026-02-13 08:19:42 UTC,2026-02-13 08:19:42 UTC
117538666,31802,31221,134321,"{""redshift"":""0.1000000014901161"",""object_id"":""2728037519679079219"",""contour_image"":""102160339_2728037519679079219_gz_arcsinh_vis_y_contour.jpg"",""original_image"":""102160339_2728037519679079219_gz_arcsinh_vis_y.jpg"",""disk-edge-on_yes_fraction"":""0.95996094""}","{""0"":""https://panoptes-uploads.zooniverse.org/subject_location/661eca52-37a6-4262-afbb-cd42bf624f5d.jpeg"",""1"":""https://panoptes-uploads.zooniverse.org/subject_location/91110554-97cc-45d0-8c6e-c847b996a59c.jpeg""}",0,,,2026-02-13 08:19:43 UTC,2026-02-13 08:19:43 UTC
117538667,31802,31221,134321,"{""redshift"":""0.1299999952316284"",""object_id"":""2692995130670147048"",""contour_image"":""102159775_2692995130670147048_gz_arcsinh_vis_y_contour.jpg"",""original_image"":""102159775_2692995130670147048_gz_arcsinh_vis_y.jpg"",""disk-edge-on_yes_fraction"":""0.9746094""}","{""0"":""https://panoptes-uploads.zooniverse.org/subject_location/37b379c8-de32-448d-83cf-f13ad145afad.jpeg"",""1"":""https://panoptes-uploads.zooniverse.org/subject_location/ad72c582-3003-4778-a9cd-a5e23efed9ee.jpeg""}",0,,,2026-02-13 08:19:45 UTC,2026-02-13 08:19:45 UTC
117538668,31802,31221,134321,"{""redshift"":""0.2199999988079071"",""object_id"":""-637576362466168993"",""contour_image"":""102022978_NEG637576362466168993_gz_arcsinh_vis_y_contour.jpg"",""original_image"":""102022978_NEG637576362466168993_gz_arcsinh_vis_y.jpg"",""disk-edge-on_yes_fraction"":""0.98779297""}","{""0"":""https://panoptes-uploads.zooniverse.org/subject_location/f9e66b80-00af-4ecd-9895-6a927effd8a7.jpeg"",""1"":""https://panoptes-uploads.zooniverse.org/subject_location/9ab429bf-78e3-46cf-acd5-abd95f697dc3.jpeg""}",0,,,2026-02-13 08:19:45 UTC,2026-02-13 08:19:45 UTC
117538669,31802,31221,134321,"{""redshift"":""0.1800000071525573"",""object_id"":""-634612654455156544"",""contour_image"":""102023985_NEG634612654455156544_gz_arcsinh_vis_y_contour.jpg"",""original_image"":""102023985_NEG634612654455156544_gz_arcsinh_vis_y.jpg"",""disk-edge-on_yes_fraction"":""0.9370117""}","{""0"":""https://panoptes-uploads.zooniverse.org/subject_location/8b8dff37-0dcd-4c3c-a9a9-5872ed921359.jpeg"",""1"":""https://panoptes-uploads.zooniverse.org/subject_location/c25f4c86-9309-4445-bb34-aaf28d3ac303.jpeg""}",0,,,2026-02-13 08:19:46 UTC,2026-02-13 08:19:46 UTC
117538670,31802,31221,134321,"{""redshift"":""0.1299999952316284"",""object_id"":""-599401631475468165"",""contour_image"":""102021983_NEG599401631475468165_gz_arcsinh_vis_y_contour.jpg"",""original_image"":""102021983_NEG599401631475468165_gz_arcsinh_vis_y.jpg"",""disk-edge-on_yes_fraction"":""0.9711914""}","{""0"":""https://panoptes-uploads.zooniverse.org/subject_location/c3cb7a1f-081b-4e9b-b37e-7eeefe70237a.jpeg"",""1"":""https://panoptes-uploads.zooniverse.org/subject_location/07209431-f213-4db7-a19e-44f8d064dc66.jpeg""}",0,,,2026-02-13 08:19:46 UTC,2026-02-13 08:19:46 UTC
117538671,31802,31221,134321,"{""redshift"":""0.2399999946355819"",""object_id"":""2670444620646047615"",""contour_image"":""102158271_2670444620646047615_gz_arcsinh_vis_y_contour.jpg"",""original_image"":""102158271_2670444620646047615_gz_arcsinh_vis_y.jpg"",""disk-edge-on_yes_fraction"":""0.92822266""}","{""0"":""https://panoptes-uploads.zooniverse.org/subject_location/6afb3104-2618-41ea-a32e-1cb20d21ae1e.jpeg"",""1"":""https://panoptes-uploads.zooniverse.org/subject_location/f72f014c-6742-4463-9b25-27e444aa46eb.jpeg""}",0,,,2026-02-13 08:19:47 UTC,2026-02-13 08:19:47 UTC
117538672,31802,31221,134321,"{""redshift"":""0.2300000041723251"",""object_id"":""-659068928485172791"",""contour_image"":""102021020_NEG659068928485172791_gz_arcsinh_vis_y_contour.jpg"",""original_image"":""102021020_NEG659068928485172791_gz_arcsinh_vis_y.jpg"",""disk-edge-on_yes_fraction"":""0.9501953""}","{""0"":""https://panoptes-uploads.zooniverse.org/subject_location/9745e32a-5bde-4135-837a-0a73b3c5f9c1.jpeg"",""1"":""https://panoptes-uploads.zooniverse.org/subject_location/3fc0bbfe-b9db-40d3-ae2a-301607c47bbc.jpeg""}",0,,,2026-02-13 08:19:47 UTC,2026-02-13 08:19:47 UTC
117538673,31802,31221,134321,"{""redshift"":""0.1599999964237213"",""object_id"":""2696351262677185757"",""contour_image"":""102160059_2696351262677185757_gz_arcsinh_vis_y_contour.jpg"",""original_image"":""102160059_2696351262677185757_gz_arcsinh_vis_y.jpg"",""disk-edge-on_yes_fraction"":""0.9223633""}","{""0"":""https://panoptes-uploads.zooniverse.org/subject_location/f4949d84-d5b0-4e9e-ae6c-70e5e338d26a.jpeg"",""1"":""https://panoptes-uploads.zooniverse.org/subject_location/2b5f6acf-0cf1-4a55-9ac1-97cf1f57efd3.jpeg""}",0,,,2026-02-13 08:19:49 UTC,2026-02-13 08:19:49 UTC
117538674,31802,31221,134321,"{""redshift"":""0.270000010728836"",""object_id"":""2730253387662253161"",""contour_image"":""102159194_2730253387662253161_gz_arcsinh_vis_y_contour.jpg"",""original_image"":""102159194_2730253387662253161_gz_arcsinh_vis_y.jpg"",""disk-edge-on_yes_fraction"":""0.83447266""}","{""0"":""https://panoptes-uploads.zooniverse.org/subject_location/20725062-5c56-4801-b6f9-b365716b7056.jpeg"",""1"":""https://panoptes-uploads.zooniverse.org/subject_location/096886c1-f1c8-4891-b41b-650bafd84bf3.jpeg""}",0,,,2026-02-13 08:19:49 UTC,2026-02-13 08:19:49 UTC
117538675,31802,31221,134321,"{""redshift"":""0.1599999964237213"",""object_id"":""2688574319662647393"",""contour_image"":""102159486_2688574319662647393_gz_arcsinh_vis_y_contour.jpg"",""original_image"":""102159486_2688574319662647393_gz_arcsinh_vis_y.jpg"",""disk-edge-on_yes_fraction"":""0.97802734""}","{""0"":""https://panoptes-uploads.zooniverse.org/subject_location/f5516a42-da6b-4e6b-8b27-17bf5edd899d.jpeg"",""1"":""https://panoptes-uploads.zooniverse.org/subject_location/286353d9-10ca-4a7f-b373-9c4db8a958df.jpeg""}",0,,,2026-02-13 08:19:50 UTC,2026-02-13 08:19:50 UTC
117538676,31802,31221,134321,"{""redshift"":""0.270000010728836"",""object_id"":""-622400288499657929"",""contour_image"":""102019594_NEG622400288499657929_gz_arcsinh_vis_y_contour.jpg"",""original_image"":""102019594_NEG622400288499657929_gz_arcsinh_vis_y.jpg"",""disk-edge-on_yes_fraction"":""0.98583984""}","{""0"":""https://panoptes-uploads.zooniverse.org/subject_location/a5d64ffb-62e6-4b47-8a8a-8c33efb7be1d.jpeg"",""1"":""https://panoptes-uploads.zooniverse.org/subject_location/77329ca3-1831-4edb-b7b6-83c40fdc9437.jpeg""}",0,,,2026-02-13 08:19:51 UTC,2026-02-13 08:19:51 UTC
117538677,31802,31221,134321,"{""redshift"":""0.25"",""object_id"":""2697083979653364034"",""contour_image"":""102158891_2697083979653364034_gz_arcsinh_vis_y_contour.jpg"",""original_image"":""102158891_2697083979653364034_gz_arcsinh_vis_y.jpg"",""disk-edge-on_yes_fraction"":""0.97753906""}","{""0"":""https://panoptes-uploads.zooniverse.org/subject_location/b43233e7-aa6a-4d0e-b1d3-55d27a682594.jpeg"",""1"":""https://panoptes-uploads.zooniverse.org/subject_location/04b5f91e-07fe-42c1-b675-093b0875711a.jpeg""}",0,,,2026-02-13 08:19:51 UTC,2026-02-13 08:19:51 UTC
117538678,31802,31221,134321,"{""redshift"":""0.2399999946355819"",""object_id"":""-529544863289916009"",""contour_image"":""102042915_NEG529544863289916009_gz_arcsinh_vis_y_contour.jpg"",""original_image"":""102042915_NEG529544863289916009_gz_arcsinh_vis_y.jpg"",""disk-edge-on_yes_fraction"":""0.9824219""}","{""0"":""https://panoptes-uploads.zooniverse.org/subject_location/04ea9ec4-4598-4aa3-9df7-eaff087ccfbf.jpeg"",""1"":""https://panoptes-uploads.zooniverse.org/subject_location/dff49ae9-c63d-432f-8663-5918988c6a7f.jpeg""}",0,,,2026-02-13 08:19:52 UTC,2026-02-13 08:19:52 UTC
117538679,31802,31221,134321,"{""redshift"":""0.209999993443489"",""object_id"":""-514984377291175809"",""contour_image"":""102042913_NEG514984377291175809_gz_arcsinh_vis_y_contour.jpg"",""original_image"":""102042913_NEG514984377291175809_gz_arcsinh_vis_y.jpg"",""disk-edge-on_yes_fraction"":""0.9326172""}","{""0"":""https://panoptes-uploads.zooniverse.org/subject_location/f319b1da-e2cb-4a9f-a493-09e19b564e13.jpeg"",""1"":""https://panoptes-uploads.zooniverse.org/subject_location/1743ce82-0c5a-46da-9f18-7decbb519eb8.jpeg""}",0,,,2026-02-13 08:19:52 UTC,2026-02-13 08:19:52 UTC
117538680,31802,31221,134321,"{""redshift"":""0.1700000017881393"",""object_id"":""-581209132475877810"",""contour_image"":""102021980_NEG581209132475877810_gz_arcsinh_vis_y_contour.jpg"",""original_image"":""102021980_NEG581209132475877810_gz_arcsinh_vis_y.jpg"",""disk-edge-on_yes_fraction"":""0.9692383""}","{""0"":""https://panoptes-uploads.zooniverse.org/subject_location/8f77e098-2439-4e41-857d-11e435947bbe.jpeg"",""1"":""https://panoptes-uploads.zooniverse.org/subject_location/1fc23994-8e90-4cf4-ad29-78c028a8cb6a.jpeg""}",0,,,2026-02-13 08:19:53 UTC,2026-02-13 08:19:53 UTC
117538681,31802,31221,134321,"{""redshift"":""0.2300000041723251"",""object_id"":""2644158803674754554"",""contour_image"":""102160055_2644158803674754554_gz_arcsinh_vis_y_contour.jpg"",""original_image"":""102160055_2644158803674754554_gz_arcsinh_vis_y.jpg"",""disk-edge-on_yes_fraction"":""0.9873047""}","{""0"":""https://panoptes-uploads.zooniverse.org/subject_location/95af820a-9c75-4a72-ae88-0e907b2e1b9a.jpeg"",""1"":""https://panoptes-uploads.zooniverse.org/subject_location/548512c9-d872-4215-8534-022c02588692.jpeg""}",0,,,2026-02-13 08:19:53 UTC,2026-02-13 08:19:53 UTC
117538682,31802,31221,134321,"{""redshift"":""0.1400000005960464"",""object_id"":""-529558194281081324"",""contour_image"":""102044185_NEG529558194281081324_gz_arcsinh_vis_y_contour.jpg"",""original_image"":""102044185_NEG529558194281081324_gz_arcsinh_vis_y.jpg"",""disk-edge-on_yes_fraction"":""0.9838867""}","{""0"":""https://panoptes-uploads.zooniverse.org/subject_location/d898bfc3-4483-45c7-ac1d-b7f2d0329eab.jpeg"",""1"":""https://panoptes-uploads.zooniverse.org/subject_location/873b25dc-450c-4b35-8d11-62a3f74622ad.jpeg""}",0,,,2026-02-13 08:19:54 UTC,2026-02-13 08:19:54 UTC
117538683,31802,31221,134321,"{""redshift"":""0.25"",""object_id"":""-523216482268772861"",""contour_image"":""102045466_NEG523216482268772861_gz_arcsinh_vis_y_contour.jpg"",""original_image"":""102045466_NEG523216482268772861_gz_arcsinh_vis_y.jpg"",""disk-edge-on_yes_fraction"":""0.8613281""}","{""0"":""https://panoptes-uploads.zooniverse.org/subject_location/10f5d670-14c1-4057-b354-f522e46f0145.jpeg"",""1"":""https://panoptes-uploads.zooniverse.org/subject_location/1d39091f-6877-4501-b950-8ea99b09523c.jpeg""}",0,,,2026-02-13 08:19:54 UTC,2026-02-13 08:19:54 UTC
117538684,31802,31221,134321,"{""redshift"":""0.1400000005960464"",""object_id"":""-627626079480341409"",""contour_image"":""102021499_NEG627626079480341409_gz_arcsinh_vis_y_contour.jpg"",""original_image"":""102021499_NEG627626079480341409_gz_arcsinh_vis_y.jpg"",""disk-edge-on_yes_fraction"":""0.98095703""}","{""0"":""https://panoptes-uploads.zooniverse.org/subject_location/f518d6ef-ecbf-4d9c-a4d9-4c9eafa6df1d.jpeg"",""1"":""https://panoptes-uploads.zooniverse.org/subject_location/8304ad94-be8f-447e-953e-f8a936e8033d.jpeg""}",0,,,2026-02-13 08:19:55 UTC,2026-02-13 08:19:55 UTC
117538685,31802,31221,134321,"{""redshift"":""0.1000000014901161"",""object_id"":""-535917207295201720"",""contour_image"":""102042286_NEG535917207295201720_gz_arcsinh_vis_y_contour.jpg"",""original_image"":""102042286_NEG535917207295201720_gz_arcsinh_vis_y.jpg"",""disk-edge-on_yes_fraction"":""0.94628906""}","{""0"":""https://panoptes-uploads.zooniverse.org/subject_location/9dd288eb-bf8e-4b11-b8e5-d4f8e472e5fb.jpeg"",""1"":""https://panoptes-uploads.zooniverse.org/subject_location/1cab3548-e42d-46b4-8119-a9331b3b05c0.jpeg""}",0,,,2026-02-13 08:19:55 UTC,2026-02-13 08:19:55 UTC
117538686,31802,31221,134321,"{""redshift"":""0.1199999973177909"",""object_id"":""-542949196289279778"",""contour_image"":""102042917_NEG542949196289279778_gz_arcsinh_vis_y_contour.jpg"",""original_image"":""102042917_NEG542949196289279778_gz_arcsinh_vis_y.jpg"",""disk-edge-on_yes_fraction"":""0.91259766""}","{""0"":""https://panoptes-uploads.zooniverse.org/subject_location/453a02c0-4e89-4659-b45c-0d3ccb6878b5.jpeg"",""1"":""https://panoptes-uploads.zooniverse.org/subject_location/4887b8fc-daef-4239-8618-e4242a1596dd.jpeg""}",0,,,2026-02-13 08:19:56 UTC,2026-02-13 08:19:56 UTC
117538687,31802,31221,134321,"{""redshift"":""0.0799999982118606"",""object_id"":""2729003106642129131"",""contour_image"":""102157959_2729003106642129131_gz_arcsinh_vis_y_contour.jpg"",""original_image"":""102157959_2729003106642129131_gz_arcsinh_vis_y.jpg"",""disk-edge-on_yes_fraction"":""0.9663086""}","{""0"":""https://panoptes-uploads.zooniverse.org/subject_location/ac636b7c-4929-49f3-9fbf-29eb683db199.jpeg"",""1"":""https://panoptes-uploads.zooniverse.org/subject_location/df8007f5-5e03-4468-9828-362a1d2d3c5b.jpeg""}",0,,,2026-02-13 08:19:56 UTC,2026-02-13 08:19:56 UTC
117538688,31802,31221,134321,"{""redshift"":""0.1899999976158142"",""object_id"":""2692076187657204759"",""contour_image"":""102158891_2692076187657204759_gz_arcsinh_vis_y_contour.jpg"",""original_image"":""102158891_2692076187657204759_gz_arcsinh_vis_y.jpg"",""disk-edge-on_yes_fraction"":""0.9819336""}","{""0"":""https://panoptes-uploads.zooniverse.org/subject_location/1cefb768-8483-420b-bbc5-5a90e0b92646.jpeg"",""1"":""https://panoptes-uploads.zooniverse.org/subject_location/d69af2c7-3c36-4383-b9d2-ad2ed9391850.jpeg""}",0,,,2026-02-13 08:19:57 UTC,2026-02-13 08:19:57 UTC
117538689,31802,31221,134321,"{""redshift"":""0.1700000017881393"",""object_id"":""-565402937499617239"",""contour_image"":""102019586_NEG565402937499617239_gz_arcsinh_vis_y_contour.jpg"",""original_image"":""102019586_NEG565402937499617239_gz_arcsinh_vis_y.jpg"",""disk-edge-on_yes_fraction"":""0.9814453""}","{""0"":""https://panoptes-uploads.zooniverse.org/subject_location/e1fe6a87-02a2-4b9e-8634-875530eb0463.jpeg"",""1"":""https://panoptes-uploads.zooniverse.org/subject_location/30bd6196-4ec5-4277-95b6-f317dfeda922.jpeg""}",0,,,2026-02-13 08:19:57 UTC,2026-02-13 08:19:57 UTC
117538690,31802,31221,134321,"{""redshift"":""0.1000000014901161"",""object_id"":""2646040682649765708"",""contour_image"":""102158581_2646040682649765708_gz_arcsinh_vis_y_contour.jpg"",""original_image"":""102158581_2646040682649765708_gz_arcsinh_vis_y.jpg"",""disk-edge-on_yes_fraction"":""0.98095703""}","{""0"":""https://panoptes-uploads.zooniverse.org/subject_location/bc1977ff-aa1e-4817-aea5-bb72f87a9473.jpeg"",""1"":""https://panoptes-uploads.zooniverse.org/subject_location/cf6b5330-6a2c-440a-abea-7c4ca21ae0ba.jpeg""}",0,,,2026-02-13 08:19:58 UTC,2026-02-13 08:19:58 UTC
117538691,31802,31221,134321,"{""redshift"":""0.1500000059604644"",""object_id"":""2739244104644165451"",""contour_image"":""102158277_2739244104644165451_gz_arcsinh_vis_y_contour.jpg"",""original_image"":""102158277_2739244104644165451_gz_arcsinh_vis_y.jpg"",""disk-edge-on_yes_fraction"":""0.85058594""}","{""0"":""https://panoptes-uploads.zooniverse.org/subject_location/d960ca86-aaa8-4ff5-a47d-88ca0c930af2.jpeg"",""1"":""https://panoptes-uploads.zooniverse.org/subject_location/a79f1ddc-7b0c-41d6-a39c-5e23ff5ce908.jpeg""}",0,,,2026-02-13 08:19:58 UTC,2026-02-13 08:19:58 UTC
117538692,31802,31221,134321,"{""redshift"":""0.1800000071525573"",""object_id"":""-540652590295422956"",""contour_image"":""102042287_NEG540652590295422956_gz_arcsinh_vis_y_contour.jpg"",""original_image"":""102042287_NEG540652590295422956_gz_arcsinh_vis_y.jpg"",""disk-edge-on_yes_fraction"":""0.97802734""}","{""0"":""https://panoptes-uploads.zooniverse.org/subject_location/4f7fa28e-d0d0-4ebe-a0f8-3cc7d98278c5.jpeg"",""1"":""https://panoptes-uploads.zooniverse.org/subject_location/dd3dac98-bf98-4eac-b486-6db4a2da8eeb.jpeg""}",0,,,2026-02-13 08:19:59 UTC,2026-02-13 08:19:59 UTC
117538693,31802,31221,134321,"{""redshift"":""0.1500000059604644"",""object_id"":""-549350452285491325"",""contour_image"":""102043552_NEG549350452285491325_gz_arcsinh_vis_y_contour.jpg"",""original_image"":""102043552_NEG549350452285491325_gz_arcsinh_vis_y.jpg"",""disk-edge-on_yes_fraction"":""0.9189453""}","{""0"":""https://panoptes-uploads.zooniverse.org/subject_location/606a2147-9a22-4fba-8baf-b74fd50e237f.jpeg"",""1"":""https://panoptes-uploads.zooniverse.org/subject_location/3060e00d-726d-45d8-bf0b-5d30a6f7ccd9.jpeg""}",0,,,2026-02-13 08:19:59 UTC,2026-02-13 08:19:59 UTC
117538694,31802,31221,134321,"{""redshift"":""0.270000010728836"",""object_id"":""-550777979289060176"",""contour_image"":""102042919_NEG550777979289060176_gz_arcsinh_vis_y_contour.jpg"",""original_image"":""102042919_NEG550777979289060176_gz_arcsinh_vis_y.jpg"",""disk-edge-on_yes_fraction"":""0.97021484""}","{""0"":""https://panoptes-uploads.zooniverse.org/subject_location/4660e51e-24d9-4b24-8f6c-31a8c16282b8.jpeg"",""1"":""https://panoptes-uploads.zooniverse.org/subject_location/c08a0b66-0905-4497-b844-23b53e69bbd0.jpeg""}",0,,,2026-02-13 08:20:00 UTC,2026-02-13 08:20:00 UTC
117538695,31802,31221,134321,"{""redshift"":""0.1899999976158142"",""object_id"":""2747454860673838397"",""contour_image"":""102160063_2747454860673838397_gz_arcsinh_vis_y_contour.jpg"",""original_image"":""102160063_2747454860673838397_gz_arcsinh_vis_y.jpg"",""disk-edge-on_yes_fraction"":""0.9248047""}","{""0"":""https://panoptes-uploads.zooniverse.org/subject_location/4726fb44-b0f8-4ac3-859f-0a35e8bf62bb.jpeg"",""1"":""https://panoptes-uploads.zooniverse.org/subject_location/aea5cbb0-b82f-4ffe-bae8-1c2f04c0e0aa.jpeg""}",0,,,2026-02-13 08:20:00 UTC,2026-02-13 08:20:00 UTC
117538696,31802,31221,134321,"{""redshift"":""0.2899999916553497"",""object_id"":""-587905147482861260"",""contour_image"":""102021011_NEG587905147482861260_gz_arcsinh_vis_y_contour.jpg"",""original_image"":""102021011_NEG587905147482861260_gz_arcsinh_vis_y.jpg"",""disk-edge-on_yes_fraction"":""0.9868164""}","{""0"":""https://panoptes-uploads.zooniverse.org/subject_location/35b38e07-59e1-4fdc-9455-149d5d2e0346.jpeg"",""1"":""https://panoptes-uploads.zooniverse.org/subject_location/6edce15c-e4e2-47f6-8737-5a4a529c7834.jpeg""}",0,,,2026-02-13 08:20:01 UTC,2026-02-13 08:20:01 UTC
117538697,31802,31221,134321,"{""redshift"":""0.0700000002980232"",""object_id"":""2688670202679878721"",""contour_image"":""102160336_2688670202679878721_gz_arcsinh_vis_y_contour.jpg"",""original_image"":""102160336_2688670202679878721_gz_arcsinh_vis_y.jpg"",""disk-edge-on_yes_fraction"":""0.87939453""}","{""0"":""https://panoptes-uploads.zooniverse.org/subject_location/f4a2373d-f989-44ef-97be-bb261def141b.jpeg"",""1"":""https://panoptes-uploads.zooniverse.org/subject_location/0ac2f8fd-c56a-4157-80fa-d7854bf81bdd.jpeg""}",0,,,2026-02-13 08:20:01 UTC,2026-02-13 08:20:01 UTC
117538698,31802,31221,134321,"{""redshift"":""0.2300000041723251"",""object_id"":""2704006833664082871"",""contour_image"":""102159487_2704006833664082871_gz_arcsinh_vis_y_contour.jpg"",""original_image"":""102159487_2704006833664082871_gz_arcsinh_vis_y.jpg"",""disk-edge-on_yes_fraction"":""0.9716797""}","{""0"":""https://panoptes-uploads.zooniverse.org/subject_location/1b6971b6-f9fe-4b02-818d-a7aadd090e13.jpeg"",""1"":""https://panoptes-uploads.zooniverse.org/subject_location/ddd76bfb-1a71-41fc-b2b6-54f1c589ac2d.jpeg""}",0,,,2026-02-13 08:20:02 UTC,2026-02-13 08:20:02 UTC
117538699,31802,31221,134321,"{""redshift"":""0.1500000059604644"",""object_id"":""2748075401659670199"",""contour_image"":""102159196_2748075401659670199_gz_arcsinh_vis_y_contour.jpg"",""original_image"":""102159196_2748075401659670199_gz_arcsinh_vis_y.jpg"",""disk-edge-on_yes_fraction"":""0.8540039""}","{""0"":""https://panoptes-uploads.zooniverse.org/subject_location/206f473d-b873-426f-8d38-34bf25b60ef7.jpeg"",""1"":""https://panoptes-uploads.zooniverse.org/subject_location/29164b4e-bb7a-4095-9dd4-fa7a5081d499.jpeg""}",0,,,2026-02-13 08:20:02 UTC,2026-02-13 08:20:02 UTC
117538700,31802,31221,134321,"{""redshift"":""0.2800000011920929"",""object_id"":""2716277005654506826"",""contour_image"":""102158893_2716277005654506826_gz_arcsinh_vis_y_contour.jpg"",""original_image"":""102158893_2716277005654506826_gz_arcsinh_vis_y.jpg"",""disk-edge-on_yes_fraction"":""0.92333984""}","{""0"":""https://panoptes-uploads.zooniverse.org/subject_location/9fcdd46d-8071-4d14-b86d-f248bcab1017.jpeg"",""1"":""https://panoptes-uploads.zooniverse.org/subject_location/8c30c881-2580-4b8a-8e2d-aadf77dd2f2c.jpeg""}",0,,,2026-02-13 08:20:03 UTC,2026-02-13 08:20:03 UTC
117538701,31802,31221,134321,"{""redshift"":""0.209999993443489"",""object_id"":""-578883133503563960"",""contour_image"":""102019124_NEG578883133503563960_gz_arcsinh_vis_y_contour.jpg"",""original_image"":""102019124_NEG578883133503563960_gz_arcsinh_vis_y.jpg"",""disk-edge-on_yes_fraction"":""0.984375""}","{""0"":""https://panoptes-uploads.zooniverse.org/subject_location/0fa28ea9-4bf0-47e8-81bd-d9228d821193.jpeg"",""1"":""https://panoptes-uploads.zooniverse.org/subject_location/3227349d-93b2-4d8e-b0f8-9bce8addd44e.jpeg""}",0,,,2026-02-13 08:20:03 UTC,2026-02-13 08:20:03 UTC
117538702,31802,31221,134321,"{""redshift"":""0.2000000029802322"",""object_id"":""-563867447504382743"",""contour_image"":""102019122_NEG563867447504382743_gz_arcsinh_vis_y_contour.jpg"",""original_image"":""102019122_NEG563867447504382743_gz_arcsinh_vis_y.jpg"",""disk-edge-on_yes_fraction"":""0.95703125""}","{""0"":""https://panoptes-uploads.zooniverse.org/subject_location/97fab2a9-8e1b-46e0-9400-e12e5be5b5b5.jpeg"",""1"":""https://panoptes-uploads.zooniverse.org/subject_location/d515de39-1f76-4d5c-b480-b7e97eaf611f.jpeg""}",0,,,2026-02-13 08:20:04 UTC,2026-02-13 08:20:04 UTC
117538703,31802,31221,134321,"{""redshift"":""0.209999993443489"",""object_id"":""2716874460662250777"",""contour_image"":""102159193_2716874460662250777_gz_arcsinh_vis_y_contour.jpg"",""original_image"":""102159193_2716874460662250777_gz_arcsinh_vis_y.jpg"",""disk-edge-on_yes_fraction"":""0.87890625""}","{""0"":""https://panoptes-uploads.zooniverse.org/subject_location/44e5a2a7-c187-46fd-97ab-2bf192c6843a.jpeg"",""1"":""https://panoptes-uploads.zooniverse.org/subject_location/483302ae-e761-4bd4-a417-aeaa6bcc993f.jpeg""}",0,,,2026-02-13 08:20:04 UTC,2026-02-13 08:20:04 UTC
117538704,31802,31221,134321,"{""redshift"":""0.25"",""object_id"":""-631659758459908038"",""contour_image"":""102023479_NEG631659758459908038_gz_arcsinh_vis_y_contour.jpg"",""original_image"":""102023479_NEG631659758459908038_gz_arcsinh_vis_y.jpg"",""disk-edge-on_yes_fraction"":""0.95751953""}","{""0"":""https://panoptes-uploads.zooniverse.org/subject_location/2e925484-5c77-4287-b239-266b56105d85.jpeg"",""1"":""https://panoptes-uploads.zooniverse.org/subject_location/2df1dad3-1319-4094-a292-2e4612b31cc1.jpeg""}",0,,,2026-02-13 08:20:04 UTC,2026-02-13 08:20:04 UTC
117538705,31802,31221,134321,"{""redshift"":""0.2199999988079071"",""object_id"":""-599304275468558117"",""contour_image"":""102022476_NEG599304275468558117_gz_arcsinh_vis_y_contour.jpg"",""original_image"":""102022476_NEG599304275468558117_gz_arcsinh_vis_y.jpg"",""disk-edge-on_yes_fraction"":""0.9785156""}","{""0"":""https://panoptes-uploads.zooniverse.org/subject_location/d2fcb15d-9f47-46e0-a2aa-7783eb136e1c.jpeg"",""1"":""https://panoptes-uploads.zooniverse.org/subject_location/0a594041-4e4a-426b-960a-b831dd2ce669.jpeg""}",0,,,2026-02-13 08:20:05 UTC,2026-02-13 08:20:05 UTC
117538706,31802,31221,134321,"{""redshift"":""0.1800000071525573"",""object_id"":""-596382435494142795"",""contour_image"":""102020059_NEG596382435494142795_gz_arcsinh_vis_y_contour.jpg"",""original_image"":""102020059_NEG596382435494142795_gz_arcsinh_vis_y.jpg"",""disk-edge-on_yes_fraction"":""0.9814453""}","{""0"":""https://panoptes-uploads.zooniverse.org/subject_location/b235cb7f-ef64-4d36-9a76-0dca27c20e22.jpeg"",""1"":""https://panoptes-uploads.zooniverse.org/subject_location/f6ed1ca9-d8a9-4501-ad91-c64d651235f8.jpeg""}",0,,,2026-02-13 08:20:05 UTC,2026-02-13 08:20:05 UTC
117538707,31802,31221,134321,"{""redshift"":""0.2800000011920929"",""object_id"":""-511688271288671674"",""contour_image"":""102042912_NEG511688271288671674_gz_arcsinh_vis_y_contour.jpg"",""original_image"":""102042912_NEG511688271288671674_gz_arcsinh_vis_y.jpg"",""disk-edge-on_yes_fraction"":""0.8466797""}","{""0"":""https://panoptes-uploads.zooniverse.org/subject_location/cdb5b397-681b-4195-8b77-7c2de196531d.jpeg"",""1"":""https://panoptes-uploads.zooniverse.org/subject_location/91797e09-6872-425a-9e68-bc6274e1189d.jpeg""}",0,,,2026-02-13 08:20:06 UTC,2026-02-13 08:20:06 UTC
117538708,31802,31221,134321,"{""redshift"":""0.0900000035762786"",""object_id"":""-559711235493126257"",""contour_image"":""102020054_NEG559711235493126257_gz_arcsinh_vis_y_contour.jpg"",""original_image"":""102020054_NEG559711235493126257_gz_arcsinh_vis_y.jpg"",""disk-edge-on_yes_fraction"":""0.9848633""}","{""0"":""https://panoptes-uploads.zooniverse.org/subject_location/be273c85-46b3-4d8f-9360-a74a47d7203d.jpeg"",""1"":""https://panoptes-uploads.zooniverse.org/subject_location/f63fcf33-eff6-4082-9d4d-2d51a29d4d72.jpeg""}",0,,,2026-02-13 08:20:06 UTC,2026-02-13 08:20:06 UTC
117538709,31802,31221,134321,"{""redshift"":""0.1400000005960464"",""object_id"":""2699508320652047172"",""contour_image"":""102158585_2699508320652047172_gz_arcsinh_vis_y_contour.jpg"",""original_image"":""102158585_2699508320652047172_gz_arcsinh_vis_y.jpg"",""disk-edge-on_yes_fraction"":""0.9848633""}","{""0"":""https://panoptes-uploads.zooniverse.org/subject_location/b6aa5122-0c70-49ca-b256-4faca2bcbb2c.jpeg"",""1"":""https://panoptes-uploads.zooniverse.org/subject_location/e0cd6c15-bf71-445b-9812-d33465f4715a.jpeg""}",0,,,2026-02-13 08:20:07 UTC,2026-02-13 08:20:07 UTC
117538710,31802,31221,134321,"{""redshift"":""0.1899999976158142"",""object_id"":""-640449231461365724"",""contour_image"":""102023480_NEG640449231461365724_gz_arcsinh_vis_y_contour.jpg"",""original_image"":""102023480_NEG640449231461365724_gz_arcsinh_vis_y.jpg"",""disk-edge-on_yes_fraction"":""0.96533203""}","{""0"":""https://panoptes-uploads.zooniverse.org/subject_location/221a2453-9cd6-42a5-b36e-dce4eae313f6.jpeg"",""1"":""https://panoptes-uploads.zooniverse.org/subject_location/5c30f9fc-afb3-48c4-937c-369008c13433.jpeg""}",0,,,2026-02-13 08:20:07 UTC,2026-02-13 08:20:07 UTC
117538711,31802,31221,134321,"{""redshift"":""0.1800000071525573"",""object_id"":""-658418795465763653"",""contour_image"":""102022980_NEG658418795465763653_gz_arcsinh_vis_y_contour.jpg"",""original_image"":""102022980_NEG658418795465763653_gz_arcsinh_vis_y.jpg"",""disk-edge-on_yes_fraction"":""0.9741211""}","{""0"":""https://panoptes-uploads.zooniverse.org/subject_location/b586f2a7-c741-4df4-a552-ee63054927d0.jpeg"",""1"":""https://panoptes-uploads.zooniverse.org/subject_location/662b8c3a-cf72-4f4e-b5df-f867b5ea92ca.jpeg""}",0,,,2026-02-13 08:20:08 UTC,2026-02-13 08:20:08 UTC
117538712,31802,31221,134321,"{""redshift"":""0.1400000005960464"",""object_id"":""-642662219492531714"",""contour_image"":""102020065_NEG642662219492531714_gz_arcsinh_vis_y_contour.jpg"",""original_image"":""102020065_NEG642662219492531714_gz_arcsinh_vis_y.jpg"",""disk-edge-on_yes_fraction"":""0.9814453""}","{""0"":""https://panoptes-uploads.zooniverse.org/subject_location/89a2fc11-b5d6-4848-bd20-b8d2dc18eb1d.jpeg"",""1"":""https://panoptes-uploads.zooniverse.org/subject_location/6155e392-8879-473c-a9f9-9e513aa1d2a5.jpeg""}",0,,,2026-02-13 08:20:08 UTC,2026-02-13 08:20:08 UTC
117538713,31802,31221,134321,"{""redshift"":""0.2300000041723251"",""object_id"":""2698633578670498806"",""contour_image"":""102159775_2698633578670498806_gz_arcsinh_vis_y_contour.jpg"",""original_image"":""102159775_2698633578670498806_gz_arcsinh_vis_y.jpg"",""disk-edge-on_yes_fraction"":""0.9785156""}","{""0"":""https://panoptes-uploads.zooniverse.org/subject_location/fd6a2fc6-cfd6-4ffe-9a5c-ff2cc642d126.jpeg"",""1"":""https://panoptes-uploads.zooniverse.org/subject_location/16cd47ab-c5c4-4919-8f87-16be96789b1b.jpeg""}",0,,,2026-02-13 08:20:09 UTC,2026-02-13 08:20:09 UTC
117538714,31802,31221,134321,"{""redshift"":""0.25"",""object_id"":""-593735877506910328"",""contour_image"":""102019126_NEG593735877506910328_gz_arcsinh_vis_y_contour.jpg"",""original_image"":""102019126_NEG593735877506910328_gz_arcsinh_vis_y.jpg"",""disk-edge-on_yes_fraction"":""0.9814453""}","{""0"":""https://panoptes-uploads.zooniverse.org/subject_location/0d96b83a-8482-462d-9165-deb0d7afe823.jpeg"",""1"":""https://panoptes-uploads.zooniverse.org/subject_location/b3c5bf4c-32f7-4637-8e85-ca7267e64ee4.jpeg""}",0,,,2026-02-13 08:20:09 UTC,2026-02-13 08:20:09 UTC
117538715,31802,31221,134321,"{""redshift"":""0.1099999994039535"",""object_id"":""2686233552659488700"",""contour_image"":""102159191_2686233552659488700_gz_arcsinh_vis_y_contour.jpg"",""original_image"":""102159191_2686233552659488700_gz_arcsinh_vis_y.jpg"",""disk-edge-on_yes_fraction"":""0.97558594""}","{""0"":""https://panoptes-uploads.zooniverse.org/subject_location/672858ac-9bfc-4c44-88b9-9446d0792cc6.jpeg"",""1"":""https://panoptes-uploads.zooniverse.org/subject_location/344a46d4-4ca9-4c18-8715-e743613e6e6d.jpeg""}",0,,,2026-02-13 08:20:10 UTC,2026-02-13 08:20:10 UTC
117538716,31802,31221,134321,"{""redshift"":""0.1099999994039535"",""object_id"":""2719487018666632636"",""contour_image"":""102159488_2719487018666632636_gz_arcsinh_vis_y_contour.jpg"",""original_image"":""102159488_2719487018666632636_gz_arcsinh_vis_y.jpg"",""disk-edge-on_yes_fraction"":""0.98339844""}","{""0"":""https://panoptes-uploads.zooniverse.org/subject_location/5996d713-3e01-421f-9ee0-f7575139d62c.jpeg"",""1"":""https://panoptes-uploads.zooniverse.org/subject_location/667f7abd-7e3a-488b-b340-9d11ea73e3a3.jpeg""}",0,,,2026-02-13 08:20:10 UTC,2026-02-13 08:20:10 UTC
117538717,31802,31221,134321,"{""redshift"":""0.2199999988079071"",""object_id"":""2736401383673484054"",""contour_image"":""102160062_2736401383673484054_gz_arcsinh_vis_y_contour.jpg"",""original_image"":""102160062_2736401383673484054_gz_arcsinh_vis_y.jpg"",""disk-edge-on_yes_fraction"":""0.9790039""}","{""0"":""https://panoptes-uploads.zooniverse.org/subject_location/30a9bdc5-8928-4ea0-b9ff-3399acfcda87.jpeg"",""1"":""https://panoptes-uploads.zooniverse.org/subject_location/62cae2f3-b5e5-47aa-98fb-be1843732117.jpeg""}",0,,,2026-02-13 08:20:12 UTC,2026-02-13 08:20:12 UTC
117538718,31802,31221,134321,"{""redshift"":""0.209999993443489"",""object_id"":""2697162822673831261"",""contour_image"":""102160059_2697162822673831261_gz_arcsinh_vis_y_contour.jpg"",""original_image"":""102160059_2697162822673831261_gz_arcsinh_vis_y.jpg"",""disk-edge-on_yes_fraction"":""0.9814453""}","{""0"":""https://panoptes-uploads.zooniverse.org/subject_location/1ce590c5-1f58-4c58-916b-96a584641e07.jpeg"",""1"":""https://panoptes-uploads.zooniverse.org/subject_location/7a241b45-7207-4e0e-85a5-74048aae056c.jpeg""}",0,,,2026-02-13 08:20:12 UTC,2026-02-13 08:20:12 UTC
117538719,31802,31221,134321,"{""redshift"":""0.2300000041723251"",""object_id"":""-514442229294017662"",""contour_image"":""102042282_NEG514442229294017662_gz_arcsinh_vis_y_contour.jpg"",""original_image"":""102042282_NEG514442229294017662_gz_arcsinh_vis_y.jpg"",""disk-edge-on_yes_fraction"":""0.96240234""}","{""0"":""https://panoptes-uploads.zooniverse.org/subject_location/1978550b-f947-461b-ae4d-ec455302f155.jpeg"",""1"":""https://panoptes-uploads.zooniverse.org/subject_location/b7c69035-7a2a-475a-a478-f2e1629705fe.jpeg""}",0,,,2026-02-13 08:20:13 UTC,2026-02-13 08:20:13 UTC
117538720,31802,31221,134321,"{""redshift"":""0.1899999976158142"",""object_id"":""2648637497652279979"",""contour_image"":""102158581_2648637497652279979_gz_arcsinh_vis_y_contour.jpg"",""original_image"":""102158581_2648637497652279979_gz_arcsinh_vis_y.jpg"",""disk-edge-on_yes_fraction"":""0.9580078""}","{""0"":""https://panoptes-uploads.zooniverse.org/subject_location/16e84645-d0a3-47a8-a511-c239a41301e7.jpeg"",""1"":""https://panoptes-uploads.zooniverse.org/subject_location/d2de9000-59e4-4edc-9e4e-44a6db986bb3.jpeg""}",0,,,2026-02-13 08:20:13 UTC,2026-02-13 08:20:13 UTC
117538721,31802,31221,134321,"{""redshift"":""0.0700000002980232"",""object_id"":""2689925059683737062"",""contour_image"":""102160608_2689925059683737062_gz_arcsinh_vis_y_contour.jpg"",""original_image"":""102160608_2689925059683737062_gz_arcsinh_vis_y.jpg"",""disk-edge-on_yes_fraction"":""0.984375""}","{""0"":""https://panoptes-uploads.zooniverse.org/subject_location/1bd72810-1bfa-4758-98f1-1246d8761bf2.jpeg"",""1"":""https://panoptes-uploads.zooniverse.org/subject_location/d511c5a1-ba21-42fc-a538-2f03ad189c26.jpeg""}",0,,,2026-02-13 08:20:14 UTC,2026-02-13 08:20:14 UTC
117538722,31802,31221,134321,"{""redshift"":""0.1400000005960464"",""object_id"":""2684230334632714706"",""contour_image"":""102157632_2684230334632714706_gz_arcsinh_vis_y_contour.jpg"",""original_image"":""102157632_2684230334632714706_gz_arcsinh_vis_y.jpg"",""disk-edge-on_yes_fraction"":""0.9838867""}","{""0"":""https://panoptes-uploads.zooniverse.org/subject_location/5583f263-6b0b-428b-a677-3c2277bcbcef.jpeg"",""1"":""https://panoptes-uploads.zooniverse.org/subject_location/0f49018e-ee82-4e52-836c-fe8857373238.jpeg""}",0,,,2026-02-13 08:20:15 UTC,2026-02-13 08:20:15 UTC
117538723,31802,31221,134321,"{""redshift"":""0.2399999946355819"",""object_id"":""-576188089479130351"",""contour_image"":""102021492_NEG576188089479130351_gz_arcsinh_vis_y_contour.jpg"",""original_image"":""102021492_NEG576188089479130351_gz_arcsinh_vis_y.jpg"",""disk-edge-on_yes_fraction"":""0.88183594""}","{""0"":""https://panoptes-uploads.zooniverse.org/subject_location/2ca42fdd-02c4-4107-a56f-9466e1db43a7.jpeg"",""1"":""https://panoptes-uploads.zooniverse.org/subject_location/16a1d5a6-fb15-4390-85cb-52e4a8cdca20.jpeg""}",0,,,2026-02-13 08:20:15 UTC,2026-02-13 08:20:15 UTC
117538724,31802,31221,134321,"{""redshift"":""0.1199999973177909"",""object_id"":""2753265751663644894"",""contour_image"":""102159491_2753265751663644894_gz_arcsinh_vis_y_contour.jpg"",""original_image"":""102159491_2753265751663644894_gz_arcsinh_vis_y.jpg"",""disk-edge-on_yes_fraction"":""0.89208984""}","{""0"":""https://panoptes-uploads.zooniverse.org/subject_location/58cc5155-d623-4734-95a1-2ac151348246.jpeg"",""1"":""https://panoptes-uploads.zooniverse.org/subject_location/e836d9c0-0045-48ab-983d-8ee5089151f4.jpeg""}",0,,,2026-02-13 08:20:16 UTC,2026-02-13 08:20:16 UTC
117538725,31802,31221,134321,"{""redshift"":""0.1199999973177909"",""object_id"":""2722231447681786422"",""contour_image"":""102160338_2722231447681786422_gz_arcsinh_vis_y_contour.jpg"",""original_image"":""102160338_2722231447681786422_gz_arcsinh_vis_y.jpg"",""disk-edge-on_yes_fraction"":""0.984375""}","{""0"":""https://panoptes-uploads.zooniverse.org/subject_location/f997723d-7f86-4054-9b8e-d6e7f9998189.jpeg"",""1"":""https://panoptes-uploads.zooniverse.org/subject_location/31152a64-6c4a-432c-b09e-837d73dce275.jpeg""}",0,,,2026-02-13 08:20:16 UTC,2026-02-13 08:20:16 UTC
117538726,31802,31221,134321,"{""redshift"":""0.2300000041723251"",""object_id"":""2723468488678955443"",""contour_image"":""102160338_2723468488678955443_gz_arcsinh_vis_y_contour.jpg"",""original_image"":""102160338_2723468488678955443_gz_arcsinh_vis_y.jpg"",""disk-edge-on_yes_fraction"":""0.97558594""}","{""0"":""https://panoptes-uploads.zooniverse.org/subject_location/a4c73b7f-2f04-479f-9a6e-6d6c9ca57434.jpeg"",""1"":""https://panoptes-uploads.zooniverse.org/subject_location/2b438e63-78cb-4b37-b2d1-e03b6c5e40bd.jpeg""}",0,,,2026-02-13 08:20:17 UTC,2026-02-13 08:20:17 UTC
117538727,31802,31221,134321,"{""redshift"":""0.1500000059604644"",""object_id"":""-616834281461991235"",""contour_image"":""102023476_NEG616834281461991235_gz_arcsinh_vis_y_contour.jpg"",""original_image"":""102023476_NEG616834281461991235_gz_arcsinh_vis_y.jpg"",""disk-edge-on_yes_fraction"":""0.9814453""}","{""0"":""https://panoptes-uploads.zooniverse.org/subject_location/b863c525-439c-4b56-8c00-c1e4f70b972d.jpeg"",""1"":""https://panoptes-uploads.zooniverse.org/subject_location/8f46179a-d0d6-46fe-ba32-58d627effabf.jpeg""}",0,,,2026-02-13 08:20:17 UTC,2026-02-13 08:20:17 UTC
117538728,31802,31221,134321,"{""redshift"":""0.2899999916553497"",""object_id"":""-592965771491620925"",""contour_image"":""102020533_NEG592965771491620925_gz_arcsinh_vis_y_contour.jpg"",""original_image"":""102020533_NEG592965771491620925_gz_arcsinh_vis_y.jpg"",""disk-edge-on_yes_fraction"":""0.86816406""}","{""0"":""https://panoptes-uploads.zooniverse.org/subject_location/c94711c0-ea9b-4023-bafc-229f62daa287.jpeg"",""1"":""https://panoptes-uploads.zooniverse.org/subject_location/ce7d7d8b-9a08-4356-be86-536087b43be0.jpeg""}",0,,,2026-02-13 08:20:18 UTC,2026-02-13 08:20:18 UTC
117538729,31802,31221,134321,"{""redshift"":""0.2599999904632568"",""object_id"":""-534299870267597652"",""contour_image"":""102045468_NEG534299870267597652_gz_arcsinh_vis_y_contour.jpg"",""original_image"":""102045468_NEG534299870267597652_gz_arcsinh_vis_y.jpg"",""disk-edge-on_yes_fraction"":""0.98339844""}","{""0"":""https://panoptes-uploads.zooniverse.org/subject_location/f49675d3-e5e0-4211-9051-68e6cd4d4996.jpeg"",""1"":""https://panoptes-uploads.zooniverse.org/subject_location/3ef240e5-029f-4d77-bfe4-713e941027ce.jpeg""}",0,,,2026-02-13 08:20:18 UTC,2026-02-13 08:20:18 UTC
117538730,31802,31221,134321,"{""redshift"":""0.2399999946355819"",""object_id"":""2696160515639449362"",""contour_image"":""102157956_2696160515639449362_gz_arcsinh_vis_y_contour.jpg"",""original_image"":""102157956_2696160515639449362_gz_arcsinh_vis_y.jpg"",""disk-edge-on_yes_fraction"":""0.93652344""}","{""0"":""https://panoptes-uploads.zooniverse.org/subject_location/166e2e3c-6287-4933-af62-dca06efd1889.jpeg"",""1"":""https://panoptes-uploads.zooniverse.org/subject_location/0bfa16d3-304d-4e0c-9073-e46d59ef2506.jpeg""}",0,,,2026-02-13 08:20:19 UTC,2026-02-13 08:20:19 UTC
117538731,31802,31221,134321,"{""redshift"":""0.1400000005960464"",""object_id"":""-617715903468503586"",""contour_image"":""102022478_NEG617715903468503586_gz_arcsinh_vis_y_contour.jpg"",""original_image"":""102022478_NEG617715903468503586_gz_arcsinh_vis_y.jpg"",""disk-edge-on_yes_fraction"":""0.9663086""}","{""0"":""https://panoptes-uploads.zooniverse.org/subject_location/32eb06e7-8aa7-445c-a745-0db5e3f2c455.jpeg"",""1"":""https://panoptes-uploads.zooniverse.org/subject_location/b10b8ef8-be88-4307-a32b-2d8340bb9d8a.jpeg""}",0,,,2026-02-13 08:20:19 UTC,2026-02-13 08:20:19 UTC
117538732,31802,31221,134321,"{""redshift"":""0.1700000017881393"",""object_id"":""-612045292464495412"",""contour_image"":""102022974_NEG612045292464495412_gz_arcsinh_vis_y_contour.jpg"",""original_image"":""102022974_NEG612045292464495412_gz_arcsinh_vis_y.jpg"",""disk-edge-on_yes_fraction"":""0.8959961""}","{""0"":""https://panoptes-uploads.zooniverse.org/subject_location/06000b4e-a2a4-4ac5-835b-2674c51d7bdd.jpeg"",""1"":""https://panoptes-uploads.zooniverse.org/subject_location/cc3833f5-e54c-49ff-a486-58796ea6f9ec.jpeg""}",0,,,2026-02-13 08:20:20 UTC,2026-02-13 08:20:20 UTC
117538733,31802,31221,134321,"{""redshift"":""0.2300000041723251"",""object_id"":""-567780511500463020"",""contour_image"":""102019587_NEG567780511500463020_gz_arcsinh_vis_y_contour.jpg"",""original_image"":""102019587_NEG567780511500463020_gz_arcsinh_vis_y.jpg"",""disk-edge-on_yes_fraction"":""0.9526367""}","{""0"":""https://panoptes-uploads.zooniverse.org/subject_location/c1b829fc-5a73-456f-9c78-b3d07c801b84.jpeg"",""1"":""https://panoptes-uploads.zooniverse.org/subject_location/e6df407d-d8f8-426d-86a4-d02d330cdd46.jpeg""}",0,,,2026-02-13 08:20:20 UTC,2026-02-13 08:20:20 UTC
117538734,31802,31221,134321,"{""redshift"":""0.0900000035762786"",""object_id"":""-546631687284018033"",""contour_image"":""102043552_NEG546631687284018033_gz_arcsinh_vis_y_contour.jpg"",""original_image"":""102043552_NEG546631687284018033_gz_arcsinh_vis_y.jpg"",""disk-edge-on_yes_fraction"":""0.9682617""}","{""0"":""https://panoptes-uploads.zooniverse.org/subject_location/cf00c98f-1883-4a9c-b362-3d56438150d7.jpeg"",""1"":""https://panoptes-uploads.zooniverse.org/subject_location/3eb44c27-c4bd-4fff-a25b-8552096125aa.jpeg""}",0,,,2026-02-13 08:20:21 UTC,2026-02-13 08:20:21 UTC
117538735,31802,31221,134321,"{""redshift"":""0.2800000011920929"",""object_id"":""2692817473651357934"",""contour_image"":""102158585_2692817473651357934_gz_arcsinh_vis_y_contour.jpg"",""original_image"":""102158585_2692817473651357934_gz_arcsinh_vis_y.jpg"",""disk-edge-on_yes_fraction"":""0.9580078""}","{""0"":""https://panoptes-uploads.zooniverse.org/subject_location/829d5494-c45e-4bcd-8014-fcd18d0a8b9e.jpeg"",""1"":""https://panoptes-uploads.zooniverse.org/subject_location/5d57c5b5-fae2-4dd1-9cb3-bfaf6cec7f8c.jpeg""}",0,,,2026-02-13 08:20:21 UTC,2026-02-13 08:20:21 UTC
117538736,31802,31221,134321,"{""redshift"":""0.0700000002980232"",""object_id"":""2658986205645761101"",""contour_image"":""102158270_2658986205645761101_gz_arcsinh_vis_y_contour.jpg"",""original_image"":""102158270_2658986205645761101_gz_arcsinh_vis_y.jpg"",""disk-edge-on_yes_fraction"":""0.98095703""}","{""0"":""https://panoptes-uploads.zooniverse.org/subject_location/a88878e7-ef03-4680-bd7e-0946f685085f.jpeg"",""1"":""https://panoptes-uploads.zooniverse.org/subject_location/fb24c0f6-47ce-4aad-b6af-71ddb2c4045b.jpeg""}",0,,,2026-02-13 08:20:22 UTC,2026-02-13 08:20:22 UTC
117538737,31802,31221,134321,"{""redshift"":""0.1899999976158142"",""object_id"":""2754384353658138027"",""contour_image"":""102159196_2754384353658138027_gz_arcsinh_vis_y_contour.jpg"",""original_image"":""102159196_2754384353658138027_gz_arcsinh_vis_y.jpg"",""disk-edge-on_yes_fraction"":""0.9760742""}","{""0"":""https://panoptes-uploads.zooniverse.org/subject_location/1a73c57d-4cb7-4b59-b661-03b6e8335e15.jpeg"",""1"":""https://panoptes-uploads.zooniverse.org/subject_location/e39dcb10-bace-472c-bf5f-1a67a739bd9a.jpeg""}",0,,,2026-02-13 08:20:22 UTC,2026-02-13 08:20:22 UTC
117538738,31802,31221,134321,"{""redshift"":""0.2000000029802322"",""object_id"":""-603325542494520281"",""contour_image"":""102020060_NEG603325542494520281_gz_arcsinh_vis_y_contour.jpg"",""original_image"":""102020060_NEG603325542494520281_gz_arcsinh_vis_y.jpg"",""disk-edge-on_yes_fraction"":""0.8359375""}","{""0"":""https://panoptes-uploads.zooniverse.org/subject_location/64fa76f9-6dcb-453e-b0b5-0c2dec75a61d.jpeg"",""1"":""https://panoptes-uploads.zooniverse.org/subject_location/4161eeb3-7cdf-407e-b387-4ae77ce140e1.jpeg""}",0,,,2026-02-13 08:20:22 UTC,2026-02-13 08:20:22 UTC
117538739,31802,31221,134321,"{""redshift"":""0.1599999964237213"",""object_id"":""-635490872485397730"",""contour_image"":""102021017_NEG635490872485397730_gz_arcsinh_vis_y_contour.jpg"",""original_image"":""102021017_NEG635490872485397730_gz_arcsinh_vis_y.jpg"",""disk-edge-on_yes_fraction"":""0.9824219""}","{""0"":""https://panoptes-uploads.zooniverse.org/subject_location/397fb435-7d90-45e3-a744-5aee23c6b133.jpeg"",""1"":""https://panoptes-uploads.zooniverse.org/subject_location/18e69219-a082-4c42-b932-bbc2c834f693.jpeg""}",0,,,2026-02-13 08:20:23 UTC,2026-02-13 08:20:23 UTC
117538740,31802,31221,134321,"{""redshift"":""0.2000000029802322"",""object_id"":""-527934754300074008"",""contour_image"":""102041657_NEG527934754300074008_gz_arcsinh_vis_y_contour.jpg"",""original_image"":""102041657_NEG527934754300074008_gz_arcsinh_vis_y.jpg"",""disk-edge-on_yes_fraction"":""0.9863281""}","{""0"":""https://panoptes-uploads.zooniverse.org/subject_location/0c5c0cd7-2586-458a-8ad9-a8abe93c8847.jpeg"",""1"":""https://panoptes-uploads.zooniverse.org/subject_location/e6ed9ac4-1fe5-4062-898a-afbf6d16f1c2.jpeg""}",0,,,2026-02-13 08:20:23 UTC,2026-02-13 08:20:23 UTC
117538741,31802,31221,134321,"{""redshift"":""0.2300000041723251"",""object_id"":""2725425264686355337"",""contour_image"":""102160610_2725425264686355337_gz_arcsinh_vis_y_contour.jpg"",""original_image"":""102160610_2725425264686355337_gz_arcsinh_vis_y.jpg"",""disk-edge-on_yes_fraction"":""0.9667969""}","{""0"":""https://panoptes-uploads.zooniverse.org/subject_location/4623eace-0c36-4fe6-ac91-ee00ae80f9ca.jpeg"",""1"":""https://panoptes-uploads.zooniverse.org/subject_location/e00fb6db-912f-44dd-9fab-333eab2924d6.jpeg""}",0,,,2026-02-13 08:20:24 UTC,2026-02-13 08:20:24 UTC
117538742,31802,31221,134321,"{""redshift"":""0.2300000041723251"",""object_id"":""-571660028479932564"",""contour_image"":""102021491_NEG571660028479932564_gz_arcsinh_vis_y_contour.jpg"",""original_image"":""102021491_NEG571660028479932564_gz_arcsinh_vis_y.jpg"",""disk-edge-on_yes_fraction"":""0.98291016""}","{""0"":""https://panoptes-uploads.zooniverse.org/subject_location/3995847e-c845-4889-94c3-f2644f20d7bb.jpeg"",""1"":""https://panoptes-uploads.zooniverse.org/subject_location/4a5a84ca-e610-4283-a6c7-e93e16b49147.jpeg""}",0,,,2026-02-13 08:20:25 UTC,2026-02-13 08:20:25 UTC
117538743,31802,31221,134321,"{""redshift"":""0.2000000029802322"",""object_id"":""-651695763464502411"",""contour_image"":""102022980_NEG651695763464502411_gz_arcsinh_vis_y_contour.jpg"",""original_image"":""102022980_NEG651695763464502411_gz_arcsinh_vis_y.jpg"",""disk-edge-on_yes_fraction"":""0.96191406""}","{""0"":""https://panoptes-uploads.zooniverse.org/subject_location/25cddb0d-cb3f-444d-9e5f-5d50f1bd250d.jpeg"",""1"":""https://panoptes-uploads.zooniverse.org/subject_location/a1190873-a8ec-4f96-b837-279eec382548.jpeg""}",0,,,2026-02-13 08:20:25 UTC,2026-02-13 08:20:25 UTC
117538744,31802,31221,134321,"{""redshift"":""0.1299999952316284"",""object_id"":""-594318411501336987"",""contour_image"":""102019590_NEG594318411501336987_gz_arcsinh_vis_y_contour.jpg"",""original_image"":""102019590_NEG594318411501336987_gz_arcsinh_vis_y.jpg"",""disk-edge-on_yes_fraction"":""0.80322266""}","{""0"":""https://panoptes-uploads.zooniverse.org/subject_location/96e97419-97f8-47c7-b050-bce3c8523f8b.jpeg"",""1"":""https://panoptes-uploads.zooniverse.org/subject_location/1b0a29ab-74e9-41dd-b933-521006e6b73b.jpeg""}",0,,,2026-02-13 08:20:25 UTC,2026-02-13 08:20:25 UTC
117538745,31802,31221,134321,"{""redshift"":""0.1700000017881393"",""object_id"":""-597222718469472462"",""contour_image"":""102022475_NEG597222718469472462_gz_arcsinh_vis_y_contour.jpg"",""original_image"":""102022475_NEG597222718469472462_gz_arcsinh_vis_y.jpg"",""disk-edge-on_yes_fraction"":""0.98583984""}","{""0"":""https://panoptes-uploads.zooniverse.org/subject_location/a7e3050b-ead1-4ed2-b4d7-03a448f706a5.jpeg"",""1"":""https://panoptes-uploads.zooniverse.org/subject_location/19a074d4-866c-4000-a772-980c8f0052a9.jpeg""}",0,,,2026-02-13 08:20:26 UTC,2026-02-13 08:20:26 UTC
117538746,31802,31221,134321,"{""redshift"":""0.2199999988079071"",""object_id"":""2758507409667823068"",""contour_image"":""102159780_2758507409667823068_gz_arcsinh_vis_y_contour.jpg"",""original_image"":""102159780_2758507409667823068_gz_arcsinh_vis_y.jpg"",""disk-edge-on_yes_fraction"":""0.92041016""}","{""0"":""https://panoptes-uploads.zooniverse.org/subject_location/ef0d1947-b2e8-4acf-b03e-ce7bea0cf722.jpeg"",""1"":""https://panoptes-uploads.zooniverse.org/subject_location/6cbb2ff5-f56b-4f73-9575-f58b4bcb5fe0.jpeg""}",0,,,2026-02-13 08:20:26 UTC,2026-02-13 08:20:26 UTC
117538747,31802,31221,134321,"{""redshift"":""0.1199999973177909"",""object_id"":""-513886586272378240"",""contour_image"":""102045464_NEG513886586272378240_gz_arcsinh_vis_y_contour.jpg"",""original_image"":""102045464_NEG513886586272378240_gz_arcsinh_vis_y.jpg"",""disk-edge-on_yes_fraction"":""0.97998047""}","{""0"":""https://panoptes-uploads.zooniverse.org/subject_location/369a9157-f7d8-4db1-8bf9-7f06fe3a820e.jpeg"",""1"":""https://panoptes-uploads.zooniverse.org/subject_location/841c069c-f8ae-4e2f-9203-a84a94ea6adf.jpeg""}",0,,,2026-02-13 08:20:27 UTC,2026-02-13 08:20:27 UTC
117538748,31802,31221,134321,"{""redshift"":""0.270000010728836"",""object_id"":""2684614038660267190"",""contour_image"":""102159191_2684614038660267190_gz_arcsinh_vis_y_contour.jpg"",""original_image"":""102159191_2684614038660267190_gz_arcsinh_vis_y.jpg"",""disk-edge-on_yes_fraction"":""0.9604492""}","{""0"":""https://panoptes-uploads.zooniverse.org/subject_location/997202aa-4c3e-4dc6-aa90-8805dd5715b5.jpeg"",""1"":""https://panoptes-uploads.zooniverse.org/subject_location/2f4711e4-ba4b-4234-88c6-02c8d5271878.jpeg""}",0,,,2026-02-13 08:20:27 UTC,2026-02-13 08:20:27 UTC
117538749,31802,31221,134321,"{""redshift"":""0.2399999946355819"",""object_id"":""-611077722471873815"",""contour_image"":""102022477_NEG611077722471873815_gz_arcsinh_vis_y_contour.jpg"",""original_image"":""102022477_NEG611077722471873815_gz_arcsinh_vis_y.jpg"",""disk-edge-on_yes_fraction"":""0.82470703""}","{""0"":""https://panoptes-uploads.zooniverse.org/subject_location/928f5917-5e58-4cc8-9d59-76c15b80e20b.jpeg"",""1"":""https://panoptes-uploads.zooniverse.org/subject_location/dadd2f28-77cf-480c-bc6c-374fa8803a88.jpeg""}",0,,,2026-02-13 08:20:28 UTC,2026-02-13 08:20:28 UTC
117538750,31802,31221,134321,"{""redshift"":""0.2300000041723251"",""object_id"":""-633184530483425997"",""contour_image"":""102021017_NEG633184530483425997_gz_arcsinh_vis_y_contour.jpg"",""original_image"":""102021017_NEG633184530483425997_gz_arcsinh_vis_y.jpg"",""disk-edge-on_yes_fraction"":""0.9736328""}","{""0"":""https://panoptes-uploads.zooniverse.org/subject_location/8becde6c-13b9-411b-b588-fc49006c4f9e.jpeg"",""1"":""https://panoptes-uploads.zooniverse.org/subject_location/b7273274-abf6-447a-bfa3-385cfcceef92.jpeg""}",0,,,2026-02-13 08:20:29 UTC,2026-02-13 08:20:29 UTC
117538751,31802,31221,134321,"{""redshift"":""0.2899999916553497"",""object_id"":""-589896806490313174"",""contour_image"":""102020532_NEG589896806490313174_gz_arcsinh_vis_y_contour.jpg"",""original_image"":""102020532_NEG589896806490313174_gz_arcsinh_vis_y.jpg"",""disk-edge-on_yes_fraction"":""0.9838867""}","{""0"":""https://panoptes-uploads.zooniverse.org/subject_location/79938536-c85d-4d10-bd95-2498893385a3.jpeg"",""1"":""https://panoptes-uploads.zooniverse.org/subject_location/b8dfdf0e-99af-422f-845e-00a7b5c86ae1.jpeg""}",0,,,2026-02-13 08:20:29 UTC,2026-02-13 08:20:29 UTC
117538752,31802,31221,134321,"{""redshift"":""0.2899999916553497"",""object_id"":""-532477294299341839"",""contour_image"":""102041658_NEG532477294299341839_gz_arcsinh_vis_y_contour.jpg"",""original_image"":""102041658_NEG532477294299341839_gz_arcsinh_vis_y.jpg"",""disk-edge-on_yes_fraction"":""0.984375""}","{""0"":""https://panoptes-uploads.zooniverse.org/subject_location/9095c805-a3aa-471a-b6da-ae5af8ac8f59.jpeg"",""1"":""https://panoptes-uploads.zooniverse.org/subject_location/08497776-0bd6-4ca5-961c-a607641232f2.jpeg""}",0,,,2026-02-13 08:20:30 UTC,2026-02-13 08:20:30 UTC
117538753,31802,31221,134321,"{""redshift"":""0.1599999964237213"",""object_id"":""2712985679666312030"",""contour_image"":""102159488_2712985679666312030_gz_arcsinh_vis_y_contour.jpg"",""original_image"":""102159488_2712985679666312030_gz_arcsinh_vis_y.jpg"",""disk-edge-on_yes_fraction"":""0.89453125""}","{""0"":""https://panoptes-uploads.zooniverse.org/subject_location/3a7a7e43-31dd-449c-832c-67394d426b2c.jpeg"",""1"":""https://panoptes-uploads.zooniverse.org/subject_location/bbe27add-05fe-48bb-a245-89460fb4794e.jpeg""}",0,,,2026-02-13 08:20:30 UTC,2026-02-13 08:20:30 UTC
117538754,31802,31221,134321,"{""redshift"":""0.1700000017881393"",""object_id"":""-516985975290133059"",""contour_image"":""102042913_NEG516985975290133059_gz_arcsinh_vis_y_contour.jpg"",""original_image"":""102042913_NEG516985975290133059_gz_arcsinh_vis_y.jpg"",""disk-edge-on_yes_fraction"":""0.85839844""}","{""0"":""https://panoptes-uploads.zooniverse.org/subject_location/6bcdc973-237a-4d7a-9cdd-36572911fb9d.jpeg"",""1"":""https://panoptes-uploads.zooniverse.org/subject_location/383c089e-54f5-4bc9-b80a-c0ed6956b646.jpeg""}",0,,,2026-02-13 08:20:31 UTC,2026-02-13 08:20:31 UTC
117538755,31802,31221,134321,"{""redshift"":""0.209999993443489"",""object_id"":""-531892487289616847"",""contour_image"":""102042915_NEG531892487289616847_gz_arcsinh_vis_y_contour.jpg"",""original_image"":""102042915_NEG531892487289616847_gz_arcsinh_vis_y.jpg"",""disk-edge-on_yes_fraction"":""0.984375""}","{""0"":""https://panoptes-uploads.zooniverse.org/subject_location/e9c2cc8a-851d-42a5-befd-595d3dbef132.jpeg"",""1"":""https://panoptes-uploads.zooniverse.org/subject_location/c28d0845-2bf1-4e12-9656-4f934add9682.jpeg""}",0,,,2026-02-13 08:20:31 UTC,2026-02-13 08:20:31 UTC
117538756,31802,31221,134321,"{""redshift"":""0.050000000745058"",""object_id"":""2712643811656741039"",""contour_image"":""102158892_2712643811656741039_gz_arcsinh_vis_y_contour.jpg"",""original_image"":""102158892_2712643811656741039_gz_arcsinh_vis_y.jpg"",""disk-edge-on_yes_fraction"":""0.95751953""}","{""0"":""https://panoptes-uploads.zooniverse.org/subject_location/8b891d15-bfb9-4c41-9ed2-65c8a4e72186.jpeg"",""1"":""https://panoptes-uploads.zooniverse.org/subject_location/6871fe24-e960-42bb-ba9c-3097052a72da.jpeg""}",0,,,2026-02-13 08:20:32 UTC,2026-02-13 08:20:32 UTC
117538757,31802,31221,134321,"{""redshift"":""0.0799999982118606"",""object_id"":""2687522629673615868"",""contour_image"":""102160058_2687522629673615868_gz_arcsinh_vis_y_contour.jpg"",""original_image"":""102160058_2687522629673615868_gz_arcsinh_vis_y.jpg"",""disk-edge-on_yes_fraction"":""0.9848633""}","{""0"":""https://panoptes-uploads.zooniverse.org/subject_location/7845b04e-4324-4145-b2ab-f24e9083f3e1.jpeg"",""1"":""https://panoptes-uploads.zooniverse.org/subject_location/7e122eb8-67eb-4d40-a1ea-dc7af533b957.jpeg""}",0,,,2026-02-13 08:20:32 UTC,2026-02-13 08:20:32 UTC
117538758,31802,31221,134321,"{""redshift"":""0.0799999982118606"",""object_id"":""2655314975654976532"",""contour_image"":""102158887_2655314975654976532_gz_arcsinh_vis_y_contour.jpg"",""original_image"":""102158887_2655314975654976532_gz_arcsinh_vis_y.jpg"",""disk-edge-on_yes_fraction"":""0.9736328""}","{""0"":""https://panoptes-uploads.zooniverse.org/subject_location/a9d1a3ce-a002-46c1-b5d9-189d90dd251e.jpeg"",""1"":""https://panoptes-uploads.zooniverse.org/subject_location/c49cd3cd-f441-442e-b9c4-ac324cbfcf08.jpeg""}",0,,,2026-02-13 08:20:33 UTC,2026-02-13 08:20:33 UTC
117538759,31802,31221,134321,"{""redshift"":""0.0900000035762786"",""object_id"":""2671209357666556645"",""contour_image"":""102159484_2671209357666556645_gz_arcsinh_vis_y_contour.jpg"",""original_image"":""102159484_2671209357666556645_gz_arcsinh_vis_y.jpg"",""disk-edge-on_yes_fraction"":""0.9604492""}","{""0"":""https://panoptes-uploads.zooniverse.org/subject_location/d355a70c-2418-4712-9724-423d9e558d5f.jpeg"",""1"":""https://panoptes-uploads.zooniverse.org/subject_location/6f7d3ff0-4203-4053-9845-02d1df1cd09c.jpeg""}",0,,,2026-02-13 08:20:33 UTC,2026-02-13 08:20:33 UTC
117538760,31802,31221,134321,"{""redshift"":""0.2199999988079071"",""object_id"":""2677785385649005212"",""contour_image"":""102158584_2677785385649005212_gz_arcsinh_vis_y_contour.jpg"",""original_image"":""102158584_2677785385649005212_gz_arcsinh_vis_y.jpg"",""disk-edge-on_yes_fraction"":""0.9760742""}","{""0"":""https://panoptes-uploads.zooniverse.org/subject_location/d730230c-aad3-44f7-891a-9c63f5a1fb01.jpeg"",""1"":""https://panoptes-uploads.zooniverse.org/subject_location/6cdfd700-a3fd-47e1-a232-83789f790183.jpeg""}",0,,,2026-02-13 08:20:33 UTC,2026-02-13 08:20:33 UTC
117538761,31802,31221,134321,"{""redshift"":""0.25"",""object_id"":""-626603715470136228"",""contour_image"":""102022479_NEG626603715470136228_gz_arcsinh_vis_y_contour.jpg"",""original_image"":""102022479_NEG626603715470136228_gz_arcsinh_vis_y.jpg"",""disk-edge-on_yes_fraction"":""0.97802734""}","{""0"":""https://panoptes-uploads.zooniverse.org/subject_location/64d63ca4-1632-4d5d-a334-7f8ebf775c5a.jpeg"",""1"":""https://panoptes-uploads.zooniverse.org/subject_location/c72313a6-f1fd-42e3-9119-8574a2b8b63c.jpeg""}",0,,,2026-02-13 08:20:34 UTC,2026-02-13 08:20:34 UTC
117538762,31802,31221,134321,"{""redshift"":""0.2399999946355819"",""object_id"":""-629341195483878484"",""contour_image"":""102021016_NEG629341195483878484_gz_arcsinh_vis_y_contour.jpg"",""original_image"":""102021016_NEG629341195483878484_gz_arcsinh_vis_y.jpg"",""disk-edge-on_yes_fraction"":""0.97021484""}","{""0"":""https://panoptes-uploads.zooniverse.org/subject_location/0d961626-829a-406c-8eb1-53a2c983824e.jpeg"",""1"":""https://panoptes-uploads.zooniverse.org/subject_location/30c32f51-e061-493e-b365-290c489c5f9e.jpeg""}",0,,,2026-02-13 08:20:34 UTC,2026-02-13 08:20:34 UTC
117538763,31802,31221,134321,"{""redshift"":""0.2300000041723251"",""object_id"":""2750541338672769964"",""contour_image"":""102160063_2750541338672769964_gz_arcsinh_vis_y_contour.jpg"",""original_image"":""102160063_2750541338672769964_gz_arcsinh_vis_y.jpg"",""disk-edge-on_yes_fraction"":""0.9741211""}","{""0"":""https://panoptes-uploads.zooniverse.org/subject_location/a81cf02f-34a0-4833-8ce7-cd7218d8e910.jpeg"",""1"":""https://panoptes-uploads.zooniverse.org/subject_location/e8e4103a-0110-4bef-9ae5-b5f93748da70.jpeg""}",0,,,2026-02-13 08:20:35 UTC,2026-02-13 08:20:35 UTC
117538764,31802,31221,134321,"{""redshift"":""0.1299999952316284"",""object_id"":""2688948730669414963"",""contour_image"":""102159774_2688948730669414963_gz_arcsinh_vis_y_contour.jpg"",""original_image"":""102159774_2688948730669414963_gz_arcsinh_vis_y.jpg"",""disk-edge-on_yes_fraction"":""0.89501953""}","{""0"":""https://panoptes-uploads.zooniverse.org/subject_location/a33e2c19-2a98-49f7-a650-72ee75e2f8f2.jpeg"",""1"":""https://panoptes-uploads.zooniverse.org/subject_location/91379aaa-5de9-412b-a1b9-ac9c3c72534f.jpeg""}",0,,,2026-02-13 08:20:35 UTC,2026-02-13 08:20:35 UTC
117538765,31802,31221,134321,"{""redshift"":""0.1400000005960464"",""object_id"":""2631443239665806426"",""contour_image"":""102159481_2631443239665806426_gz_arcsinh_vis_y_contour.jpg"",""original_image"":""102159481_2631443239665806426_gz_arcsinh_vis_y.jpg"",""disk-edge-on_yes_fraction"":""0.9711914""}","{""0"":""https://panoptes-uploads.zooniverse.org/subject_location/f1eaae90-90d0-414c-93da-840ccf8c3671.jpeg"",""1"":""https://panoptes-uploads.zooniverse.org/subject_location/97fa1097-c1ab-4bb0-9a2a-8c579f5f89e5.jpeg""}",0,,,2026-02-13 08:20:36 UTC,2026-02-13 08:20:36 UTC
117538766,31802,31221,134321,"{""redshift"":""0.270000010728836"",""object_id"":""-599647263500016130"",""contour_image"":""102019591_NEG599647263500016130_gz_arcsinh_vis_y_contour.jpg"",""original_image"":""102019591_NEG599647263500016130_gz_arcsinh_vis_y.jpg"",""disk-edge-on_yes_fraction"":""0.95166016""}","{""0"":""https://panoptes-uploads.zooniverse.org/subject_location/016f9168-95da-4771-8b0a-bff4aaded2aa.jpeg"",""1"":""https://panoptes-uploads.zooniverse.org/subject_location/c363b449-9b14-49c7-8dec-802e98ce7bd4.jpeg""}",0,,,2026-02-13 08:20:36 UTC,2026-02-13 08:20:36 UTC
117538767,31802,31221,134321,"{""redshift"":""0.2300000041723251"",""object_id"":""-616077241489442575"",""contour_image"":""102020536_NEG616077241489442575_gz_arcsinh_vis_y_contour.jpg"",""original_image"":""102020536_NEG616077241489442575_gz_arcsinh_vis_y.jpg"",""disk-edge-on_yes_fraction"":""0.92626953""}","{""0"":""https://panoptes-uploads.zooniverse.org/subject_location/9c70c320-c626-4177-afc6-cb8b5aa03bea.jpeg"",""1"":""https://panoptes-uploads.zooniverse.org/subject_location/48928f6c-b20a-442a-b70e-ef8faca2f0d6.jpeg""}",0,,,2026-02-13 08:20:37 UTC,2026-02-13 08:20:37 UTC
117538768,31802,31221,134321,"{""redshift"":""0.2800000011920929"",""object_id"":""-603664099506672174"",""contour_image"":""102019128_NEG603664099506672174_gz_arcsinh_vis_y_contour.jpg"",""original_image"":""102019128_NEG603664099506672174_gz_arcsinh_vis_y.jpg"",""disk-edge-on_yes_fraction"":""0.9609375""}","{""0"":""https://panoptes-uploads.zooniverse.org/subject_location/e0518a12-9c02-4b7c-88cf-ff705d7cb472.jpeg"",""1"":""https://panoptes-uploads.zooniverse.org/subject_location/e82b3908-1b00-41d6-9543-1bc2ce596b4f.jpeg""}",0,,,2026-02-13 08:20:37 UTC,2026-02-13 08:20:37 UTC
117538769,31802,31221,134321,"{""redshift"":""0.1199999973177909"",""object_id"":""2730518820663689324"",""contour_image"":""102159489_2730518820663689324_gz_arcsinh_vis_y_contour.jpg"",""original_image"":""102159489_2730518820663689324_gz_arcsinh_vis_y.jpg"",""disk-edge-on_yes_fraction"":""0.93310547""}","{""0"":""https://panoptes-uploads.zooniverse.org/subject_location/f20a0d9b-be17-4ed6-a51c-559b6199f0a1.jpeg"",""1"":""https://panoptes-uploads.zooniverse.org/subject_location/f648ca18-6e95-4864-950b-aa926eee2622.jpeg""}",0,,,2026-02-13 08:20:38 UTC,2026-02-13 08:20:38 UTC
117538770,31802,31221,134321,"{""redshift"":""0.2000000029802322"",""object_id"":""-584563652480623695"",""contour_image"":""102021493_NEG584563652480623695_gz_arcsinh_vis_y_contour.jpg"",""original_image"":""102021493_NEG584563652480623695_gz_arcsinh_vis_y.jpg"",""disk-edge-on_yes_fraction"":""0.98583984""}","{""0"":""https://panoptes-uploads.zooniverse.org/subject_location/146a11ad-8840-4edb-916a-3b570f420671.jpeg"",""1"":""https://panoptes-uploads.zooniverse.org/subject_location/2b12245f-5733-4224-8f1d-a73bce8b5ece.jpeg""}",0,,,2026-02-13 08:20:38 UTC,2026-02-13 08:20:38 UTC
117538771,31802,31221,134321,"{""redshift"":""0.2599999904632568"",""object_id"":""2748755924643683620"",""contour_image"":""102158278_2748755924643683620_gz_arcsinh_vis_y_contour.jpg"",""original_image"":""102158278_2748755924643683620_gz_arcsinh_vis_y.jpg"",""disk-edge-on_yes_fraction"":""0.98339844""}","{""0"":""https://panoptes-uploads.zooniverse.org/subject_location/9dfed0db-5c8a-492e-8a84-5e7857bc43ba.jpeg"",""1"":""https://panoptes-uploads.zooniverse.org/subject_location/1a4c8a91-1e31-453d-b766-e0f9a61f0d97.jpeg""}",0,,,2026-02-13 08:20:39 UTC,2026-02-13 08:20:39 UTC
117538772,31802,31221,134321,"{""redshift"":""0.1899999976158142"",""object_id"":""-531775395301046366"",""contour_image"":""102041658_NEG531775395301046366_gz_arcsinh_vis_y_contour.jpg"",""original_image"":""102041658_NEG531775395301046366_gz_arcsinh_vis_y.jpg"",""disk-edge-on_yes_fraction"":""0.8432617""}","{""0"":""https://panoptes-uploads.zooniverse.org/subject_location/fb7e68fc-7242-4a93-9c64-7128427e3dfc.jpeg"",""1"":""https://panoptes-uploads.zooniverse.org/subject_location/8ac59f98-b627-4f71-aa75-c8af125d7f6c.jpeg""}",0,,,2026-02-13 08:20:39 UTC,2026-02-13 08:20:39 UTC
117538773,31802,31221,134321,"{""redshift"":""0.1400000005960464"",""object_id"":""2751093934669717194"",""contour_image"":""102159779_2751093934669717194_gz_arcsinh_vis_y_contour.jpg"",""original_image"":""102159779_2751093934669717194_gz_arcsinh_vis_y.jpg"",""disk-edge-on_yes_fraction"":""0.9760742""}","{""0"":""https://panoptes-uploads.zooniverse.org/subject_location/727e3229-55ea-401f-ab95-4e4dadd02383.jpeg"",""1"":""https://panoptes-uploads.zooniverse.org/subject_location/0a6c05a8-0930-4aee-9e91-e578b1c72fe1.jpeg""}",0,,,2026-02-13 08:20:40 UTC,2026-02-13 08:20:40 UTC
117538774,31802,31221,134321,"{""redshift"":""0.0799999982118606"",""object_id"":""2649022518650776738"",""contour_image"":""102158581_2649022518650776738_gz_arcsinh_vis_y_contour.jpg"",""original_image"":""102158581_2649022518650776738_gz_arcsinh_vis_y.jpg"",""disk-edge-on_yes_fraction"":""0.9760742""}","{""0"":""https://panoptes-uploads.zooniverse.org/subject_location/0bb38fe3-8203-43bb-857f-454b64d5b490.jpeg"",""1"":""https://panoptes-uploads.zooniverse.org/subject_location/1e26ca4e-6326-4937-9a79-abeae2aa6a66.jpeg""}",0,,,2026-02-13 08:20:40 UTC,2026-02-13 08:20:40 UTC
117538775,31802,31221,134321,"{""redshift"":""0.1500000059604644"",""object_id"":""-577485205477477278"",""contour_image"":""102021980_NEG577485205477477278_gz_arcsinh_vis_y_contour.jpg"",""original_image"":""102021980_NEG577485205477477278_gz_arcsinh_vis_y.jpg"",""disk-edge-on_yes_fraction"":""0.9790039""}","{""0"":""https://panoptes-uploads.zooniverse.org/subject_location/3654aec0-f4de-4187-99b8-dc55fbca902e.jpeg"",""1"":""https://panoptes-uploads.zooniverse.org/subject_location/e9ce1667-5ead-48ba-935a-4dd562b03e97.jpeg""}",0,,,2026-02-13 08:20:41 UTC,2026-02-13 08:20:41 UTC
117538776,31802,31221,134321,"{""redshift"":""0.1199999973177909"",""object_id"":""-643107717471456134"",""contour_image"":""102022482_NEG643107717471456134_gz_arcsinh_vis_y_contour.jpg"",""original_image"":""102022482_NEG643107717471456134_gz_arcsinh_vis_y.jpg"",""disk-edge-on_yes_fraction"":""0.96728516""}","{""0"":""https://panoptes-uploads.zooniverse.org/subject_location/494280ed-7a19-41b6-b893-4677460fc308.jpeg"",""1"":""https://panoptes-uploads.zooniverse.org/subject_location/fd0bf682-81d2-4b63-9cf6-1826daa6acfe.jpeg""}",0,,,2026-02-13 08:20:41 UTC,2026-02-13 08:20:41 UTC
117538777,31802,31221,134321,"{""redshift"":""0.2199999988079071"",""object_id"":""-568834116492097302"",""contour_image"":""102020529_NEG568834116492097302_gz_arcsinh_vis_y_contour.jpg"",""original_image"":""102020529_NEG568834116492097302_gz_arcsinh_vis_y.jpg"",""disk-edge-on_yes_fraction"":""0.9838867""}","{""0"":""https://panoptes-uploads.zooniverse.org/subject_location/3dc8a3e5-f62a-4951-a17b-dc55335e2919.jpeg"",""1"":""https://panoptes-uploads.zooniverse.org/subject_location/59811cdc-9e9e-447f-a327-b13d47a99226.jpeg""}",0,,,2026-02-13 08:20:42 UTC,2026-02-13 08:20:42 UTC
117538778,31802,31221,134321,"{""redshift"":""0.0799999982118606"",""object_id"":""2682010536658495626"",""contour_image"":""102159190_2682010536658495626_gz_arcsinh_vis_y_contour.jpg"",""original_image"":""102159190_2682010536658495626_gz_arcsinh_vis_y.jpg"",""disk-edge-on_yes_fraction"":""0.94091797""}","{""0"":""https://panoptes-uploads.zooniverse.org/subject_location/9677eba0-780f-4998-94f8-2ae6c1ce773b.jpeg"",""1"":""https://panoptes-uploads.zooniverse.org/subject_location/1354ec4c-3d0a-421d-9bc7-abf8d939229c.jpeg""}",0,,,2026-02-13 08:20:42 UTC,2026-02-13 08:20:42 UTC
117538779,31802,31221,134321,"{""redshift"":""0.1400000005960464"",""object_id"":""2727933476645794871"",""contour_image"":""102158276_2727933476645794871_gz_arcsinh_vis_y_contour.jpg"",""original_image"":""102158276_2727933476645794871_gz_arcsinh_vis_y.jpg"",""disk-edge-on_yes_fraction"":""0.9814453""}","{""0"":""https://panoptes-uploads.zooniverse.org/subject_location/780c1705-9510-47a8-9aca-8dcf83635eb3.jpeg"",""1"":""https://panoptes-uploads.zooniverse.org/subject_location/84381684-b887-41b4-b7e5-c936a435276c.jpeg""}",0,,,2026-02-13 08:20:43 UTC,2026-02-13 08:20:43 UTC
117538780,31802,31221,134321,"{""redshift"":""0.050000000745058"",""object_id"":""2701783433670570125"",""contour_image"":""102159775_2701783433670570125_gz_arcsinh_vis_y_contour.jpg"",""original_image"":""102159775_2701783433670570125_gz_arcsinh_vis_y.jpg"",""disk-edge-on_yes_fraction"":""0.8984375""}","{""0"":""https://panoptes-uploads.zooniverse.org/subject_location/fcd10179-fc5d-4b06-bcab-04c18d70d8e5.jpeg"",""1"":""https://panoptes-uploads.zooniverse.org/subject_location/8205a377-d426-459f-8460-b581a4010f39.jpeg""}",0,,,2026-02-13 08:20:43 UTC,2026-02-13 08:20:43 UTC
117538781,31802,31221,134321,"{""redshift"":""0.1500000059604644"",""object_id"":""-658091202487720706"",""contour_image"":""102020541_NEG658091202487720706_gz_arcsinh_vis_y_contour.jpg"",""original_image"":""102020541_NEG658091202487720706_gz_arcsinh_vis_y.jpg"",""disk-edge-on_yes_fraction"":""0.88623047""}","{""0"":""https://panoptes-uploads.zooniverse.org/subject_location/b958acc3-9cca-44e1-bcfe-ea99fa33361b.jpeg"",""1"":""https://panoptes-uploads.zooniverse.org/subject_location/5b411007-d524-4374-8444-7bf11d97ebb0.jpeg""}",0,,,2026-02-13 08:20:44 UTC,2026-02-13 08:20:44 UTC
117538782,31802,31221,134321,"{""redshift"":""0.1599999964237213"",""object_id"":""2707369231656338495"",""contour_image"":""102158892_2707369231656338495_gz_arcsinh_vis_y_contour.jpg"",""original_image"":""102158892_2707369231656338495_gz_arcsinh_vis_y.jpg"",""disk-edge-on_yes_fraction"":""0.9682617""}","{""0"":""https://panoptes-uploads.zooniverse.org/subject_location/f38a7327-dba3-4c6b-9468-d2461c73d82f.jpeg"",""1"":""https://panoptes-uploads.zooniverse.org/subject_location/2f5a2f45-c530-4894-aafc-80f25d37c3ea.jpeg""}",0,,,2026-02-13 08:20:44 UTC,2026-02-13 08:20:44 UTC
117538783,31802,31221,134321,"{""redshift"":""0.2300000041723251"",""object_id"":""-529324533272944659"",""contour_image"":""102044824_NEG529324533272944659_gz_arcsinh_vis_y_contour.jpg"",""original_image"":""102044824_NEG529324533272944659_gz_arcsinh_vis_y.jpg"",""disk-edge-on_yes_fraction"":""0.9765625""}","{""0"":""https://panoptes-uploads.zooniverse.org/subject_location/a69a1eb0-a313-4753-a019-e01debc7bf7b.jpeg"",""1"":""https://panoptes-uploads.zooniverse.org/subject_location/5dbf9409-a9b1-448e-9401-1ec93a7fe65a.jpeg""}",0,,,2026-02-13 08:20:45 UTC,2026-02-13 08:20:45 UTC
117538784,31802,31221,134321,"{""redshift"":""0.1299999952316284"",""object_id"":""2681613355638382144"",""contour_image"":""102157954_2681613355638382144_gz_arcsinh_vis_y_contour.jpg"",""original_image"":""102157954_2681613355638382144_gz_arcsinh_vis_y.jpg"",""disk-edge-on_yes_fraction"":""0.96435547""}","{""0"":""https://panoptes-uploads.zooniverse.org/subject_location/fe09d100-d571-479f-b2b7-2600e6073e0e.jpeg"",""1"":""https://panoptes-uploads.zooniverse.org/subject_location/201c0460-684f-41ab-a3db-7af80fd66311.jpeg""}",0,,,2026-02-13 08:20:45 UTC,2026-02-13 08:20:45 UTC
117538785,31802,31221,134321,"{""redshift"":""0.2000000029802322"",""object_id"":""-542334610296753863"",""contour_image"":""102042287_NEG542334610296753863_gz_arcsinh_vis_y_contour.jpg"",""original_image"":""102042287_NEG542334610296753863_gz_arcsinh_vis_y.jpg"",""disk-edge-on_yes_fraction"":""0.98095703""}","{""0"":""https://panoptes-uploads.zooniverse.org/subject_location/84579e88-ae13-472e-b710-abe7bc4961c0.jpeg"",""1"":""https://panoptes-uploads.zooniverse.org/subject_location/5922408d-106a-402a-b72b-03f12a3cfe15.jpeg""}",0,,,2026-02-13 08:20:46 UTC,2026-02-13 08:20:46 UTC
117538786,31802,31221,134321,"{""redshift"":""0.1700000017881393"",""object_id"":""2701778036633926824"",""contour_image"":""102157633_2701778036633926824_gz_arcsinh_vis_y_contour.jpg"",""original_image"":""102157633_2701778036633926824_gz_arcsinh_vis_y.jpg"",""disk-edge-on_yes_fraction"":""0.9848633""}","{""0"":""https://panoptes-uploads.zooniverse.org/subject_location/6334311d-8d30-46c8-bb28-5df5d30e2093.jpeg"",""1"":""https://panoptes-uploads.zooniverse.org/subject_location/2c0ac110-3fef-45fe-a008-10b8efd0dde6.jpeg""}",0,,,2026-02-13 08:20:46 UTC,2026-02-13 08:20:46 UTC
117538787,31802,31221,134321,"{""redshift"":""0.1700000017881393"",""object_id"":""-660347869486523202"",""contour_image"":""102021020_NEG660347869486523202_gz_arcsinh_vis_y_contour.jpg"",""original_image"":""102021020_NEG660347869486523202_gz_arcsinh_vis_y.jpg"",""disk-edge-on_yes_fraction"":""0.96484375""}","{""0"":""https://panoptes-uploads.zooniverse.org/subject_location/4d672c45-01b7-42ba-aa5a-a771d25b17c8.jpeg"",""1"":""https://panoptes-uploads.zooniverse.org/subject_location/806b6aa5-abbf-4662-91bf-04cef30798c7.jpeg""}",0,,,2026-02-13 08:20:47 UTC,2026-02-13 08:20:47 UTC
117538788,31802,31221,134321,"{""redshift"":""0.0799999982118606"",""object_id"":""-509635089274188357"",""contour_image"":""102044821_NEG509635089274188357_gz_arcsinh_vis_y_contour.jpg"",""original_image"":""102044821_NEG509635089274188357_gz_arcsinh_vis_y.jpg"",""disk-edge-on_yes_fraction"":""0.8354492""}","{""0"":""https://panoptes-uploads.zooniverse.org/subject_location/6d0039e1-ee06-417e-9ad5-96d830e641cb.jpeg"",""1"":""https://panoptes-uploads.zooniverse.org/subject_location/507e7f71-d5e6-4b2c-9516-043df6339120.jpeg""}",0,,,2026-02-13 08:20:47 UTC,2026-02-13 08:20:47 UTC
117538789,31802,31221,134321,"{""redshift"":""0.1400000005960464"",""object_id"":""-648784364492587196"",""contour_image"":""102020066_NEG648784364492587196_gz_arcsinh_vis_y_contour.jpg"",""original_image"":""102020066_NEG648784364492587196_gz_arcsinh_vis_y.jpg"",""disk-edge-on_yes_fraction"":""0.97314453""}","{""0"":""https://panoptes-uploads.zooniverse.org/subject_location/bdb91453-28da-44d0-926c-19af5c8e2668.jpeg"",""1"":""https://panoptes-uploads.zooniverse.org/subject_location/40638c5e-286c-4be8-8de6-4cc5fa237e49.jpeg""}",0,,,2026-02-13 08:20:48 UTC,2026-02-13 08:20:48 UTC
117538790,31802,31221,134321,"{""redshift"":""0.1400000005960464"",""object_id"":""-648055450493757884"",""contour_image"":""102020066_NEG648055450493757884_gz_arcsinh_vis_y_contour.jpg"",""original_image"":""102020066_NEG648055450493757884_gz_arcsinh_vis_y.jpg"",""disk-edge-on_yes_fraction"":""0.87890625""}","{""0"":""https://panoptes-uploads.zooniverse.org/subject_location/12668a11-f938-4a00-b784-21a3bee85e49.jpeg"",""1"":""https://panoptes-uploads.zooniverse.org/subject_location/86b77dc7-0a9a-4b72-bcc2-9b0a8f0a2ee3.jpeg""}",0,,,2026-02-13 08:20:48 UTC,2026-02-13 08:20:48 UTC
117538791,31802,31221,134321,"{""redshift"":""0.1599999964237213"",""object_id"":""-569110920494228276"",""contour_image"":""102020056_NEG569110920494228276_gz_arcsinh_vis_y_contour.jpg"",""original_image"":""102020056_NEG569110920494228276_gz_arcsinh_vis_y.jpg"",""disk-edge-on_yes_fraction"":""0.98095703""}","{""0"":""https://panoptes-uploads.zooniverse.org/subject_location/9b020a75-284e-44ff-b66b-e95c899078bc.jpeg"",""1"":""https://panoptes-uploads.zooniverse.org/subject_location/34e0e755-9263-462e-8461-f98ab9465207.jpeg""}",0,,,2026-02-13 08:20:49 UTC,2026-02-13 08:20:49 UTC
117538792,31802,31221,134321,"{""redshift"":""0.2000000029802322"",""object_id"":""-526885226275330187"",""contour_image"":""102044824_NEG526885226275330187_gz_arcsinh_vis_y_contour.jpg"",""original_image"":""102044824_NEG526885226275330187_gz_arcsinh_vis_y.jpg"",""disk-edge-on_yes_fraction"":""0.94140625""}","{""0"":""https://panoptes-uploads.zooniverse.org/subject_location/a53b767a-23e4-4f5e-8692-d2986fa4cc6a.jpeg"",""1"":""https://panoptes-uploads.zooniverse.org/subject_location/e907bcb2-8e59-4879-9ff4-d74ba538ac89.jpeg""}",0,,,2026-02-13 08:20:49 UTC,2026-02-13 08:20:49 UTC
117538793,31802,31221,134321,"{""redshift"":""0.1700000017881393"",""object_id"":""-592313334475324171"",""contour_image"":""102021982_NEG592313334475324171_gz_arcsinh_vis_y_contour.jpg"",""original_image"":""102021982_NEG592313334475324171_gz_arcsinh_vis_y.jpg"",""disk-edge-on_yes_fraction"":""0.9824219""}","{""0"":""https://panoptes-uploads.zooniverse.org/subject_location/849bfa77-bdf9-447e-aba4-5894ec18a7a8.jpeg"",""1"":""https://panoptes-uploads.zooniverse.org/subject_location/0cf770c1-8c4a-4941-b1bd-0b90047da46d.jpeg""}",0,,,2026-02-13 08:20:50 UTC,2026-02-13 08:20:50 UTC
117538794,31802,31221,134321,"{""redshift"":""0.1899999976158142"",""object_id"":""2678532544660036991"",""contour_image"":""102159190_2678532544660036991_gz_arcsinh_vis_y_contour.jpg"",""original_image"":""102159190_2678532544660036991_gz_arcsinh_vis_y.jpg"",""disk-edge-on_yes_fraction"":""0.93408203""}","{""0"":""https://panoptes-uploads.zooniverse.org/subject_location/53cc3559-606a-4172-8920-9a9ae39e5090.jpeg"",""1"":""https://panoptes-uploads.zooniverse.org/subject_location/9e8a52e6-2d51-416d-bc13-4e7b2d808505.jpeg""}",0,,,2026-02-13 08:20:50 UTC,2026-02-13 08:20:50 UTC
117538795,31802,31221,134321,"{""redshift"":""0.1400000005960464"",""object_id"":""2714967812646031344"",""contour_image"":""102158275_2714967812646031344_gz_arcsinh_vis_y_contour.jpg"",""original_image"":""102158275_2714967812646031344_gz_arcsinh_vis_y.jpg"",""disk-edge-on_yes_fraction"":""0.98535156""}","{""0"":""https://panoptes-uploads.zooniverse.org/subject_location/52bfc464-03da-4c3c-8a7f-4d5d55860ac3.jpeg"",""1"":""https://panoptes-uploads.zooniverse.org/subject_location/ffb68e62-6746-405e-8cce-96a87e7bed4a.jpeg""}",0,,,2026-02-13 08:20:51 UTC,2026-02-13 08:20:51 UTC
117538796,31802,31221,134321,"{""redshift"":""0.1500000059604644"",""object_id"":""-592653464470847401"",""contour_image"":""102022475_NEG592653464470847401_gz_arcsinh_vis_y_contour.jpg"",""original_image"":""102022475_NEG592653464470847401_gz_arcsinh_vis_y.jpg"",""disk-edge-on_yes_fraction"":""0.89990234""}","{""0"":""https://panoptes-uploads.zooniverse.org/subject_location/391d937a-cb5b-436d-a725-da07757fa0ce.jpeg"",""1"":""https://panoptes-uploads.zooniverse.org/subject_location/8e03bdbf-0a23-4d95-8cee-231f0a437459.jpeg""}",0,,,2026-02-13 08:20:51 UTC,2026-02-13 08:20:51 UTC
117538797,31802,31221,134321,"{""redshift"":""0.1800000071525573"",""object_id"":""2732897156680713722"",""contour_image"":""102160339_2732897156680713722_gz_arcsinh_vis_y_contour.jpg"",""original_image"":""102160339_2732897156680713722_gz_arcsinh_vis_y.jpg"",""disk-edge-on_yes_fraction"":""0.96191406""}","{""0"":""https://panoptes-uploads.zooniverse.org/subject_location/29485b69-4b89-48a5-970f-4138e1b48478.jpeg"",""1"":""https://panoptes-uploads.zooniverse.org/subject_location/4cad8269-3478-490a-a84e-889fb8ff3e42.jpeg""}",0,,,2026-02-13 08:20:52 UTC,2026-02-13 08:20:52 UTC
117538798,31802,31221,134321,"{""redshift"":""0.270000010728836"",""object_id"":""-611858119487876961"",""contour_image"":""102020535_NEG611858119487876961_gz_arcsinh_vis_y_contour.jpg"",""original_image"":""102020535_NEG611858119487876961_gz_arcsinh_vis_y.jpg"",""disk-edge-on_yes_fraction"":""0.984375""}","{""0"":""https://panoptes-uploads.zooniverse.org/subject_location/d6456ab5-d54c-4631-b2a6-21c5c01a0e06.jpeg"",""1"":""https://panoptes-uploads.zooniverse.org/subject_location/9928c979-8aa2-4609-b4d4-468a5f86e3fa.jpeg""}",0,,,2026-02-13 08:20:52 UTC,2026-02-13 08:20:52 UTC
117538799,31802,31221,134321,"{""redshift"":""0.1400000005960464"",""object_id"":""-521069338287632680"",""contour_image"":""102042914_NEG521069338287632680_gz_arcsinh_vis_y_contour.jpg"",""original_image"":""102042914_NEG521069338287632680_gz_arcsinh_vis_y.jpg"",""disk-edge-on_yes_fraction"":""0.94677734""}","{""0"":""https://panoptes-uploads.zooniverse.org/subject_location/5122caff-0797-48e6-b663-cb02e13c2361.jpeg"",""1"":""https://panoptes-uploads.zooniverse.org/subject_location/953322c1-d86f-4b9b-8771-14e857e5c206.jpeg""}",0,,,2026-02-13 08:20:53 UTC,2026-02-13 08:20:53 UTC
117538800,31802,31221,134321,"{""redshift"":""0.1800000071525573"",""object_id"":""2717504196656525278"",""contour_image"":""102158893_2717504196656525278_gz_arcsinh_vis_y_contour.jpg"",""original_image"":""102158893_2717504196656525278_gz_arcsinh_vis_y.jpg"",""disk-edge-on_yes_fraction"":""0.98046875""}","{""0"":""https://panoptes-uploads.zooniverse.org/subject_location/f694a7d7-3019-4396-9c12-55584675a1db.jpeg"",""1"":""https://panoptes-uploads.zooniverse.org/subject_location/e3bbbdad-d36a-4eb1-a26c-7e0f6fd29d8d.jpeg""}",0,,,2026-02-13 08:20:53 UTC,2026-02-13 08:20:53 UTC
117538801,31802,31221,134321,"{""redshift"":""0.2399999946355819"",""object_id"":""2679175347636574719"",""contour_image"":""102157631_2679175347636574719_gz_arcsinh_vis_y_contour.jpg"",""original_image"":""102157631_2679175347636574719_gz_arcsinh_vis_y.jpg"",""disk-edge-on_yes_fraction"":""0.9790039""}","{""0"":""https://panoptes-uploads.zooniverse.org/subject_location/d9f9babc-39f8-4efb-b669-10e324dba1da.jpeg"",""1"":""https://panoptes-uploads.zooniverse.org/subject_location/af409965-d53a-4380-b953-58fcd044e1a6.jpeg""}",0,,,2026-02-13 08:20:54 UTC,2026-02-13 08:20:54 UTC
117538802,31802,31221,134321,"{""redshift"":""0.2599999904632568"",""object_id"":""-657930382485953188"",""contour_image"":""102021020_NEG657930382485953188_gz_arcsinh_vis_y_contour.jpg"",""original_image"":""102021020_NEG657930382485953188_gz_arcsinh_vis_y.jpg"",""disk-edge-on_yes_fraction"":""0.98535156""}","{""0"":""https://panoptes-uploads.zooniverse.org/subject_location/e508632a-dd11-4096-8c4c-c65f317880c5.jpeg"",""1"":""https://panoptes-uploads.zooniverse.org/subject_location/5d91f79c-9cd1-4f9e-a404-a6f506ae93ee.jpeg""}",0,,,2026-02-13 08:20:54 UTC,2026-02-13 08:20:54 UTC
117538803,31802,31221,134321,"{""redshift"":""0.1899999976158142"",""object_id"":""2642918446645970363"",""contour_image"":""102158269_2642918446645970363_gz_arcsinh_vis_y_contour.jpg"",""original_image"":""102158269_2642918446645970363_gz_arcsinh_vis_y.jpg"",""disk-edge-on_yes_fraction"":""0.9511719""}","{""0"":""https://panoptes-uploads.zooniverse.org/subject_location/378b5f6f-d459-4543-a6a1-b56d31bc6a43.jpeg"",""1"":""https://panoptes-uploads.zooniverse.org/subject_location/635e18d2-54fc-4632-88a3-be42ffa7beae.jpeg""}",0,,,2026-02-13 08:20:55 UTC,2026-02-13 08:20:55 UTC
117538804,31802,31221,134321,"{""redshift"":""0.2599999904632568"",""object_id"":""-659141093471042094"",""contour_image"":""102022484_NEG659141093471042094_gz_arcsinh_vis_y_contour.jpg"",""original_image"":""102022484_NEG659141093471042094_gz_arcsinh_vis_y.jpg"",""disk-edge-on_yes_fraction"":""0.8417969""}","{""0"":""https://panoptes-uploads.zooniverse.org/subject_location/7a6f8ccb-a2f3-4ca0-a479-a953e4ca22df.jpeg"",""1"":""https://panoptes-uploads.zooniverse.org/subject_location/b5676b34-6c6d-49fd-ac9d-109775aae416.jpeg""}",0,,,2026-02-13 08:20:55 UTC,2026-02-13 08:20:55 UTC
117538805,31802,31221,134321,"{""redshift"":""0.25"",""object_id"":""-632208225464775069"",""contour_image"":""102022977_NEG632208225464775069_gz_arcsinh_vis_y_contour.jpg"",""original_image"":""102022977_NEG632208225464775069_gz_arcsinh_vis_y.jpg"",""disk-edge-on_yes_fraction"":""0.9584961""}","{""0"":""https://panoptes-uploads.zooniverse.org/subject_location/d96e202e-9bf3-4a45-a50e-113104a2e9b4.jpeg"",""1"":""https://panoptes-uploads.zooniverse.org/subject_location/21351f71-ff26-44e0-b5f2-072d85d0a128.jpeg""}",0,,,2026-02-13 08:20:56 UTC,2026-02-13 08:20:56 UTC
117538806,31802,31221,134321,"{""redshift"":""0.2000000029802322"",""object_id"":""2715958009660898986"",""contour_image"":""102159193_2715958009660898986_gz_arcsinh_vis_y_contour.jpg"",""original_image"":""102159193_2715958009660898986_gz_arcsinh_vis_y.jpg"",""disk-edge-on_yes_fraction"":""0.9746094""}","{""0"":""https://panoptes-uploads.zooniverse.org/subject_location/b4723c13-53ac-4b2d-9c6b-ce28859f6416.jpeg"",""1"":""https://panoptes-uploads.zooniverse.org/subject_location/89759f02-d707-4d26-a107-fed0eb31e0f3.jpeg""}",0,,,2026-02-13 08:20:56 UTC,2026-02-13 08:20:56 UTC
117538807,31802,31221,134321,"{""redshift"":""0.1700000017881393"",""object_id"":""2711617914675616723"",""contour_image"":""102160060_2711617914675616723_gz_arcsinh_vis_y_contour.jpg"",""original_image"":""102160060_2711617914675616723_gz_arcsinh_vis_y.jpg"",""disk-edge-on_yes_fraction"":""0.95751953""}","{""0"":""https://panoptes-uploads.zooniverse.org/subject_location/932c95bf-8731-4e19-b6c7-8febe2a2ad7c.jpeg"",""1"":""https://panoptes-uploads.zooniverse.org/subject_location/fd2b72cc-fa4d-42e8-a70a-785f98de8387.jpeg""}",0,,,2026-02-13 08:20:57 UTC,2026-02-13 08:20:57 UTC
117538808,31802,31221,134321,"{""redshift"":""0.2199999988079071"",""object_id"":""-627204951483299853"",""contour_image"":""102021016_NEG627204951483299853_gz_arcsinh_vis_y_contour.jpg"",""original_image"":""102021016_NEG627204951483299853_gz_arcsinh_vis_y.jpg"",""disk-edge-on_yes_fraction"":""0.8232422""}","{""0"":""https://panoptes-uploads.zooniverse.org/subject_location/5f7697ec-8132-48d6-8134-1b5e07a968aa.jpeg"",""1"":""https://panoptes-uploads.zooniverse.org/subject_location/7b9d04d3-5ca4-4cd8-8c89-79afe75f0958.jpeg""}",0,,,2026-02-13 08:20:57 UTC,2026-02-13 08:20:57 UTC
117538809,31802,31221,134321,"{""redshift"":""0.1500000059604644"",""object_id"":""-641607531471728403"",""contour_image"":""102022481_NEG641607531471728403_gz_arcsinh_vis_y_contour.jpg"",""original_image"":""102022481_NEG641607531471728403_gz_arcsinh_vis_y.jpg"",""disk-edge-on_yes_fraction"":""0.9716797""}","{""0"":""https://panoptes-uploads.zooniverse.org/subject_location/6dd797e5-bcb4-44f2-904e-b2eced3d6b22.jpeg"",""1"":""https://panoptes-uploads.zooniverse.org/subject_location/e600a5da-38eb-40f0-883a-9cf3d1cd5a4b.jpeg""}",0,,,2026-02-13 08:20:58 UTC,2026-02-13 08:20:58 UTC
117538810,31802,31221,134321,"{""redshift"":""0.1800000071525573"",""object_id"":""-640211506456458006"",""contour_image"":""102023986_NEG640211506456458006_gz_arcsinh_vis_y_contour.jpg"",""original_image"":""102023986_NEG640211506456458006_gz_arcsinh_vis_y.jpg"",""disk-edge-on_yes_fraction"":""0.8564453""}","{""0"":""https://panoptes-uploads.zooniverse.org/subject_location/2fac3ddb-3efc-45fa-8ae7-cba8e79c9276.jpeg"",""1"":""https://panoptes-uploads.zooniverse.org/subject_location/609dd37a-5773-4f7e-a47c-0d7245fca979.jpeg""}",0,,,2026-02-13 08:20:58 UTC,2026-02-13 08:20:58 UTC
117538811,31802,31221,134321,"{""redshift"":""0.1700000017881393"",""object_id"":""-518434600278780420"",""contour_image"":""102044183_NEG518434600278780420_gz_arcsinh_vis_y_contour.jpg"",""original_image"":""102044183_NEG518434600278780420_gz_arcsinh_vis_y.jpg"",""disk-edge-on_yes_fraction"":""0.9296875""}","{""0"":""https://panoptes-uploads.zooniverse.org/subject_location/ba398272-a645-4a0b-b349-b237e8f159cb.jpeg"",""1"":""https://panoptes-uploads.zooniverse.org/subject_location/f0671696-4712-4434-96ca-f927312482eb.jpeg""}",0,,,2026-02-13 08:20:59 UTC,2026-02-13 08:20:59 UTC
117538812,31802,31221,134321,"{""redshift"":""0.209999993443489"",""object_id"":""-650632863484489916"",""contour_image"":""102021019_NEG650632863484489916_gz_arcsinh_vis_y_contour.jpg"",""original_image"":""102021019_NEG650632863484489916_gz_arcsinh_vis_y.jpg"",""disk-edge-on_yes_fraction"":""0.9819336""}","{""0"":""https://panoptes-uploads.zooniverse.org/subject_location/a50c9b38-1d9e-4c37-83df-27c87007da4e.jpeg"",""1"":""https://panoptes-uploads.zooniverse.org/subject_location/ea1097d9-336e-4837-a521-5cfe37c43497.jpeg""}",0,,,2026-02-13 08:20:59 UTC,2026-02-13 08:20:59 UTC
117538813,31802,31221,134321,"{""redshift"":""0.25"",""object_id"":""2674569884643719767"",""contour_image"":""102158271_2674569884643719767_gz_arcsinh_vis_y_contour.jpg"",""original_image"":""102158271_2674569884643719767_gz_arcsinh_vis_y.jpg"",""disk-edge-on_yes_fraction"":""0.91748047""}","{""0"":""https://panoptes-uploads.zooniverse.org/subject_location/8d921d7f-96ad-40c7-a7b8-fc193f18defa.jpeg"",""1"":""https://panoptes-uploads.zooniverse.org/subject_location/69458f71-5b52-4640-a184-26d2d7a3b0af.jpeg""}",0,,,2026-02-13 08:21:00 UTC,2026-02-13 08:21:00 UTC
117538814,31802,31221,134321,"{""redshift"":""0.1099999994039535"",""object_id"":""-511488188288833899"",""contour_image"":""102042912_NEG511488188288833899_gz_arcsinh_vis_y_contour.jpg"",""original_image"":""102042912_NEG511488188288833899_gz_arcsinh_vis_y.jpg"",""disk-edge-on_yes_fraction"":""0.97558594""}","{""0"":""https://panoptes-uploads.zooniverse.org/subject_location/8cfc3bcd-4cb8-4a81-b7e5-1e0e20169734.jpeg"",""1"":""https://panoptes-uploads.zooniverse.org/subject_location/e62cc986-9fe6-43f5-9ab6-e5a0d2676658.jpeg""}",0,,,2026-02-13 08:21:00 UTC,2026-02-13 08:21:00 UTC
117538815,31802,31221,134321,"{""redshift"":""0.0900000035762786"",""object_id"":""2722492913663701060"",""contour_image"":""102159488_2722492913663701060_gz_arcsinh_vis_y_contour.jpg"",""original_image"":""102159488_2722492913663701060_gz_arcsinh_vis_y.jpg"",""disk-edge-on_yes_fraction"":""0.88378906""}","{""0"":""https://panoptes-uploads.zooniverse.org/subject_location/90faad0e-c7f3-4982-821b-3e4bba756001.jpeg"",""1"":""https://panoptes-uploads.zooniverse.org/subject_location/9ee45a4e-b8e7-46c9-91aa-78ffb79c3c2d.jpeg""}",0,,,2026-02-13 08:21:01 UTC,2026-02-13 08:21:01 UTC
117538816,31802,31221,134321,"{""redshift"":""0.2000000029802322"",""object_id"":""2757011313666038441"",""contour_image"":""102159491_2757011313666038441_gz_arcsinh_vis_y_contour.jpg"",""original_image"":""102159491_2757011313666038441_gz_arcsinh_vis_y.jpg"",""disk-edge-on_yes_fraction"":""0.8496094""}","{""0"":""https://panoptes-uploads.zooniverse.org/subject_location/5e53b02a-e553-45b7-9629-d55321157ed9.jpeg"",""1"":""https://panoptes-uploads.zooniverse.org/subject_location/273409bb-eac0-44b6-809d-fa9a3e29ab98.jpeg""}",0,,,2026-02-13 08:21:01 UTC,2026-02-13 08:21:01 UTC
117538817,31802,31221,134321,"{""redshift"":""0.1099999994039535"",""object_id"":""2716148472663381326"",""contour_image"":""102159488_2716148472663381326_gz_arcsinh_vis_y_contour.jpg"",""original_image"":""102159488_2716148472663381326_gz_arcsinh_vis_y.jpg"",""disk-edge-on_yes_fraction"":""0.96875""}","{""0"":""https://panoptes-uploads.zooniverse.org/subject_location/983c0eb9-cfb1-4803-a950-b44aadab1583.jpeg"",""1"":""https://panoptes-uploads.zooniverse.org/subject_location/313d7faf-5802-4489-94c3-5dcb87ee5d7a.jpeg""}",0,,,2026-02-13 08:21:02 UTC,2026-02-13 08:21:02 UTC
117538818,31802,31221,134321,"{""redshift"":""0.2000000029802322"",""object_id"":""-512761687265631579"",""contour_image"":""102046109_NEG512761687265631579_gz_arcsinh_vis_y_contour.jpg"",""original_image"":""102046109_NEG512761687265631579_gz_arcsinh_vis_y.jpg"",""disk-edge-on_yes_fraction"":""0.95703125""}","{""0"":""https://panoptes-uploads.zooniverse.org/subject_location/1a294d8d-8c80-4e1b-a54d-1d6b9582c5d1.jpeg"",""1"":""https://panoptes-uploads.zooniverse.org/subject_location/509d63a5-a641-4f65-9d00-afaf774fc5b9.jpeg""}",0,,,2026-02-13 08:21:02 UTC,2026-02-13 08:21:02 UTC
117538819,31802,31221,134321,"{""redshift"":""0.1000000014901161"",""object_id"":""2625552575656655946"",""contour_image"":""102158885_2625552575656655946_gz_arcsinh_vis_y_contour.jpg"",""original_image"":""102158885_2625552575656655946_gz_arcsinh_vis_y.jpg"",""disk-edge-on_yes_fraction"":""0.921875""}","{""0"":""https://panoptes-uploads.zooniverse.org/subject_location/8a1ae2c4-4de1-41cc-91f5-512ef01b6e69.jpeg"",""1"":""https://panoptes-uploads.zooniverse.org/subject_location/19e566cf-6812-42ab-8684-6c39b7409bb9.jpeg""}",0,,,2026-02-13 08:21:03 UTC,2026-02-13 08:21:03 UTC
117538820,31802,31221,134321,"{""redshift"":""0.270000010728836"",""object_id"":""-540093262271244114"",""contour_image"":""102045469_NEG540093262271244114_gz_arcsinh_vis_y_contour.jpg"",""original_image"":""102045469_NEG540093262271244114_gz_arcsinh_vis_y.jpg"",""disk-edge-on_yes_fraction"":""0.95458984""}","{""0"":""https://panoptes-uploads.zooniverse.org/subject_location/932a8ff4-b6b0-44f4-9d33-7ee234203977.jpeg"",""1"":""https://panoptes-uploads.zooniverse.org/subject_location/724e4afc-29b3-4302-9454-a1c4e38b28ac.jpeg""}",0,,,2026-02-13 08:21:03 UTC,2026-02-13 08:21:03 UTC
117538821,31802,31221,134321,"{""redshift"":""0.0599999986588954"",""object_id"":""-631206680463952652"",""contour_image"":""102022977_NEG631206680463952652_gz_arcsinh_vis_y_contour.jpg"",""original_image"":""102022977_NEG631206680463952652_gz_arcsinh_vis_y.jpg"",""disk-edge-on_yes_fraction"":""0.8911133""}","{""0"":""https://panoptes-uploads.zooniverse.org/subject_location/ec0acb13-1c24-43f1-bd48-54f6b5f6fb9f.jpeg"",""1"":""https://panoptes-uploads.zooniverse.org/subject_location/559b0487-3816-4e9c-9224-9a400ff025c5.jpeg""}",0,,,2026-02-13 08:21:04 UTC,2026-02-13 08:21:04 UTC
117538822,31802,31221,134321,"{""redshift"":""0.25"",""object_id"":""2687287531673886396"",""contour_image"":""102160058_2687287531673886396_gz_arcsinh_vis_y_contour.jpg"",""original_image"":""102160058_2687287531673886396_gz_arcsinh_vis_y.jpg"",""disk-edge-on_yes_fraction"":""0.97998047""}","{""0"":""https://panoptes-uploads.zooniverse.org/subject_location/64edbdb4-c088-4d06-9241-e2d025e53388.jpeg"",""1"":""https://panoptes-uploads.zooniverse.org/subject_location/8280f423-bcdd-49da-a8fe-2fe405a4edcb.jpeg""}",0,,,2026-02-13 08:21:04 UTC,2026-02-13 08:21:04 UTC
117538823,31802,31221,134321,"{""redshift"":""0.2800000011920929"",""object_id"":""-535485621273554610"",""contour_image"":""102044825_NEG535485621273554610_gz_arcsinh_vis_y_contour.jpg"",""original_image"":""102044825_NEG535485621273554610_gz_arcsinh_vis_y.jpg"",""disk-edge-on_yes_fraction"":""0.9555664""}","{""0"":""https://panoptes-uploads.zooniverse.org/subject_location/45576c7a-9726-43a8-8d28-513e9dc9a690.jpeg"",""1"":""https://panoptes-uploads.zooniverse.org/subject_location/11435d50-4890-4c4e-bf0f-677ac35d11ac.jpeg""}",0,,,2026-02-13 08:21:05 UTC,2026-02-13 08:21:05 UTC
117538824,31802,31221,134321,"{""redshift"":""0.0799999982118606"",""object_id"":""2643745310661457043"",""contour_image"":""102159187_2643745310661457043_gz_arcsinh_vis_y_contour.jpg"",""original_image"":""102159187_2643745310661457043_gz_arcsinh_vis_y.jpg"",""disk-edge-on_yes_fraction"":""0.97558594""}","{""0"":""https://panoptes-uploads.zooniverse.org/subject_location/682ec7ff-594f-4253-9d07-25252c056c6d.jpeg"",""1"":""https://panoptes-uploads.zooniverse.org/subject_location/30d35ef4-d0fa-4b30-a3c5-3ee0709129a3.jpeg""}",0,,,2026-02-13 08:21:05 UTC,2026-02-13 08:21:05 UTC
117538825,31802,31221,134321,"{""redshift"":""0.1899999976158142"",""object_id"":""-514662294282034196"",""contour_image"":""102044182_NEG514662294282034196_gz_arcsinh_vis_y_contour.jpg"",""original_image"":""102044182_NEG514662294282034196_gz_arcsinh_vis_y.jpg"",""disk-edge-on_yes_fraction"":""0.96240234""}","{""0"":""https://panoptes-uploads.zooniverse.org/subject_location/fbc3af1b-bdfb-43e4-987d-4a438491fc5d.jpeg"",""1"":""https://panoptes-uploads.zooniverse.org/subject_location/f0b2d264-2655-4544-9995-0f429a4a7188.jpeg""}",0,,,2026-02-13 08:21:06 UTC,2026-02-13 08:21:06 UTC
117538826,31802,31221,134321,"{""redshift"":""0.2000000029802322"",""object_id"":""2748139581647996497"",""contour_image"":""102158590_2748139581647996497_gz_arcsinh_vis_y_contour.jpg"",""original_image"":""102158590_2748139581647996497_gz_arcsinh_vis_y.jpg"",""disk-edge-on_yes_fraction"":""0.9536133""}","{""0"":""https://panoptes-uploads.zooniverse.org/subject_location/489426ff-cb9b-4cf3-b4b6-d2e8cc88b0d5.jpeg"",""1"":""https://panoptes-uploads.zooniverse.org/subject_location/0fd6fc7d-f279-4091-a4d1-c0d893066758.jpeg""}",0,,,2026-02-13 08:21:06 UTC,2026-02-13 08:21:06 UTC
117538827,31802,31221,134321,"{""redshift"":""0.1500000059604644"",""object_id"":""-578499220481584443"",""contour_image"":""102021492_NEG578499220481584443_gz_arcsinh_vis_y_contour.jpg"",""original_image"":""102021492_NEG578499220481584443_gz_arcsinh_vis_y.jpg"",""disk-edge-on_yes_fraction"":""0.8461914""}","{""0"":""https://panoptes-uploads.zooniverse.org/subject_location/b58566a0-382b-4183-8cd7-46bc599905c3.jpeg"",""1"":""https://panoptes-uploads.zooniverse.org/subject_location/117e215d-ab26-42a4-871e-cf120905e3fd.jpeg""}",0,,,2026-02-13 08:21:07 UTC,2026-02-13 08:21:07 UTC
117538828,31802,31221,134321,"{""redshift"":""0.270000010728836"",""object_id"":""-547736668286997032"",""contour_image"":""102043552_NEG547736668286997032_gz_arcsinh_vis_y_contour.jpg"",""original_image"":""102043552_NEG547736668286997032_gz_arcsinh_vis_y.jpg"",""disk-edge-on_yes_fraction"":""0.9746094""}","{""0"":""https://panoptes-uploads.zooniverse.org/subject_location/c42a69ff-6adc-401f-9958-dfdec125961a.jpeg"",""1"":""https://panoptes-uploads.zooniverse.org/subject_location/acfca798-59e0-426a-ba07-e226e6fa8f15.jpeg""}",0,,,2026-02-13 08:21:07 UTC,2026-02-13 08:21:07 UTC
117538829,31802,31221,134321,"{""redshift"":""0.1599999964237213"",""object_id"":""2655572832651317787"",""contour_image"":""102158582_2655572832651317787_gz_arcsinh_vis_y_contour.jpg"",""original_image"":""102158582_2655572832651317787_gz_arcsinh_vis_y.jpg"",""disk-edge-on_yes_fraction"":""0.9536133""}","{""0"":""https://panoptes-uploads.zooniverse.org/subject_location/cf04ee6c-b4f4-430d-8483-00147fe4caa0.jpeg"",""1"":""https://panoptes-uploads.zooniverse.org/subject_location/bbe86987-0e26-43c9-867b-2ad28f51c464.jpeg""}",0,,,2026-02-13 08:21:08 UTC,2026-02-13 08:21:08 UTC
117538830,31802,31221,134321,"{""redshift"":""0.1700000017881393"",""object_id"":""-583477367506199496"",""contour_image"":""102019125_NEG583477367506199496_gz_arcsinh_vis_y_contour.jpg"",""original_image"":""102019125_NEG583477367506199496_gz_arcsinh_vis_y.jpg"",""disk-edge-on_yes_fraction"":""0.85791016""}","{""0"":""https://panoptes-uploads.zooniverse.org/subject_location/fa6c8a60-952c-4d7c-92dd-ce9fc0575c99.jpeg"",""1"":""https://panoptes-uploads.zooniverse.org/subject_location/5a83e8bf-2508-4468-b230-058b9713916e.jpeg""}",0,,,2026-02-13 08:21:08 UTC,2026-02-13 08:21:08 UTC
117538831,31802,31221,134321,"{""redshift"":""0.25"",""object_id"":""-634185459487235187"",""contour_image"":""102021017_NEG634185459487235187_gz_arcsinh_vis_y_contour.jpg"",""original_image"":""102021017_NEG634185459487235187_gz_arcsinh_vis_y.jpg"",""disk-edge-on_yes_fraction"":""0.94189453""}","{""0"":""https://panoptes-uploads.zooniverse.org/subject_location/898e5e51-fcb6-4f92-a38d-259b1505a38b.jpeg"",""1"":""https://panoptes-uploads.zooniverse.org/subject_location/e28223a9-5c04-48f4-8e2d-350847465e14.jpeg""}",0,,,2026-02-13 08:21:09 UTC,2026-02-13 08:21:09 UTC
117538832,31802,31221,134321,"{""redshift"":""0.2599999904632568"",""object_id"":""-543430789280020389"",""contour_image"":""102044187_NEG543430789280020389_gz_arcsinh_vis_y_contour.jpg"",""original_image"":""102044187_NEG543430789280020389_gz_arcsinh_vis_y.jpg"",""disk-edge-on_yes_fraction"":""0.9838867""}","{""0"":""https://panoptes-uploads.zooniverse.org/subject_location/ed343022-ed75-42e9-af74-e7984056f09a.jpeg"",""1"":""https://panoptes-uploads.zooniverse.org/subject_location/28b31329-dda9-4403-accd-b42fd2a46bcc.jpeg""}",0,,,2026-02-13 08:21:09 UTC,2026-02-13 08:21:09 UTC
117538833,31802,31221,134321,"{""redshift"":""0.1099999994039535"",""object_id"":""-578871979476310262"",""contour_image"":""102021980_NEG578871979476310262_gz_arcsinh_vis_y_contour.jpg"",""original_image"":""102021980_NEG578871979476310262_gz_arcsinh_vis_y.jpg"",""disk-edge-on_yes_fraction"":""0.98535156""}","{""0"":""https://panoptes-uploads.zooniverse.org/subject_location/63778752-307b-4f5f-a9f6-07417b35f6bd.jpeg"",""1"":""https://panoptes-uploads.zooniverse.org/subject_location/7974620f-b204-48cf-baa7-5f9e0bbefa80.jpeg""}",0,,,2026-02-13 08:21:10 UTC,2026-02-13 08:21:10 UTC
117538834,31802,31221,134321,"{""redshift"":""0.1899999976158142"",""object_id"":""-517222187290179108"",""contour_image"":""102042913_NEG517222187290179108_gz_arcsinh_vis_y_contour.jpg"",""original_image"":""102042913_NEG517222187290179108_gz_arcsinh_vis_y.jpg"",""disk-edge-on_yes_fraction"":""0.95703125""}","{""0"":""https://panoptes-uploads.zooniverse.org/subject_location/4cdc1d2f-8333-4015-8ffc-9f9c39c1e05f.jpeg"",""1"":""https://panoptes-uploads.zooniverse.org/subject_location/28eecf1a-79ad-4760-9b53-0131618e84b1.jpeg""}",0,,,2026-02-13 08:21:10 UTC,2026-02-13 08:21:10 UTC
117538835,31802,31221,134321,"{""redshift"":""0.1599999964237213"",""object_id"":""-572310374490609516"",""contour_image"":""102020530_NEG572310374490609516_gz_arcsinh_vis_y_contour.jpg"",""original_image"":""102020530_NEG572310374490609516_gz_arcsinh_vis_y.jpg"",""disk-edge-on_yes_fraction"":""0.96240234""}","{""0"":""https://panoptes-uploads.zooniverse.org/subject_location/39266811-5a2b-4ba6-827a-a8c45ec44d2f.jpeg"",""1"":""https://panoptes-uploads.zooniverse.org/subject_location/0d1f2f32-6a88-4d41-875c-438c2bcb10af.jpeg""}",0,,,2026-02-13 08:21:11 UTC,2026-02-13 08:21:11 UTC
117538836,31802,31221,134321,"{""redshift"":""0.2599999904632568"",""object_id"":""-518197305272222671"",""contour_image"":""102045465_NEG518197305272222671_gz_arcsinh_vis_y_contour.jpg"",""original_image"":""102045465_NEG518197305272222671_gz_arcsinh_vis_y.jpg"",""disk-edge-on_yes_fraction"":""0.8618164""}","{""0"":""https://panoptes-uploads.zooniverse.org/subject_location/f5a02a59-f0bd-44c0-ac18-da33c4825f9f.jpeg"",""1"":""https://panoptes-uploads.zooniverse.org/subject_location/b59892cd-c916-40c8-b120-2e1962aa4b91.jpeg""}",0,,,2026-02-13 08:21:11 UTC,2026-02-13 08:21:11 UTC
117538837,31802,31221,134321,"{""redshift"":""0.1199999973177909"",""object_id"":""-532559971279724324"",""contour_image"":""102044185_NEG532559971279724324_gz_arcsinh_vis_y_contour.jpg"",""original_image"":""102044185_NEG532559971279724324_gz_arcsinh_vis_y.jpg"",""disk-edge-on_yes_fraction"":""0.9760742""}","{""0"":""https://panoptes-uploads.zooniverse.org/subject_location/3614dfd2-7ea0-4636-9f1f-d0b267bcbcea.jpeg"",""1"":""https://panoptes-uploads.zooniverse.org/subject_location/61e75451-696c-4fcc-93b2-eb8a2b63d2c5.jpeg""}",0,,,2026-02-13 08:21:12 UTC,2026-02-13 08:21:12 UTC
117538838,31802,31221,134321,"{""redshift"":""0.2000000029802322"",""object_id"":""-511027598268834364"",""contour_image"":""102045463_NEG511027598268834364_gz_arcsinh_vis_y_contour.jpg"",""original_image"":""102045463_NEG511027598268834364_gz_arcsinh_vis_y.jpg"",""disk-edge-on_yes_fraction"":""0.90185547""}","{""0"":""https://panoptes-uploads.zooniverse.org/subject_location/77810431-f9d4-4a70-b6ae-ccd7b1a3b49a.jpeg"",""1"":""https://panoptes-uploads.zooniverse.org/subject_location/f07d0f92-6f16-4ae3-9bf0-088e77f462d1.jpeg""}",0,,,2026-02-13 08:21:12 UTC,2026-02-13 08:21:12 UTC
117538839,31802,31221,134321,"{""redshift"":""0.1400000005960464"",""object_id"":""2702757696645020750"",""contour_image"":""102158274_2702757696645020750_gz_arcsinh_vis_y_contour.jpg"",""original_image"":""102158274_2702757696645020750_gz_arcsinh_vis_y.jpg"",""disk-edge-on_yes_fraction"":""0.98535156""}","{""0"":""https://panoptes-uploads.zooniverse.org/subject_location/40af4455-e487-4735-ad39-061a3d9f2034.jpeg"",""1"":""https://panoptes-uploads.zooniverse.org/subject_location/bc94fa67-0297-4b34-884c-7eaebedfa0e8.jpeg""}",0,,,2026-02-13 08:21:13 UTC,2026-02-13 08:21:13 UTC
117538840,31802,31221,134321,"{""redshift"":""0.0700000002980232"",""object_id"":""-550763912289489478"",""contour_image"":""102042919_NEG550763912289489478_gz_arcsinh_vis_y_contour.jpg"",""original_image"":""102042919_NEG550763912289489478_gz_arcsinh_vis_y.jpg"",""disk-edge-on_yes_fraction"":""0.9145508""}","{""0"":""https://panoptes-uploads.zooniverse.org/subject_location/891076ef-a28d-428e-b9af-f6b9a1155607.jpeg"",""1"":""https://panoptes-uploads.zooniverse.org/subject_location/624a0794-73fc-494c-ab5e-a02e615fa370.jpeg""}",0,,,2026-02-13 08:21:13 UTC,2026-02-13 08:21:13 UTC
117538841,31802,31221,134321,"{""redshift"":""0.1199999973177909"",""object_id"":""-534667548275386963"",""contour_image"":""102044825_NEG534667548275386963_gz_arcsinh_vis_y_contour.jpg"",""original_image"":""102044825_NEG534667548275386963_gz_arcsinh_vis_y.jpg"",""disk-edge-on_yes_fraction"":""0.96240234""}","{""0"":""https://panoptes-uploads.zooniverse.org/subject_location/439604ba-5499-4f7e-b2b1-851378e83960.jpeg"",""1"":""https://panoptes-uploads.zooniverse.org/subject_location/36877ef7-a3fb-410f-9ef2-1cd2dba697c1.jpeg""}",0,,,2026-02-13 08:21:14 UTC,2026-02-13 08:21:14 UTC
117538842,31802,31221,134321,"{""redshift"":""0.2399999946355819"",""object_id"":""-649506538465653291"",""contour_image"":""102022979_NEG649506538465653291_gz_arcsinh_vis_y_contour.jpg"",""original_image"":""102022979_NEG649506538465653291_gz_arcsinh_vis_y.jpg"",""disk-edge-on_yes_fraction"":""0.97802734""}","{""0"":""https://panoptes-uploads.zooniverse.org/subject_location/52d9e801-d10f-4184-8bbe-8de7737ed3ae.jpeg"",""1"":""https://panoptes-uploads.zooniverse.org/subject_location/a917e59a-8dda-4b61-8e51-0da7c03916de.jpeg""}",0,,,2026-02-13 08:21:14 UTC,2026-02-13 08:21:14 UTC
117538843,31802,31221,134321,"{""redshift"":""0.1500000059604644"",""object_id"":""2693386992644697476"",""contour_image"":""102158273_2693386992644697476_gz_arcsinh_vis_y_contour.jpg"",""original_image"":""102158273_2693386992644697476_gz_arcsinh_vis_y.jpg"",""disk-edge-on_yes_fraction"":""0.98291016""}","{""0"":""https://panoptes-uploads.zooniverse.org/subject_location/445d2eb8-5c0b-40eb-8c2a-9ea630e05156.jpeg"",""1"":""https://panoptes-uploads.zooniverse.org/subject_location/65205496-701f-4f0a-8a9b-d6c5ef849785.jpeg""}",0,,,2026-02-13 08:21:15 UTC,2026-02-13 08:21:15 UTC
117538844,31802,31221,134321,"{""redshift"":""0.1700000017881393"",""object_id"":""2687540612672831578"",""contour_image"":""102160058_2687540612672831578_gz_arcsinh_vis_y_contour.jpg"",""original_image"":""102160058_2687540612672831578_gz_arcsinh_vis_y.jpg"",""disk-edge-on_yes_fraction"":""0.9824219""}","{""0"":""https://panoptes-uploads.zooniverse.org/subject_location/fa27ba73-947f-469a-bd2c-bfe188ed792c.jpeg"",""1"":""https://panoptes-uploads.zooniverse.org/subject_location/27788b4b-e566-4f54-a1f6-6355d5621786.jpeg""}",0,,,2026-02-13 08:21:15 UTC,2026-02-13 08:21:15 UTC
117538845,31802,31221,134321,"{""redshift"":""0.270000010728836"",""object_id"":""-622963867482883899"",""contour_image"":""102021015_NEG622963867482883899_gz_arcsinh_vis_y_contour.jpg"",""original_image"":""102021015_NEG622963867482883899_gz_arcsinh_vis_y.jpg"",""disk-edge-on_yes_fraction"":""0.9838867""}","{""0"":""https://panoptes-uploads.zooniverse.org/subject_location/ae2ba0d0-a8d8-4f12-9c30-ce608cf9e9ea.jpeg"",""1"":""https://panoptes-uploads.zooniverse.org/subject_location/80a889c9-019e-42b6-8282-d18289f135a2.jpeg""}",0,,,2026-02-13 08:21:16 UTC,2026-02-13 08:21:16 UTC
117538846,31802,31221,134321,"{""redshift"":""0.2199999988079071"",""object_id"":""-614776309506322698"",""contour_image"":""102019129_NEG614776309506322698_gz_arcsinh_vis_y_contour.jpg"",""original_image"":""102019129_NEG614776309506322698_gz_arcsinh_vis_y.jpg"",""disk-edge-on_yes_fraction"":""0.9824219""}","{""0"":""https://panoptes-uploads.zooniverse.org/subject_location/fc392ac5-a80f-46ec-8e71-fa99eaeab544.jpeg"",""1"":""https://panoptes-uploads.zooniverse.org/subject_location/bb45077d-024c-4467-b148-babea7d06a7e.jpeg""}",0,,,2026-02-13 08:21:16 UTC,2026-02-13 08:21:16 UTC
117538847,31802,31221,134321,"{""redshift"":""0.1899999976158142"",""object_id"":""-530523109260118932"",""contour_image"":""102046761_NEG530523109260118932_gz_arcsinh_vis_y_contour.jpg"",""original_image"":""102046761_NEG530523109260118932_gz_arcsinh_vis_y.jpg"",""disk-edge-on_yes_fraction"":""0.97998047""}","{""0"":""https://panoptes-uploads.zooniverse.org/subject_location/247c74de-d95a-4ad3-b7f1-9c786d1724b9.jpeg"",""1"":""https://panoptes-uploads.zooniverse.org/subject_location/7345e4b2-f6ad-4b23-aa5a-90d76cbae41a.jpeg""}",0,,,2026-02-13 08:21:17 UTC,2026-02-13 08:21:17 UTC
117538848,31802,31221,134321,"{""redshift"":""0.1599999964237213"",""object_id"":""-660813913481537293"",""contour_image"":""102021503_NEG660813913481537293_gz_arcsinh_vis_y_contour.jpg"",""original_image"":""102021503_NEG660813913481537293_gz_arcsinh_vis_y.jpg"",""disk-edge-on_yes_fraction"":""0.96191406""}","{""0"":""https://panoptes-uploads.zooniverse.org/subject_location/a913dce5-cd3f-4348-882f-603dda241979.jpeg"",""1"":""https://panoptes-uploads.zooniverse.org/subject_location/3b765ca2-ba53-43e7-9303-0606333fcc11.jpeg""}",0,,,2026-02-13 08:21:17 UTC,2026-02-13 08:21:17 UTC
117538849,31802,31221,134321,"{""redshift"":""0.2599999904632568"",""object_id"":""-532247276276861306"",""contour_image"":""102044825_NEG532247276276861306_gz_arcsinh_vis_y_contour.jpg"",""original_image"":""102044825_NEG532247276276861306_gz_arcsinh_vis_y.jpg"",""disk-edge-on_yes_fraction"":""0.8017578""}","{""0"":""https://panoptes-uploads.zooniverse.org/subject_location/6aaa94fd-a6c6-46e6-a65f-8877ddb88d4f.jpeg"",""1"":""https://panoptes-uploads.zooniverse.org/subject_location/0247c0f2-adb8-4d88-b26c-63ec6f879932.jpeg""}",0,,,2026-02-13 08:21:18 UTC,2026-02-13 08:21:18 UTC
117538850,31802,31221,134321,"{""redshift"":""0.1700000017881393"",""object_id"":""-523039106284873609"",""contour_image"":""102043547_NEG523039106284873609_gz_arcsinh_vis_y_contour.jpg"",""original_image"":""102043547_NEG523039106284873609_gz_arcsinh_vis_y.jpg"",""disk-edge-on_yes_fraction"":""0.9711914""}","{""0"":""https://panoptes-uploads.zooniverse.org/subject_location/556838b5-e108-4a5c-a1b4-10b19a9a7a88.jpeg"",""1"":""https://panoptes-uploads.zooniverse.org/subject_location/44d9928e-ebb0-4477-84a9-58a6b67d0991.jpeg""}",0,,,2026-02-13 08:21:18 UTC,2026-02-13 08:21:18 UTC
117538851,31802,31221,134321,"{""redshift"":""0.1199999973177909"",""object_id"":""2735342094666137074"",""contour_image"":""102159490_2735342094666137074_gz_arcsinh_vis_y_contour.jpg"",""original_image"":""102159490_2735342094666137074_gz_arcsinh_vis_y.jpg"",""disk-edge-on_yes_fraction"":""0.89208984""}","{""0"":""https://panoptes-uploads.zooniverse.org/subject_location/4dfb7ce4-a879-4b89-ba1a-32629903bcaf.jpeg"",""1"":""https://panoptes-uploads.zooniverse.org/subject_location/a6425d7b-2cf2-486a-9e1e-d0bc0fec174c.jpeg""}",0,,,2026-02-13 08:21:19 UTC,2026-02-13 08:21:19 UTC
117538852,31802,31221,134321,"{""redshift"":""0.1599999964237213"",""object_id"":""2709893047652760006"",""contour_image"":""102158892_2709893047652760006_gz_arcsinh_vis_y_contour.jpg"",""original_image"":""102158892_2709893047652760006_gz_arcsinh_vis_y.jpg"",""disk-edge-on_yes_fraction"":""0.97509766""}","{""0"":""https://panoptes-uploads.zooniverse.org/subject_location/fcb806d8-b85a-4a68-885f-2b10ae4d2b05.jpeg"",""1"":""https://panoptes-uploads.zooniverse.org/subject_location/ca5e0d3d-16c1-4fe4-b7cb-b4cca88f1489.jpeg""}",0,,,2026-02-13 08:21:19 UTC,2026-02-13 08:21:19 UTC
117538853,31802,31221,134321,"{""redshift"":""0.2199999988079071"",""object_id"":""2691511266683151258"",""contour_image"":""102160608_2691511266683151258_gz_arcsinh_vis_y_contour.jpg"",""original_image"":""102160608_2691511266683151258_gz_arcsinh_vis_y.jpg"",""disk-edge-on_yes_fraction"":""0.9848633""}","{""0"":""https://panoptes-uploads.zooniverse.org/subject_location/a4af502a-e322-4562-bec2-ef2e7fc6b32e.jpeg"",""1"":""https://panoptes-uploads.zooniverse.org/subject_location/ebae7da6-ac90-4063-aff7-d1876fd40571.jpeg""}",0,,,2026-02-13 08:21:20 UTC,2026-02-13 08:21:20 UTC
117538854,31802,31221,134321,"{""redshift"":""0.2199999988079071"",""object_id"":""-632635938479185266"",""contour_image"":""102021499_NEG632635938479185266_gz_arcsinh_vis_y_contour.jpg"",""original_image"":""102021499_NEG632635938479185266_gz_arcsinh_vis_y.jpg"",""disk-edge-on_yes_fraction"":""0.98291016""}","{""0"":""https://panoptes-uploads.zooniverse.org/subject_location/e3131340-a6ab-4e87-9e6e-b3bdb0bd61ab.jpeg"",""1"":""https://panoptes-uploads.zooniverse.org/subject_location/1dea5f97-0cae-4e76-8b49-ba4a78ca1b3b.jpeg""}",0,,,2026-02-13 08:21:20 UTC,2026-02-13 08:21:20 UTC
117538855,31802,31221,134321,"{""redshift"":""0.1000000014901161"",""object_id"":""2721601828682863169"",""contour_image"":""102160610_2721601828682863169_gz_arcsinh_vis_y_contour.jpg"",""original_image"":""102160610_2721601828682863169_gz_arcsinh_vis_y.jpg"",""disk-edge-on_yes_fraction"":""0.9746094""}","{""0"":""https://panoptes-uploads.zooniverse.org/subject_location/c6f87dbc-9464-45d6-b384-d754d0773919.jpeg"",""1"":""https://panoptes-uploads.zooniverse.org/subject_location/a14b65ed-7b21-475c-bf44-2159bdcc2227.jpeg""}",0,,,2026-02-13 08:21:21 UTC,2026-02-13 08:21:21 UTC
117538856,31802,31221,134321,"{""redshift"":""0.1700000017881393"",""object_id"":""-537369021274130056"",""contour_image"":""102044826_NEG537369021274130056_gz_arcsinh_vis_y_contour.jpg"",""original_image"":""102044826_NEG537369021274130056_gz_arcsinh_vis_y.jpg"",""disk-edge-on_yes_fraction"":""0.97021484""}","{""0"":""https://panoptes-uploads.zooniverse.org/subject_location/41417b69-193e-4732-b091-55133b90ecc6.jpeg"",""1"":""https://panoptes-uploads.zooniverse.org/subject_location/66e4d436-1bea-4bae-9901-68a100bc49c4.jpeg""}",0,,,2026-02-13 08:21:21 UTC,2026-02-13 08:21:21 UTC
117538857,31802,31221,134321,"{""redshift"":""0.2300000041723251"",""object_id"":""-610666924495888426"",""contour_image"":""102020061_NEG610666924495888426_gz_arcsinh_vis_y_contour.jpg"",""original_image"":""102020061_NEG610666924495888426_gz_arcsinh_vis_y.jpg"",""disk-edge-on_yes_fraction"":""0.98339844""}","{""0"":""https://panoptes-uploads.zooniverse.org/subject_location/958f78e9-59b9-4074-b9aa-0f19fe88108a.jpeg"",""1"":""https://panoptes-uploads.zooniverse.org/subject_location/fb24658d-e534-4bd0-9124-80969c9fd0de.jpeg""}",0,,,2026-02-13 08:21:22 UTC,2026-02-13 08:21:22 UTC
117538858,31802,31221,134321,"{""redshift"":""0.0799999982118606"",""object_id"":""2661605498644376119"",""contour_image"":""102158270_2661605498644376119_gz_arcsinh_vis_y_contour.jpg"",""original_image"":""102158270_2661605498644376119_gz_arcsinh_vis_y.jpg"",""disk-edge-on_yes_fraction"":""0.98535156""}","{""0"":""https://panoptes-uploads.zooniverse.org/subject_location/eec4c1d9-09ee-4a0b-a60d-58fcae8504fd.jpeg"",""1"":""https://panoptes-uploads.zooniverse.org/subject_location/da4ed011-c602-42bb-ba2a-49ddce08589d.jpeg""}",0,,,2026-02-13 08:21:22 UTC,2026-02-13 08:21:22 UTC
117538859,31802,31221,134321,"{""redshift"":""0.2899999916553497"",""object_id"":""-627661997470896683"",""contour_image"":""102022479_NEG627661997470896683_gz_arcsinh_vis_y_contour.jpg"",""original_image"":""102022479_NEG627661997470896683_gz_arcsinh_vis_y.jpg"",""disk-edge-on_yes_fraction"":""0.9707031""}","{""0"":""https://panoptes-uploads.zooniverse.org/subject_location/593202d6-0fc3-4314-8dc2-b1da628a0d4a.jpeg"",""1"":""https://panoptes-uploads.zooniverse.org/subject_location/1ccb119f-5f3b-4ca9-8d6f-3848993a65d2.jpeg""}",0,,,2026-02-13 08:21:22 UTC,2026-02-13 08:21:22 UTC
117538860,31802,31221,134321,"{""redshift"":""0.1599999964237213"",""object_id"":""2741200757662272288"",""contour_image"":""102159195_2741200757662272288_gz_arcsinh_vis_y_contour.jpg"",""original_image"":""102159195_2741200757662272288_gz_arcsinh_vis_y.jpg"",""disk-edge-on_yes_fraction"":""0.9760742""}","{""0"":""https://panoptes-uploads.zooniverse.org/subject_location/12785fbe-8835-414a-b2f7-433d27e21407.jpeg"",""1"":""https://panoptes-uploads.zooniverse.org/subject_location/92350ec6-2736-45d8-9578-9e063e8c17d5.jpeg""}",0,,,2026-02-13 08:21:23 UTC,2026-02-13 08:21:23 UTC
117538861,31802,31221,134321,"{""redshift"":""0.1700000017881393"",""object_id"":""-520001972263593871"",""contour_image"":""102046110_NEG520001972263593871_gz_arcsinh_vis_y_contour.jpg"",""original_image"":""102046110_NEG520001972263593871_gz_arcsinh_vis_y.jpg"",""disk-edge-on_yes_fraction"":""0.96875""}","{""0"":""https://panoptes-uploads.zooniverse.org/subject_location/b6739b36-0d42-4aec-9caf-b5df68cca500.jpeg"",""1"":""https://panoptes-uploads.zooniverse.org/subject_location/7346dfed-9e51-4554-b2b7-85a20b06c607.jpeg""}",0,,,2026-02-13 08:21:23 UTC,2026-02-13 08:21:23 UTC
117538862,31802,31221,134321,"{""redshift"":""0.2800000011920929"",""object_id"":""-629723938467494213"",""contour_image"":""102022480_NEG629723938467494213_gz_arcsinh_vis_y_contour.jpg"",""original_image"":""102022480_NEG629723938467494213_gz_arcsinh_vis_y.jpg"",""disk-edge-on_yes_fraction"":""0.94921875""}","{""0"":""https://panoptes-uploads.zooniverse.org/subject_location/cadbca4d-f6da-46f8-bde6-8b765b1c7799.jpeg"",""1"":""https://panoptes-uploads.zooniverse.org/subject_location/d89bdfcc-ea08-42b7-9dd7-4f48b8f2c982.jpeg""}",0,,,2026-02-13 08:21:24 UTC,2026-02-13 08:21:24 UTC
117538863,31802,31221,134321,"{""redshift"":""0.1199999973177909"",""object_id"":""2724042556649430001"",""contour_image"":""102158588_2724042556649430001_gz_arcsinh_vis_y_contour.jpg"",""original_image"":""102158588_2724042556649430001_gz_arcsinh_vis_y.jpg"",""disk-edge-on_yes_fraction"":""0.97509766""}","{""0"":""https://panoptes-uploads.zooniverse.org/subject_location/bbbec5b1-a253-4f22-96a0-05dc797ef666.jpeg"",""1"":""https://panoptes-uploads.zooniverse.org/subject_location/9a977856-602f-4980-9dc2-058bf643b2df.jpeg""}",0,,,2026-02-13 08:21:24 UTC,2026-02-13 08:21:24 UTC
117538864,31802,31221,134321,"{""redshift"":""0.1800000071525573"",""object_id"":""2699413868635904166"",""contour_image"":""102157633_2699413868635904166_gz_arcsinh_vis_y_contour.jpg"",""original_image"":""102157633_2699413868635904166_gz_arcsinh_vis_y.jpg"",""disk-edge-on_yes_fraction"":""0.95996094""}","{""0"":""https://panoptes-uploads.zooniverse.org/subject_location/50207c8c-f436-477a-abf1-bdddced57aec.jpeg"",""1"":""https://panoptes-uploads.zooniverse.org/subject_location/4892b87a-d302-4c96-8dba-a1ce947b12a0.jpeg""}",0,,,2026-02-13 08:21:25 UTC,2026-02-13 08:21:25 UTC
117538865,31802,31221,134321,"{""redshift"":""0.1700000017881393"",""object_id"":""-631214922465878667"",""contour_image"":""102022977_NEG631214922465878667_gz_arcsinh_vis_y_contour.jpg"",""original_image"":""102022977_NEG631214922465878667_gz_arcsinh_vis_y.jpg"",""disk-edge-on_yes_fraction"":""0.98291016""}","{""0"":""https://panoptes-uploads.zooniverse.org/subject_location/2c166440-ec8e-4759-be00-b284fc4e897d.jpeg"",""1"":""https://panoptes-uploads.zooniverse.org/subject_location/c5409ff2-34f3-40aa-a8e2-55864266c24f.jpeg""}",0,,,2026-02-13 08:21:25 UTC,2026-02-13 08:21:25 UTC
117538866,31802,31221,134321,"{""redshift"":""0.2899999916553497"",""object_id"":""-517410864283016982"",""contour_image"":""102043546_NEG517410864283016982_gz_arcsinh_vis_y_contour.jpg"",""original_image"":""102043546_NEG517410864283016982_gz_arcsinh_vis_y.jpg"",""disk-edge-on_yes_fraction"":""0.98535156""}","{""0"":""https://panoptes-uploads.zooniverse.org/subject_location/4bdf890c-6892-48b4-8235-810e2007e466.jpeg"",""1"":""https://panoptes-uploads.zooniverse.org/subject_location/cefbd024-7387-45fc-8a32-ce181f20d0ad.jpeg""}",0,,,2026-02-13 08:21:26 UTC,2026-02-13 08:21:26 UTC
117538867,31802,31221,134321,"{""redshift"":""0.1000000014901161"",""object_id"":""2648576653642369246"",""contour_image"":""102157951_2648576653642369246_gz_arcsinh_vis_y_contour.jpg"",""original_image"":""102157951_2648576653642369246_gz_arcsinh_vis_y.jpg"",""disk-edge-on_yes_fraction"":""0.9848633""}","{""0"":""https://panoptes-uploads.zooniverse.org/subject_location/e2934454-a282-4832-b883-9ef7dfa466ed.jpeg"",""1"":""https://panoptes-uploads.zooniverse.org/subject_location/8a9b5961-9d7b-455a-a911-a889046c3a24.jpeg""}",0,,,2026-02-13 08:21:26 UTC,2026-02-13 08:21:26 UTC
117538868,31802,31221,134321,"{""redshift"":""0.0700000002980232"",""object_id"":""-527965370297117674"",""contour_image"":""102042284_NEG527965370297117674_gz_arcsinh_vis_y_contour.jpg"",""original_image"":""102042284_NEG527965370297117674_gz_arcsinh_vis_y.jpg"",""disk-edge-on_yes_fraction"":""0.9736328""}","{""0"":""https://panoptes-uploads.zooniverse.org/subject_location/843dd57c-d73f-40e6-bafe-eb16a632bc04.jpeg"",""1"":""https://panoptes-uploads.zooniverse.org/subject_location/9a962e17-8a28-4175-bfcd-4f9d4f146c94.jpeg""}",0,,,2026-02-13 08:21:27 UTC,2026-02-13 08:21:27 UTC
117538869,31802,31221,134321,"{""redshift"":""0.1400000005960464"",""object_id"":""2645249412648700946"",""contour_image"":""102158581_2645249412648700946_gz_arcsinh_vis_y_contour.jpg"",""original_image"":""102158581_2645249412648700946_gz_arcsinh_vis_y.jpg"",""disk-edge-on_yes_fraction"":""0.95214844""}","{""0"":""https://panoptes-uploads.zooniverse.org/subject_location/580ed190-a7a3-4b51-b98c-594c4116a823.jpeg"",""1"":""https://panoptes-uploads.zooniverse.org/subject_location/d0377a30-7fb8-4317-92f1-ba292d9ee38d.jpeg""}",0,,,2026-02-13 08:21:27 UTC,2026-02-13 08:21:27 UTC
117538870,31802,31221,134321,"{""redshift"":""0.1099999994039535"",""object_id"":""2708821784673979531"",""contour_image"":""102160060_2708821784673979531_gz_arcsinh_vis_y_contour.jpg"",""original_image"":""102160060_2708821784673979531_gz_arcsinh_vis_y.jpg"",""disk-edge-on_yes_fraction"":""0.9863281""}","{""0"":""https://panoptes-uploads.zooniverse.org/subject_location/3885fa48-528a-4240-a3d1-da9fc130a2f4.jpeg"",""1"":""https://panoptes-uploads.zooniverse.org/subject_location/b294bda3-e461-4606-8a04-a4288f002433.jpeg""}",0,,,2026-02-13 08:21:28 UTC,2026-02-13 08:21:28 UTC
117538871,31802,31221,134321,"{""redshift"":""0.1099999994039535"",""object_id"":""-570220469491887112"",""contour_image"":""102020530_NEG570220469491887112_gz_arcsinh_vis_y_contour.jpg"",""original_image"":""102020530_NEG570220469491887112_gz_arcsinh_vis_y.jpg"",""disk-edge-on_yes_fraction"":""0.9770508""}","{""0"":""https://panoptes-uploads.zooniverse.org/subject_location/308244d4-9f9b-4dbe-92a0-266e5ca16707.jpeg"",""1"":""https://panoptes-uploads.zooniverse.org/subject_location/905bff30-6453-4110-8e98-6d42eb62864e.jpeg""}",0,,,2026-02-13 08:21:28 UTC,2026-02-13 08:21:28 UTC
117538872,31802,31221,134321,"{""redshift"":""0.1899999976158142"",""object_id"":""2722575803659730415"",""contour_image"":""102159194_2722575803659730415_gz_arcsinh_vis_y_contour.jpg"",""original_image"":""102159194_2722575803659730415_gz_arcsinh_vis_y.jpg"",""disk-edge-on_yes_fraction"":""0.9819336""}","{""0"":""https://panoptes-uploads.zooniverse.org/subject_location/bc240bc8-e5a2-4730-836a-1528fcde50a5.jpeg"",""1"":""https://panoptes-uploads.zooniverse.org/subject_location/2de4e607-4ee0-48f9-bbef-bde4f833fbf8.jpeg""}",0,,,2026-02-13 08:21:29 UTC,2026-02-13 08:21:29 UTC
117538873,31802,31221,134321,"{""redshift"":""0.1700000017881393"",""object_id"":""2696221544636857044"",""contour_image"":""102157633_2696221544636857044_gz_arcsinh_vis_y_contour.jpg"",""original_image"":""102157633_2696221544636857044_gz_arcsinh_vis_y.jpg"",""disk-edge-on_yes_fraction"":""0.84228516""}","{""0"":""https://panoptes-uploads.zooniverse.org/subject_location/67497ac8-f9d6-461e-a35b-57b1e7808c05.jpeg"",""1"":""https://panoptes-uploads.zooniverse.org/subject_location/4f5992a3-bc4d-4850-b78e-8f1855a5b000.jpeg""}",0,,,2026-02-13 08:21:29 UTC,2026-02-13 08:21:29 UTC
117538874,31802,31221,134321,"{""redshift"":""0.209999993443489"",""object_id"":""-517385094284573312"",""contour_image"":""102043546_NEG517385094284573312_gz_arcsinh_vis_y_contour.jpg"",""original_image"":""102043546_NEG517385094284573312_gz_arcsinh_vis_y.jpg"",""disk-edge-on_yes_fraction"":""0.828125""}","{""0"":""https://panoptes-uploads.zooniverse.org/subject_location/277ed4ca-217b-476c-8072-c97d78319267.jpeg"",""1"":""https://panoptes-uploads.zooniverse.org/subject_location/689a0332-93d4-4b9e-9fb4-ffff127db7cf.jpeg""}",0,,,2026-02-13 08:21:30 UTC,2026-02-13 08:21:30 UTC
117538875,31802,31221,134321,"{""redshift"":""0.2899999916553497"",""object_id"":""-596591856497956860"",""contour_image"":""102019590_NEG596591856497956860_gz_arcsinh_vis_y_contour.jpg"",""original_image"":""102019590_NEG596591856497956860_gz_arcsinh_vis_y.jpg"",""disk-edge-on_yes_fraction"":""0.9760742""}","{""0"":""https://panoptes-uploads.zooniverse.org/subject_location/65e46172-1f7f-4c6f-8840-6992ab6d8d42.jpeg"",""1"":""https://panoptes-uploads.zooniverse.org/subject_location/0d73056c-729b-458f-9a6d-c1b81e40f5b2.jpeg""}",0,,,2026-02-13 08:21:30 UTC,2026-02-13 08:21:30 UTC
117538876,31802,31221,134321,"{""redshift"":""0.25"",""object_id"":""2720729041657712647"",""contour_image"":""102159194_2720729041657712647_gz_arcsinh_vis_y_contour.jpg"",""original_image"":""102159194_2720729041657712647_gz_arcsinh_vis_y.jpg"",""disk-edge-on_yes_fraction"":""0.92626953""}","{""0"":""https://panoptes-uploads.zooniverse.org/subject_location/f81bb800-229a-478c-9190-640d0f3176b5.jpeg"",""1"":""https://panoptes-uploads.zooniverse.org/subject_location/6300e656-48e5-4d32-9a4d-d775e1acc16f.jpeg""}",0,,,2026-02-13 08:21:31 UTC,2026-02-13 08:21:31 UTC
117538877,31802,31221,134321,"{""redshift"":""0.1199999973177909"",""object_id"":""-538481819295922082"",""contour_image"":""102042286_NEG538481819295922082_gz_arcsinh_vis_y_contour.jpg"",""original_image"":""102042286_NEG538481819295922082_gz_arcsinh_vis_y.jpg"",""disk-edge-on_yes_fraction"":""0.84228516""}","{""0"":""https://panoptes-uploads.zooniverse.org/subject_location/8fff11c9-5024-4e82-893d-91fafe472288.jpeg"",""1"":""https://panoptes-uploads.zooniverse.org/subject_location/b9ff3c48-4d8a-4e61-a862-8a52b24bbaee.jpeg""}",0,,,2026-02-13 08:21:31 UTC,2026-02-13 08:21:31 UTC
117538878,31802,31221,134321,"{""redshift"":""0.0900000035762786"",""object_id"":""2665754690654395845"",""contour_image"":""102158888_2665754690654395845_gz_arcsinh_vis_y_contour.jpg"",""original_image"":""102158888_2665754690654395845_gz_arcsinh_vis_y.jpg"",""disk-edge-on_yes_fraction"":""0.9272461""}","{""0"":""https://panoptes-uploads.zooniverse.org/subject_location/51998d7b-9063-4a23-91f1-f9a00badbe55.jpeg"",""1"":""https://panoptes-uploads.zooniverse.org/subject_location/d5cc6c61-e418-460d-af50-8638457d3cc9.jpeg""}",0,,,2026-02-13 08:21:32 UTC,2026-02-13 08:21:32 UTC
117538879,31802,31221,134321,"{""redshift"":""0.1899999976158142"",""object_id"":""-611783683493667726"",""contour_image"":""102020061_NEG611783683493667726_gz_arcsinh_vis_y_contour.jpg"",""original_image"":""102020061_NEG611783683493667726_gz_arcsinh_vis_y.jpg"",""disk-edge-on_yes_fraction"":""0.9091797""}","{""0"":""https://panoptes-uploads.zooniverse.org/subject_location/cbc6c745-e6f2-4342-8d56-f56d88fdb457.jpeg"",""1"":""https://panoptes-uploads.zooniverse.org/subject_location/35cdede2-181f-41d6-bf28-c6b823fc2869.jpeg""}",0,,,2026-02-13 08:21:32 UTC,2026-02-13 08:21:32 UTC
117538880,31802,31221,134321,"{""redshift"":""0.270000010728836"",""object_id"":""-603438507486129151"",""contour_image"":""102021013_NEG603438507486129151_gz_arcsinh_vis_y_contour.jpg"",""original_image"":""102021013_NEG603438507486129151_gz_arcsinh_vis_y.jpg"",""disk-edge-on_yes_fraction"":""0.97802734""}","{""0"":""https://panoptes-uploads.zooniverse.org/subject_location/84e655a8-ae71-48cd-8f8c-79028f548cf2.jpeg"",""1"":""https://panoptes-uploads.zooniverse.org/subject_location/6924576b-1df9-4f05-a607-74b1b5865d5e.jpeg""}",0,,,2026-02-13 08:21:33 UTC,2026-02-13 08:21:33 UTC
117538881,31802,31221,134321,"{""redshift"":""0.1899999976158142"",""object_id"":""2635827992659474397"",""contour_image"":""102159187_2635827992659474397_gz_arcsinh_vis_y_contour.jpg"",""original_image"":""102159187_2635827992659474397_gz_arcsinh_vis_y.jpg"",""disk-edge-on_yes_fraction"":""0.98779297""}","{""0"":""https://panoptes-uploads.zooniverse.org/subject_location/fdb0ec3b-3b87-4e88-a100-2fa28bf560cc.jpeg"",""1"":""https://panoptes-uploads.zooniverse.org/subject_location/5537ded2-a3f2-495d-bed4-c5df506a4f0a.jpeg""}",0,,,2026-02-13 08:21:33 UTC,2026-02-13 08:21:33 UTC
117538882,31802,31221,134321,"{""redshift"":""0.2300000041723251"",""object_id"":""-598779828492006634"",""contour_image"":""102020533_NEG598779828492006634_gz_arcsinh_vis_y_contour.jpg"",""original_image"":""102020533_NEG598779828492006634_gz_arcsinh_vis_y.jpg"",""disk-edge-on_yes_fraction"":""0.95996094""}","{""0"":""https://panoptes-uploads.zooniverse.org/subject_location/ab428731-7f81-45db-a35b-a5067f19e787.jpeg"",""1"":""https://panoptes-uploads.zooniverse.org/subject_location/cd258caa-b641-4595-812c-a5a850b7d019.jpeg""}",0,,,2026-02-13 08:21:34 UTC,2026-02-13 08:21:34 UTC
117538883,31802,31221,134321,"{""redshift"":""0.1899999976158142"",""object_id"":""2624300173660124099"",""contour_image"":""102159186_2624300173660124099_gz_arcsinh_vis_y_contour.jpg"",""original_image"":""102159186_2624300173660124099_gz_arcsinh_vis_y.jpg"",""disk-edge-on_yes_fraction"":""0.96777344""}","{""0"":""https://panoptes-uploads.zooniverse.org/subject_location/bd3c44ed-abd6-4b24-8c68-75e158ed804a.jpeg"",""1"":""https://panoptes-uploads.zooniverse.org/subject_location/d5a306af-03da-492e-bc42-e336004fd9dc.jpeg""}",0,,,2026-02-13 08:21:34 UTC,2026-02-13 08:21:34 UTC
117538884,31802,31221,134321,"{""redshift"":""0.2000000029802322"",""object_id"":""-627602737460889803"",""contour_image"":""102023478_NEG627602737460889803_gz_arcsinh_vis_y_contour.jpg"",""original_image"":""102023478_NEG627602737460889803_gz_arcsinh_vis_y.jpg"",""disk-edge-on_yes_fraction"":""0.8413086""}","{""0"":""https://panoptes-uploads.zooniverse.org/subject_location/dbb26e1e-e992-4422-8b3b-12383e611153.jpeg"",""1"":""https://panoptes-uploads.zooniverse.org/subject_location/b9ee0ae4-3168-4357-96bb-210db5126e81.jpeg""}",0,,,2026-02-13 08:21:35 UTC,2026-02-13 08:21:35 UTC
117538885,31802,31221,134321,"{""redshift"":""0.270000010728836"",""object_id"":""-641769216468890270"",""contour_image"":""102022481_NEG641769216468890270_gz_arcsinh_vis_y_contour.jpg"",""original_image"":""102022481_NEG641769216468890270_gz_arcsinh_vis_y.jpg"",""disk-edge-on_yes_fraction"":""0.9814453""}","{""0"":""https://panoptes-uploads.zooniverse.org/subject_location/a14f7e60-1856-41dd-8be7-7f1bc932f03b.jpeg"",""1"":""https://panoptes-uploads.zooniverse.org/subject_location/c8f63518-ee91-41c8-bd94-fb789aeb2fae.jpeg""}",0,,,2026-02-13 08:21:35 UTC,2026-02-13 08:21:35 UTC
117538886,31802,31221,134321,"{""redshift"":""0.1899999976158142"",""object_id"":""-614282220482761241"",""contour_image"":""102021014_NEG614282220482761241_gz_arcsinh_vis_y_contour.jpg"",""original_image"":""102021014_NEG614282220482761241_gz_arcsinh_vis_y.jpg"",""disk-edge-on_yes_fraction"":""0.9355469""}","{""0"":""https://panoptes-uploads.zooniverse.org/subject_location/8421f0d4-5364-45a5-94f9-b4472ff905fc.jpeg"",""1"":""https://panoptes-uploads.zooniverse.org/subject_location/ebee7c38-a5c5-4880-8f26-6e569f259d8b.jpeg""}",0,,,2026-02-13 08:21:36 UTC,2026-02-13 08:21:36 UTC
117538887,31802,31221,134321,"{""redshift"":""0.1800000071525573"",""object_id"":""-600657474491171993"",""contour_image"":""102020534_NEG600657474491171993_gz_arcsinh_vis_y_contour.jpg"",""original_image"":""102020534_NEG600657474491171993_gz_arcsinh_vis_y.jpg"",""disk-edge-on_yes_fraction"":""0.97509766""}","{""0"":""https://panoptes-uploads.zooniverse.org/subject_location/d8b11002-a2a3-44f8-875c-a10ff09140d6.jpeg"",""1"":""https://panoptes-uploads.zooniverse.org/subject_location/a9b210ce-f6e2-423d-b322-39b9a41bc558.jpeg""}",0,,,2026-02-13 08:21:36 UTC,2026-02-13 08:21:36 UTC
117538888,31802,31221,134321,"{""redshift"":""0.1899999976158142"",""object_id"":""2657858209671660532"",""contour_image"":""102159772_2657858209671660532_gz_arcsinh_vis_y_contour.jpg"",""original_image"":""102159772_2657858209671660532_gz_arcsinh_vis_y.jpg"",""disk-edge-on_yes_fraction"":""0.98779297""}","{""0"":""https://panoptes-uploads.zooniverse.org/subject_location/e4ce84e5-b0b3-46bb-973a-6796bfefdee6.jpeg"",""1"":""https://panoptes-uploads.zooniverse.org/subject_location/aa2abd72-c32a-40f6-b0ac-dbdbb5e713e5.jpeg""}",0,,,2026-02-13 08:21:37 UTC,2026-02-13 08:21:37 UTC
117538889,31802,31221,134321,"{""redshift"":""0.2800000011920929"",""object_id"":""-609735682484714396"",""contour_image"":""102021014_NEG609735682484714396_gz_arcsinh_vis_y_contour.jpg"",""original_image"":""102021014_NEG609735682484714396_gz_arcsinh_vis_y.jpg"",""disk-edge-on_yes_fraction"":""0.98046875""}","{""0"":""https://panoptes-uploads.zooniverse.org/subject_location/de25c1e2-e5e8-4e9b-856e-7af3c5369d9f.jpeg"",""1"":""https://panoptes-uploads.zooniverse.org/subject_location/2896c9c3-c5e0-4f7f-b96d-997d3fabbf90.jpeg""}",0,,,2026-02-13 08:21:37 UTC,2026-02-13 08:21:37 UTC
117538890,31802,31221,134321,"{""redshift"":""0.2800000011920929"",""object_id"":""-655599573489053808"",""contour_image"":""102020541_NEG655599573489053808_gz_arcsinh_vis_y_contour.jpg"",""original_image"":""102020541_NEG655599573489053808_gz_arcsinh_vis_y.jpg"",""disk-edge-on_yes_fraction"":""0.98535156""}","{""0"":""https://panoptes-uploads.zooniverse.org/subject_location/df15dfc0-1b18-4d74-ae24-96e13d9e1ce3.jpeg"",""1"":""https://panoptes-uploads.zooniverse.org/subject_location/83a77f90-aabf-4a66-8df9-ac20f65d581d.jpeg""}",0,,,2026-02-13 08:21:38 UTC,2026-02-13 08:21:38 UTC
117538891,31802,31221,134321,"{""redshift"":""0.1400000005960464"",""object_id"":""-610722109502286857"",""contour_image"":""102019592_NEG610722109502286857_gz_arcsinh_vis_y_contour.jpg"",""original_image"":""102019592_NEG610722109502286857_gz_arcsinh_vis_y.jpg"",""disk-edge-on_yes_fraction"":""0.9301758""}","{""0"":""https://panoptes-uploads.zooniverse.org/subject_location/3dd53b86-9d1c-4a4e-9df5-701458c80f03.jpeg"",""1"":""https://panoptes-uploads.zooniverse.org/subject_location/3f5be0ae-aecc-4e44-8b05-a09c47555fcb.jpeg""}",0,,,2026-02-13 08:21:38 UTC,2026-02-13 08:21:38 UTC
117538892,31802,31221,134321,"{""redshift"":""0.2300000041723251"",""object_id"":""2734028069677049294"",""contour_image"":""102160062_2734028069677049294_gz_arcsinh_vis_y_contour.jpg"",""original_image"":""102160062_2734028069677049294_gz_arcsinh_vis_y.jpg"",""disk-edge-on_yes_fraction"":""0.9614258""}","{""0"":""https://panoptes-uploads.zooniverse.org/subject_location/20b76647-4342-4f33-9b7b-f65ca20f9808.jpeg"",""1"":""https://panoptes-uploads.zooniverse.org/subject_location/64c3aad1-75f5-4455-ab4e-d286cdccf77e.jpeg""}",0,,,2026-02-13 08:21:39 UTC,2026-02-13 08:21:39 UTC
117538893,31802,31221,134321,"{""redshift"":""0.1800000071525573"",""object_id"":""-568503400505843735"",""contour_image"":""102019123_NEG568503400505843735_gz_arcsinh_vis_y_contour.jpg"",""original_image"":""102019123_NEG568503400505843735_gz_arcsinh_vis_y.jpg"",""disk-edge-on_yes_fraction"":""0.81640625""}","{""0"":""https://panoptes-uploads.zooniverse.org/subject_location/d81d6054-df00-4ff3-a93b-c1e5fd47a6fa.jpeg"",""1"":""https://panoptes-uploads.zooniverse.org/subject_location/ffaec83e-ac7c-4097-ac74-2c974b461015.jpeg""}",0,,,2026-02-13 08:21:39 UTC,2026-02-13 08:21:39 UTC
117538894,31802,31221,134321,"{""redshift"":""0.2899999916553497"",""object_id"":""-631525072493750627"",""contour_image"":""102020064_NEG631525072493750627_gz_arcsinh_vis_y_contour.jpg"",""original_image"":""102020064_NEG631525072493750627_gz_arcsinh_vis_y.jpg"",""disk-edge-on_yes_fraction"":""0.8208008""}","{""0"":""https://panoptes-uploads.zooniverse.org/subject_location/4a2f4ff9-7679-4e66-b0ce-552fbc03fd8e.jpeg"",""1"":""https://panoptes-uploads.zooniverse.org/subject_location/b2a50c86-ffdb-486d-b8e6-c09dd718fa57.jpeg""}",0,,,2026-02-13 08:21:40 UTC,2026-02-13 08:21:40 UTC
117538895,31802,31221,134321,"{""redshift"":""0.209999993443489"",""object_id"":""-533897475271103325"",""contour_image"":""102045468_NEG533897475271103325_gz_arcsinh_vis_y_contour.jpg"",""original_image"":""102045468_NEG533897475271103325_gz_arcsinh_vis_y.jpg"",""disk-edge-on_yes_fraction"":""0.9682617""}","{""0"":""https://panoptes-uploads.zooniverse.org/subject_location/bc19c864-f581-4779-a92e-53f419854040.jpeg"",""1"":""https://panoptes-uploads.zooniverse.org/subject_location/63276e4b-ed39-4297-8b12-6ca6de6f9928.jpeg""}",0,,,2026-02-13 08:21:40 UTC,2026-02-13 08:21:40 UTC
117538896,31802,31221,134321,"{""redshift"":""0.1899999976158142"",""object_id"":""-664517159468501261"",""contour_image"":""102022484_NEG664517159468501261_gz_arcsinh_vis_y_contour.jpg"",""original_image"":""102022484_NEG664517159468501261_gz_arcsinh_vis_y.jpg"",""disk-edge-on_yes_fraction"":""0.89746094""}","{""0"":""https://panoptes-uploads.zooniverse.org/subject_location/09ef487e-f12b-4e83-a6ba-a10fb43f3373.jpeg"",""1"":""https://panoptes-uploads.zooniverse.org/subject_location/ecf5bac8-e029-436a-bfc6-8954c27e53d0.jpeg""}",0,,,2026-02-13 08:21:41 UTC,2026-02-13 08:21:41 UTC
117538897,31802,31221,134321,"{""redshift"":""0.1700000017881393"",""object_id"":""-626681480469813774"",""contour_image"":""102022479_NEG626681480469813774_gz_arcsinh_vis_y_contour.jpg"",""original_image"":""102022479_NEG626681480469813774_gz_arcsinh_vis_y.jpg"",""disk-edge-on_yes_fraction"":""0.9760742""}","{""0"":""https://panoptes-uploads.zooniverse.org/subject_location/79c1189d-f101-477a-811d-43819cacd824.jpeg"",""1"":""https://panoptes-uploads.zooniverse.org/subject_location/25b3b9d5-644e-4a84-a689-cdb2c1bbf2bc.jpeg""}",0,,,2026-02-13 08:21:41 UTC,2026-02-13 08:21:41 UTC
117538898,31802,31221,134321,"{""redshift"":""0.2000000029802322"",""object_id"":""-629254041487156493"",""contour_image"":""102021016_NEG629254041487156493_gz_arcsinh_vis_y_contour.jpg"",""original_image"":""102021016_NEG629254041487156493_gz_arcsinh_vis_y.jpg"",""disk-edge-on_yes_fraction"":""0.9819336""}","{""0"":""https://panoptes-uploads.zooniverse.org/subject_location/5f6b770d-e6c3-4b95-8d46-e4515a17c1d0.jpeg"",""1"":""https://panoptes-uploads.zooniverse.org/subject_location/cd898692-73d2-43a9-9648-3d6fab9ebd13.jpeg""}",0,,,2026-02-13 08:21:42 UTC,2026-02-13 08:21:42 UTC
117538899,31802,31221,134321,"{""redshift"":""0.1899999976158142"",""object_id"":""2675090595681677773"",""contour_image"":""102160335_2675090595681677773_gz_arcsinh_vis_y_contour.jpg"",""original_image"":""102160335_2675090595681677773_gz_arcsinh_vis_y.jpg"",""disk-edge-on_yes_fraction"":""0.98095703""}","{""0"":""https://panoptes-uploads.zooniverse.org/subject_location/e667ad35-92c5-41f6-9074-8d5f40f417ed.jpeg"",""1"":""https://panoptes-uploads.zooniverse.org/subject_location/9eb61862-cc20-4ee3-8aba-ecd0f6c2abfe.jpeg""}",0,,,2026-02-13 08:21:42 UTC,2026-02-13 08:21:42 UTC
117538900,31802,31221,134321,"{""redshift"":""0.2199999988079071"",""object_id"":""-545715565287971211"",""contour_image"":""102042918_NEG545715565287971211_gz_arcsinh_vis_y_contour.jpg"",""original_image"":""102042918_NEG545715565287971211_gz_arcsinh_vis_y.jpg"",""disk-edge-on_yes_fraction"":""0.9770508""}","{""0"":""https://panoptes-uploads.zooniverse.org/subject_location/d65ebfb1-021a-4d67-a461-04e4d6734cbf.jpeg"",""1"":""https://panoptes-uploads.zooniverse.org/subject_location/0764f985-43ef-4b30-ba3a-69d65b31e5a0.jpeg""}",0,,,2026-02-13 08:21:43 UTC,2026-02-13 08:21:43 UTC
117538901,31802,31221,134321,"{""redshift"":""0.1599999964237213"",""object_id"":""2717006659684302609"",""contour_image"":""102160610_2717006659684302609_gz_arcsinh_vis_y_contour.jpg"",""original_image"":""102160610_2717006659684302609_gz_arcsinh_vis_y.jpg"",""disk-edge-on_yes_fraction"":""0.9692383""}","{""0"":""https://panoptes-uploads.zooniverse.org/subject_location/e99cee7a-e7a7-40b7-a9f2-d99e4b144e30.jpeg"",""1"":""https://panoptes-uploads.zooniverse.org/subject_location/4ed06e8d-d257-48bb-a8a9-4a75cfb1c477.jpeg""}",0,,,2026-02-13 08:21:43 UTC,2026-02-13 08:21:43 UTC
117538902,31802,31221,134321,"{""redshift"":""0.1800000071525573"",""object_id"":""-628151149481825617"",""contour_image"":""102021499_NEG628151149481825617_gz_arcsinh_vis_y_contour.jpg"",""original_image"":""102021499_NEG628151149481825617_gz_arcsinh_vis_y.jpg"",""disk-edge-on_yes_fraction"":""0.8251953""}","{""0"":""https://panoptes-uploads.zooniverse.org/subject_location/0d7b3aff-6b7d-4577-8877-156933868f6a.jpeg"",""1"":""https://panoptes-uploads.zooniverse.org/subject_location/8896ce7f-70cc-40fa-9fdf-a23863ec267f.jpeg""}",0,,,2026-02-13 08:21:44 UTC,2026-02-13 08:21:44 UTC
117538903,31802,31221,134321,"{""redshift"":""0.1199999973177909"",""object_id"":""2668631621643153095"",""contour_image"":""102158271_2668631621643153095_gz_arcsinh_vis_y_contour.jpg"",""original_image"":""102158271_2668631621643153095_gz_arcsinh_vis_y.jpg"",""disk-edge-on_yes_fraction"":""0.9199219""}","{""0"":""https://panoptes-uploads.zooniverse.org/subject_location/98dc94fa-f509-485d-a94c-de70610fba81.jpeg"",""1"":""https://panoptes-uploads.zooniverse.org/subject_location/d1ffb278-e979-4a7b-9c31-f493f54a3bc1.jpeg""}",0,,,2026-02-13 08:21:44 UTC,2026-02-13 08:21:44 UTC
117538904,31802,31221,134321,"{""redshift"":""0.1400000005960464"",""object_id"":""2673379599669934083"",""contour_image"":""102159773_2673379599669934083_gz_arcsinh_vis_y_contour.jpg"",""original_image"":""102159773_2673379599669934083_gz_arcsinh_vis_y.jpg"",""disk-edge-on_yes_fraction"":""0.97998047""}","{""0"":""https://panoptes-uploads.zooniverse.org/subject_location/e8583a77-bbce-4488-b4bf-6c0c989591cb.jpeg"",""1"":""https://panoptes-uploads.zooniverse.org/subject_location/a7667f91-3b61-4cf6-91e9-dd46524921a6.jpeg""}",0,,,2026-02-13 08:21:45 UTC,2026-02-13 08:21:45 UTC
117538905,31802,31221,134321,"{""redshift"":""0.2199999988079071"",""object_id"":""-519431805280815964"",""contour_image"":""102044183_NEG519431805280815964_gz_arcsinh_vis_y_contour.jpg"",""original_image"":""102044183_NEG519431805280815964_gz_arcsinh_vis_y.jpg"",""disk-edge-on_yes_fraction"":""0.98291016""}","{""0"":""https://panoptes-uploads.zooniverse.org/subject_location/20838b1c-3730-44af-9327-2a7a37d90a30.jpeg"",""1"":""https://panoptes-uploads.zooniverse.org/subject_location/bf15038f-ef71-4bf1-8b40-10c159930349.jpeg""}",0,,,2026-02-13 08:21:45 UTC,2026-02-13 08:21:45 UTC
117538906,31802,31221,134321,"{""redshift"":""0.1800000071525573"",""object_id"":""-626865205475244434"",""contour_image"":""102021987_NEG626865205475244434_gz_arcsinh_vis_y_contour.jpg"",""original_image"":""102021987_NEG626865205475244434_gz_arcsinh_vis_y.jpg"",""disk-edge-on_yes_fraction"":""0.94384766""}","{""0"":""https://panoptes-uploads.zooniverse.org/subject_location/eabade9d-15ea-431a-ae57-f65a9e3d347a.jpeg"",""1"":""https://panoptes-uploads.zooniverse.org/subject_location/c1845077-ca84-4a58-9b1f-3f8133e3b829.jpeg""}",0,,,2026-02-13 08:21:46 UTC,2026-02-13 08:21:46 UTC
117538907,31802,31221,134321,"{""redshift"":""0.1299999952316284"",""object_id"":""2716841977649080404"",""contour_image"":""102158587_2716841977649080404_gz_arcsinh_vis_y_contour.jpg"",""original_image"":""102158587_2716841977649080404_gz_arcsinh_vis_y.jpg"",""disk-edge-on_yes_fraction"":""0.98095703""}","{""0"":""https://panoptes-uploads.zooniverse.org/subject_location/e0b3f5df-325f-4442-b13e-70017482bae2.jpeg"",""1"":""https://panoptes-uploads.zooniverse.org/subject_location/0892101a-7a25-4845-b863-886f77ac45d3.jpeg""}",0,,,2026-02-13 08:21:46 UTC,2026-02-13 08:21:46 UTC
117538908,31802,31221,134321,"{""redshift"":""0.1099999994039535"",""object_id"":""-601894954495999261"",""contour_image"":""102020060_NEG601894954495999261_gz_arcsinh_vis_y_contour.jpg"",""original_image"":""102020060_NEG601894954495999261_gz_arcsinh_vis_y.jpg"",""disk-edge-on_yes_fraction"":""0.94628906""}","{""0"":""https://panoptes-uploads.zooniverse.org/subject_location/7218f305-b1a8-45f4-b1d9-7bf7fd62a901.jpeg"",""1"":""https://panoptes-uploads.zooniverse.org/subject_location/209e7d7f-6f6c-4d71-8619-77a5fb0a4a63.jpeg""}",0,,,2026-02-13 08:21:46 UTC,2026-02-13 08:21:46 UTC
117538909,31802,31221,134321,"{""redshift"":""0.0900000035762786"",""object_id"":""-563915202498002097"",""contour_image"":""102019586_NEG563915202498002097_gz_arcsinh_vis_y_contour.jpg"",""original_image"":""102019586_NEG563915202498002097_gz_arcsinh_vis_y.jpg"",""disk-edge-on_yes_fraction"":""0.8823242""}","{""0"":""https://panoptes-uploads.zooniverse.org/subject_location/fda9539c-7dfb-45db-8db1-f7b6821b0709.jpeg"",""1"":""https://panoptes-uploads.zooniverse.org/subject_location/00ced3fe-d386-4116-9d59-d1e853f0ae13.jpeg""}",0,,,2026-02-13 08:21:47 UTC,2026-02-13 08:21:47 UTC
117538910,31802,31221,134321,"{""redshift"":""0.2300000041723251"",""object_id"":""-630830282481616916"",""contour_image"":""102021499_NEG630830282481616916_gz_arcsinh_vis_y_contour.jpg"",""original_image"":""102021499_NEG630830282481616916_gz_arcsinh_vis_y.jpg"",""disk-edge-on_yes_fraction"":""0.98535156""}","{""0"":""https://panoptes-uploads.zooniverse.org/subject_location/c9e6c679-5b9f-466c-bd57-8e299a90fc71.jpeg"",""1"":""https://panoptes-uploads.zooniverse.org/subject_location/325a310a-5346-4b6f-a2c9-e329e6e7e07b.jpeg""}",0,,,2026-02-13 08:21:47 UTC,2026-02-13 08:21:47 UTC
117538911,31802,31221,134321,"{""redshift"":""0.1899999976158142"",""object_id"":""2694983822662671597"",""contour_image"":""102159486_2694983822662671597_gz_arcsinh_vis_y_contour.jpg"",""original_image"":""102159486_2694983822662671597_gz_arcsinh_vis_y.jpg"",""disk-edge-on_yes_fraction"":""0.97558594""}","{""0"":""https://panoptes-uploads.zooniverse.org/subject_location/3e642838-a96f-4104-8a56-ae13c9eb8b27.jpeg"",""1"":""https://panoptes-uploads.zooniverse.org/subject_location/f0b2b26a-01e9-44e4-96f2-82b3a9c67725.jpeg""}",0,,,2026-02-13 08:21:48 UTC,2026-02-13 08:21:48 UTC
117538912,31802,31221,134321,"{""redshift"":""0.1199999973177909"",""object_id"":""-548030459282812743"",""contour_image"":""102043552_NEG548030459282812743_gz_arcsinh_vis_y_contour.jpg"",""original_image"":""102043552_NEG548030459282812743_gz_arcsinh_vis_y.jpg"",""disk-edge-on_yes_fraction"":""0.96191406""}","{""0"":""https://panoptes-uploads.zooniverse.org/subject_location/eccad0fd-fd3c-401f-8fd2-18a87ad4617a.jpeg"",""1"":""https://panoptes-uploads.zooniverse.org/subject_location/12aa7a98-667a-4d1d-82a7-7d71a3529724.jpeg""}",0,,,2026-02-13 08:21:48 UTC,2026-02-13 08:21:48 UTC
117538913,31802,31221,134321,"{""redshift"":""0.270000010728836"",""object_id"":""-570865587493680227"",""contour_image"":""102020056_NEG570865587493680227_gz_arcsinh_vis_y_contour.jpg"",""original_image"":""102020056_NEG570865587493680227_gz_arcsinh_vis_y.jpg"",""disk-edge-on_yes_fraction"":""0.9838867""}","{""0"":""https://panoptes-uploads.zooniverse.org/subject_location/3fdf3c98-258b-41de-b479-5b5dee7dbcef.jpeg"",""1"":""https://panoptes-uploads.zooniverse.org/subject_location/dd6c0209-c04d-4954-9c8a-9cb34f1cb50f.jpeg""}",0,,,2026-02-13 08:21:49 UTC,2026-02-13 08:21:49 UTC
117538914,31802,31221,134321,"{""redshift"":""0.2000000029802322"",""object_id"":""-590542641473566096"",""contour_image"":""102021982_NEG590542641473566096_gz_arcsinh_vis_y_contour.jpg"",""original_image"":""102021982_NEG590542641473566096_gz_arcsinh_vis_y.jpg"",""disk-edge-on_yes_fraction"":""0.9848633""}","{""0"":""https://panoptes-uploads.zooniverse.org/subject_location/6f1ce68c-2a1f-4e1d-80d9-6ca95c92144c.jpeg"",""1"":""https://panoptes-uploads.zooniverse.org/subject_location/39874bb5-b690-4a0c-a29d-79f2b3e8c48a.jpeg""}",0,,,2026-02-13 08:21:49 UTC,2026-02-13 08:21:49 UTC
117538915,31802,31221,134321,"{""redshift"":""0.2399999946355819"",""object_id"":""-605080853509292853"",""contour_image"":""102018669_NEG605080853509292853_gz_arcsinh_vis_y_contour.jpg"",""original_image"":""102018669_NEG605080853509292853_gz_arcsinh_vis_y.jpg"",""disk-edge-on_yes_fraction"":""0.9609375""}","{""0"":""https://panoptes-uploads.zooniverse.org/subject_location/4949e907-c16b-42cf-81c5-869c34fe3d42.jpeg"",""1"":""https://panoptes-uploads.zooniverse.org/subject_location/233ae954-99b1-40af-8f9e-65e10c5d2c32.jpeg""}",0,,,2026-02-13 08:21:50 UTC,2026-02-13 08:21:50 UTC
117538916,31802,31221,134321,"{""redshift"":""0.1400000005960464"",""object_id"":""-663402895474386529"",""contour_image"":""102021991_NEG663402895474386529_gz_arcsinh_vis_y_contour.jpg"",""original_image"":""102021991_NEG663402895474386529_gz_arcsinh_vis_y.jpg"",""disk-edge-on_yes_fraction"":""0.97265625""}","{""0"":""https://panoptes-uploads.zooniverse.org/subject_location/a345f74d-77c4-4cf7-9299-6acc54681bff.jpeg"",""1"":""https://panoptes-uploads.zooniverse.org/subject_location/e58bc10d-7864-45d8-b76d-e1cac560af7f.jpeg""}",0,,,2026-02-13 08:21:50 UTC,2026-02-13 08:21:50 UTC
117538917,31802,31221,134321,"{""redshift"":""0.1599999964237213"",""object_id"":""2726031557661185732"",""contour_image"":""102159194_2726031557661185732_gz_arcsinh_vis_y_contour.jpg"",""original_image"":""102159194_2726031557661185732_gz_arcsinh_vis_y.jpg"",""disk-edge-on_yes_fraction"":""0.9707031""}","{""0"":""https://panoptes-uploads.zooniverse.org/subject_location/b976ada0-ec08-4836-b3ea-8d8da849076b.jpeg"",""1"":""https://panoptes-uploads.zooniverse.org/subject_location/2356e578-d788-453c-be0d-17d21297060d.jpeg""}",0,,,2026-02-13 08:21:51 UTC,2026-02-13 08:21:51 UTC
117538918,31802,31221,134321,"{""redshift"":""0.1800000071525573"",""object_id"":""2647008755649685289"",""contour_image"":""102158581_2647008755649685289_gz_arcsinh_vis_y_contour.jpg"",""original_image"":""102158581_2647008755649685289_gz_arcsinh_vis_y.jpg"",""disk-edge-on_yes_fraction"":""0.9814453""}","{""0"":""https://panoptes-uploads.zooniverse.org/subject_location/19b8d532-7366-4afa-b08f-d6910fc6ca0f.jpeg"",""1"":""https://panoptes-uploads.zooniverse.org/subject_location/10e39ac6-4e6a-4c76-967b-494e570e4aef.jpeg""}",0,,,2026-02-13 08:21:51 UTC,2026-02-13 08:21:51 UTC
117538919,31802,31221,134321,"{""redshift"":""0.2300000041723251"",""object_id"":""-633978524479213479"",""contour_image"":""102021500_NEG633978524479213479_gz_arcsinh_vis_y_contour.jpg"",""original_image"":""102021500_NEG633978524479213479_gz_arcsinh_vis_y.jpg"",""disk-edge-on_yes_fraction"":""0.97265625""}","{""0"":""https://panoptes-uploads.zooniverse.org/subject_location/810d7298-f3e1-4b9e-a193-bb96f36eb853.jpeg"",""1"":""https://panoptes-uploads.zooniverse.org/subject_location/b6184c49-a949-4ce9-8c92-d2977949b3d2.jpeg""}",0,,,2026-02-13 08:21:52 UTC,2026-02-13 08:21:52 UTC
117538920,31802,31221,134321,"{""redshift"":""0.1199999973177909"",""object_id"":""-627735399475911549"",""contour_image"":""102021987_NEG627735399475911549_gz_arcsinh_vis_y_contour.jpg"",""original_image"":""102021987_NEG627735399475911549_gz_arcsinh_vis_y.jpg"",""disk-edge-on_yes_fraction"":""0.9741211""}","{""0"":""https://panoptes-uploads.zooniverse.org/subject_location/96a45868-9c19-47e8-8027-15b5bd97b90b.jpeg"",""1"":""https://panoptes-uploads.zooniverse.org/subject_location/1e731ac1-ef5d-4643-9d1c-da6098ff386c.jpeg""}",0,,,2026-02-13 08:21:52 UTC,2026-02-13 08:21:52 UTC
117538921,31802,31221,134321,"{""redshift"":""0.1800000071525573"",""object_id"":""-620068077480041499"",""contour_image"":""102021498_NEG620068077480041499_gz_arcsinh_vis_y_contour.jpg"",""original_image"":""102021498_NEG620068077480041499_gz_arcsinh_vis_y.jpg"",""disk-edge-on_yes_fraction"":""0.984375""}","{""0"":""https://panoptes-uploads.zooniverse.org/subject_location/9b46e389-26be-421b-922a-e1d8880a5491.jpeg"",""1"":""https://panoptes-uploads.zooniverse.org/subject_location/02a99895-cba6-4de8-9797-af26a1caacba.jpeg""}",0,,,2026-02-13 08:21:53 UTC,2026-02-13 08:21:53 UTC
117538922,31802,31221,134321,"{""redshift"":""0.2800000011920929"",""object_id"":""-613418397484771166"",""contour_image"":""102021014_NEG613418397484771166_gz_arcsinh_vis_y_contour.jpg"",""original_image"":""102021014_NEG613418397484771166_gz_arcsinh_vis_y.jpg"",""disk-edge-on_yes_fraction"":""0.98046875""}","{""0"":""https://panoptes-uploads.zooniverse.org/subject_location/25204441-5ca5-4c01-949f-27e98ea2b0d3.jpeg"",""1"":""https://panoptes-uploads.zooniverse.org/subject_location/6730d4a1-d631-4166-852d-fed64b2dc47d.jpeg""}",0,,,2026-02-13 08:21:53 UTC,2026-02-13 08:21:53 UTC
117538923,31802,31221,134321,"{""redshift"":""0.2300000041723251"",""object_id"":""-653062672473168826"",""contour_image"":""102021990_NEG653062672473168826_gz_arcsinh_vis_y_contour.jpg"",""original_image"":""102021990_NEG653062672473168826_gz_arcsinh_vis_y.jpg"",""disk-edge-on_yes_fraction"":""0.9121094""}","{""0"":""https://panoptes-uploads.zooniverse.org/subject_location/d4aa2022-6685-49bd-b2b1-620001162e05.jpeg"",""1"":""https://panoptes-uploads.zooniverse.org/subject_location/bbffaa89-aafc-4f6c-a4e9-fb793d68c433.jpeg""}",0,,,2026-02-13 08:21:54 UTC,2026-02-13 08:21:54 UTC
117538924,31802,31221,134321,"{""redshift"":""0.209999993443489"",""object_id"":""-589958248513306613"",""contour_image"":""102018212_NEG589958248513306613_gz_arcsinh_vis_y_contour.jpg"",""original_image"":""102018212_NEG589958248513306613_gz_arcsinh_vis_y.jpg"",""disk-edge-on_yes_fraction"":""0.9169922""}","{""0"":""https://panoptes-uploads.zooniverse.org/subject_location/6df864fa-6095-4b88-a286-6eb1fa0164e6.jpeg"",""1"":""https://panoptes-uploads.zooniverse.org/subject_location/c358af39-8384-4dcb-a2d1-461b1efa94b6.jpeg""}",0,,,2026-02-13 08:21:54 UTC,2026-02-13 08:21:54 UTC
117538925,31802,31221,134321,"{""redshift"":""0.1099999994039535"",""object_id"":""2653552227667201484"",""contour_image"":""102159483_2653552227667201484_gz_arcsinh_vis_y_contour.jpg"",""original_image"":""102159483_2653552227667201484_gz_arcsinh_vis_y.jpg"",""disk-edge-on_yes_fraction"":""0.9003906""}","{""0"":""https://panoptes-uploads.zooniverse.org/subject_location/08184733-43dc-4a07-84d6-fe7c6303a76b.jpeg"",""1"":""https://panoptes-uploads.zooniverse.org/subject_location/c4dd821c-52e4-4ec7-88bf-ef8be5dee0f3.jpeg""}",0,,,2026-02-13 08:21:55 UTC,2026-02-13 08:21:55 UTC
117538926,31802,31221,134321,"{""redshift"":""0.270000010728836"",""object_id"":""-530132997294858313"",""contour_image"":""102042285_NEG530132997294858313_gz_arcsinh_vis_y_contour.jpg"",""original_image"":""102042285_NEG530132997294858313_gz_arcsinh_vis_y.jpg"",""disk-edge-on_yes_fraction"":""0.98291016""}","{""0"":""https://panoptes-uploads.zooniverse.org/subject_location/12e41f30-cf1e-4697-b99f-920c08a2c657.jpeg"",""1"":""https://panoptes-uploads.zooniverse.org/subject_location/6e6fc9c5-abbe-4cf4-8b88-5127a1110358.jpeg""}",0,,,2026-02-13 08:21:55 UTC,2026-02-13 08:21:55 UTC
117538927,31802,31221,134321,"{""redshift"":""0.2899999916553497"",""object_id"":""2701582765634964915"",""contour_image"":""102157633_2701582765634964915_gz_arcsinh_vis_y_contour.jpg"",""original_image"":""102157633_2701582765634964915_gz_arcsinh_vis_y.jpg"",""disk-edge-on_yes_fraction"":""0.98339844""}","{""0"":""https://panoptes-uploads.zooniverse.org/subject_location/47cc9955-9f03-4d78-9cbd-f0cd0ecd86dd.jpeg"",""1"":""https://panoptes-uploads.zooniverse.org/subject_location/a0d7fcdb-fcdd-4afa-99b0-810664602fee.jpeg""}",0,,,2026-02-13 08:21:56 UTC,2026-02-13 08:21:56 UTC
117538928,31802,31221,134321,"{""redshift"":""0.0700000002980232"",""object_id"":""-664100481479748401"",""contour_image"":""102021504_NEG664100481479748401_gz_arcsinh_vis_y_contour.jpg"",""original_image"":""102021504_NEG664100481479748401_gz_arcsinh_vis_y.jpg"",""disk-edge-on_yes_fraction"":""0.8198242""}","{""0"":""https://panoptes-uploads.zooniverse.org/subject_location/2ff324d9-0a1e-4b21-b8ff-73db021fc9be.jpeg"",""1"":""https://panoptes-uploads.zooniverse.org/subject_location/ba98d952-cc59-44aa-be7a-17474670a9ea.jpeg""}",0,,,2026-02-13 08:21:56 UTC,2026-02-13 08:21:56 UTC
117538929,31802,31221,134321,"{""redshift"":""0.1299999952316284"",""object_id"":""-649060783465496695"",""contour_image"":""102022979_NEG649060783465496695_gz_arcsinh_vis_y_contour.jpg"",""original_image"":""102022979_NEG649060783465496695_gz_arcsinh_vis_y.jpg"",""disk-edge-on_yes_fraction"":""0.91308594""}","{""0"":""https://panoptes-uploads.zooniverse.org/subject_location/22bed013-cc61-4149-b3cc-8a9960aae832.jpeg"",""1"":""https://panoptes-uploads.zooniverse.org/subject_location/b24e139b-aabf-45b0-8d93-2319788e473e.jpeg""}",0,,,2026-02-13 08:21:57 UTC,2026-02-13 08:21:57 UTC
117538930,31802,31221,134321,"{""redshift"":""0.1700000017881393"",""object_id"":""2641171340645952896"",""contour_image"":""102158269_2641171340645952896_gz_arcsinh_vis_y_contour.jpg"",""original_image"":""102158269_2641171340645952896_gz_arcsinh_vis_y.jpg"",""disk-edge-on_yes_fraction"":""0.9819336""}","{""0"":""https://panoptes-uploads.zooniverse.org/subject_location/98f4d5f3-66c2-44c0-adfb-535bfcfe9801.jpeg"",""1"":""https://panoptes-uploads.zooniverse.org/subject_location/008ac351-baec-46a1-ac0a-5dddbefd6f66.jpeg""}",0,,,2026-02-13 08:21:57 UTC,2026-02-13 08:21:57 UTC
117538931,31802,31221,134321,"{""redshift"":""0.1700000017881393"",""object_id"":""2668593011642490087"",""contour_image"":""102157953_2668593011642490087_gz_arcsinh_vis_y_contour.jpg"",""original_image"":""102157953_2668593011642490087_gz_arcsinh_vis_y.jpg"",""disk-edge-on_yes_fraction"":""0.9458008""}","{""0"":""https://panoptes-uploads.zooniverse.org/subject_location/44898713-dee8-4a51-9aa5-00b08fa69414.jpeg"",""1"":""https://panoptes-uploads.zooniverse.org/subject_location/10e6cf66-4b76-4d99-855c-a55d7f61bce0.jpeg""}",0,,,2026-02-13 08:21:58 UTC,2026-02-13 08:21:58 UTC
117538932,31802,31221,134321,"{""redshift"":""0.2000000029802322"",""object_id"":""2724666843646662046"",""contour_image"":""102158276_2724666843646662046_gz_arcsinh_vis_y_contour.jpg"",""original_image"":""102158276_2724666843646662046_gz_arcsinh_vis_y.jpg"",""disk-edge-on_yes_fraction"":""0.9711914""}","{""0"":""https://panoptes-uploads.zooniverse.org/subject_location/7388e097-bb33-40bb-b534-46b378ec6dc4.jpeg"",""1"":""https://panoptes-uploads.zooniverse.org/subject_location/a051913c-efab-4c90-8b5c-95fafab29fbc.jpeg""}",0,,,2026-02-13 08:21:58 UTC,2026-02-13 08:21:58 UTC
117538933,31802,31221,134321,"{""redshift"":""0.0799999982118606"",""object_id"":""2677663004634726524"",""contour_image"":""102157631_2677663004634726524_gz_arcsinh_vis_y_contour.jpg"",""original_image"":""102157631_2677663004634726524_gz_arcsinh_vis_y.jpg"",""disk-edge-on_yes_fraction"":""0.9824219""}","{""0"":""https://panoptes-uploads.zooniverse.org/subject_location/8b159627-f166-4fb9-8a21-73f3ffde0190.jpeg"",""1"":""https://panoptes-uploads.zooniverse.org/subject_location/9d1d845c-7ca9-43e7-ba69-d7c94d83a219.jpeg""}",0,,,2026-02-13 08:21:59 UTC,2026-02-13 08:21:59 UTC
117538934,31802,31221,134321,"{""redshift"":""0.2199999988079071"",""object_id"":""-646529313459511456"",""contour_image"":""102023481_NEG646529313459511456_gz_arcsinh_vis_y_contour.jpg"",""original_image"":""102023481_NEG646529313459511456_gz_arcsinh_vis_y.jpg"",""disk-edge-on_yes_fraction"":""0.98535156""}","{""0"":""https://panoptes-uploads.zooniverse.org/subject_location/5db8dac0-b751-4090-8ebc-a5b0b8e274c8.jpeg"",""1"":""https://panoptes-uploads.zooniverse.org/subject_location/823f332b-4941-45fe-8669-bb73c92a3222.jpeg""}",0,,,2026-02-13 08:21:59 UTC,2026-02-13 08:21:59 UTC
117538935,31802,31221,134321,"{""redshift"":""0.209999993443489"",""object_id"":""-632075693482821481"",""contour_image"":""102021017_NEG632075693482821481_gz_arcsinh_vis_y_contour.jpg"",""original_image"":""102021017_NEG632075693482821481_gz_arcsinh_vis_y.jpg"",""disk-edge-on_yes_fraction"":""0.90966797""}","{""0"":""https://panoptes-uploads.zooniverse.org/subject_location/333fb043-00bb-4901-8b78-cefbb8bfe0f4.jpeg"",""1"":""https://panoptes-uploads.zooniverse.org/subject_location/5d2c2864-f34c-48a5-89a6-462856976a88.jpeg""}",0,,,2026-02-13 08:22:00 UTC,2026-02-13 08:22:00 UTC
117538936,31802,31221,134321,"{""redshift"":""0.1700000017881393"",""object_id"":""-522542030279081904"",""contour_image"":""102044184_NEG522542030279081904_gz_arcsinh_vis_y_contour.jpg"",""original_image"":""102044184_NEG522542030279081904_gz_arcsinh_vis_y.jpg"",""disk-edge-on_yes_fraction"":""0.9794922""}","{""0"":""https://panoptes-uploads.zooniverse.org/subject_location/424f7f56-657b-4935-97e2-e2b29a8bd74b.jpeg"",""1"":""https://panoptes-uploads.zooniverse.org/subject_location/12f8a238-4bd0-4698-969a-d182e660f67c.jpeg""}",0,,,2026-02-13 08:22:00 UTC,2026-02-13 08:22:00 UTC
117538937,31802,31221,134321,"{""redshift"":""0.2300000041723251"",""object_id"":""-593737969514185141"",""contour_image"":""102018213_NEG593737969514185141_gz_arcsinh_vis_y_contour.jpg"",""original_image"":""102018213_NEG593737969514185141_gz_arcsinh_vis_y.jpg"",""disk-edge-on_yes_fraction"":""0.9741211""}","{""0"":""https://panoptes-uploads.zooniverse.org/subject_location/2ed5263a-48d5-43fb-8ea4-d3987b85d666.jpeg"",""1"":""https://panoptes-uploads.zooniverse.org/subject_location/c5350ef4-2a7f-449e-83ba-d2499fab5b40.jpeg""}",0,,,2026-02-13 08:22:01 UTC,2026-02-13 08:22:01 UTC
117538938,31802,31221,134321,"{""redshift"":""0.050000000745058"",""object_id"":""2663700558644628760"",""contour_image"":""102158271_2663700558644628760_gz_arcsinh_vis_y_contour.jpg"",""original_image"":""102158271_2663700558644628760_gz_arcsinh_vis_y.jpg"",""disk-edge-on_yes_fraction"":""0.9140625""}","{""0"":""https://panoptes-uploads.zooniverse.org/subject_location/539a4582-3c09-4f96-803a-f6b0f69a66b1.jpeg"",""1"":""https://panoptes-uploads.zooniverse.org/subject_location/ef7bc4f2-c678-4908-8da0-b4ee3a9e775b.jpeg""}",0,,,2026-02-13 08:22:01 UTC,2026-02-13 08:22:01 UTC
117538939,31802,31221,134321,"{""redshift"":""0.209999993443489"",""object_id"":""-565687136486296359"",""contour_image"":""102021008_NEG565687136486296359_gz_arcsinh_vis_y_contour.jpg"",""original_image"":""102021008_NEG565687136486296359_gz_arcsinh_vis_y.jpg"",""disk-edge-on_yes_fraction"":""0.9838867""}","{""0"":""https://panoptes-uploads.zooniverse.org/subject_location/6c8e38f6-e6f8-42c3-a9cb-9e384bf252dc.jpeg"",""1"":""https://panoptes-uploads.zooniverse.org/subject_location/48647f94-c2bd-4152-9aff-74c62d82003e.jpeg""}",0,,,2026-02-13 08:22:02 UTC,2026-02-13 08:22:02 UTC
117538940,31802,31221,134321,"{""redshift"":""0.1899999976158142"",""object_id"":""2673683357659731903"",""contour_image"":""102159190_2673683357659731903_gz_arcsinh_vis_y_contour.jpg"",""original_image"":""102159190_2673683357659731903_gz_arcsinh_vis_y.jpg"",""disk-edge-on_yes_fraction"":""0.9770508""}","{""0"":""https://panoptes-uploads.zooniverse.org/subject_location/98815e79-aa11-411c-9f71-b5ea10f236de.jpeg"",""1"":""https://panoptes-uploads.zooniverse.org/subject_location/855899d4-c04e-4369-a925-098f84f6d3f6.jpeg""}",0,,,2026-02-13 08:22:02 UTC,2026-02-13 08:22:02 UTC
117538941,31802,31221,134321,"{""redshift"":""0.1899999976158142"",""object_id"":""2654046190658149406"",""contour_image"":""102159188_2654046190658149406_gz_arcsinh_vis_y_contour.jpg"",""original_image"":""102159188_2654046190658149406_gz_arcsinh_vis_y.jpg"",""disk-edge-on_yes_fraction"":""0.9736328""}","{""0"":""https://panoptes-uploads.zooniverse.org/subject_location/a55d6592-8ce5-46d8-b7cc-7dd32e2a782f.jpeg"",""1"":""https://panoptes-uploads.zooniverse.org/subject_location/18891d68-1f12-42d5-bed7-7a6f8ca16746.jpeg""}",0,,,2026-02-13 08:22:03 UTC,2026-02-13 08:22:03 UTC
117538942,31802,31221,134321,"{""redshift"":""0.1800000071525573"",""object_id"":""-580730927509368624"",""contour_image"":""102018666_NEG580730927509368624_gz_arcsinh_vis_y_contour.jpg"",""original_image"":""102018666_NEG580730927509368624_gz_arcsinh_vis_y.jpg"",""disk-edge-on_yes_fraction"":""0.8276367""}","{""0"":""https://panoptes-uploads.zooniverse.org/subject_location/6bd6e05d-66db-4978-8af1-14bd6238f8da.jpeg"",""1"":""https://panoptes-uploads.zooniverse.org/subject_location/89951299-befc-4940-9d90-5d87588d8361.jpeg""}",0,,,2026-02-13 08:22:03 UTC,2026-02-13 08:22:03 UTC
117538943,31802,31221,134321,"{""redshift"":""0.1599999964237213"",""object_id"":""-632254140464979644"",""contour_image"":""102022977_NEG632254140464979644_gz_arcsinh_vis_y_contour.jpg"",""original_image"":""102022977_NEG632254140464979644_gz_arcsinh_vis_y.jpg"",""disk-edge-on_yes_fraction"":""0.97265625""}","{""0"":""https://panoptes-uploads.zooniverse.org/subject_location/e3aa174d-1497-48d8-b2a7-160830fc8af5.jpeg"",""1"":""https://panoptes-uploads.zooniverse.org/subject_location/18e67848-d87b-49a4-ad5e-e8cfcdb44e61.jpeg""}",0,,,2026-02-13 08:22:04 UTC,2026-02-13 08:22:04 UTC
117538944,31802,31221,134321,"{""redshift"":""0.1299999952316284"",""object_id"":""-539320898280174866"",""contour_image"":""102044187_NEG539320898280174866_gz_arcsinh_vis_y_contour.jpg"",""original_image"":""102044187_NEG539320898280174866_gz_arcsinh_vis_y.jpg"",""disk-edge-on_yes_fraction"":""0.96728516""}","{""0"":""https://panoptes-uploads.zooniverse.org/subject_location/e78c82cc-d083-4f48-b90c-9261bc569cc5.jpeg"",""1"":""https://panoptes-uploads.zooniverse.org/subject_location/60167479-c073-46e6-9939-d3d0c9e73a5b.jpeg""}",0,,,2026-02-13 08:22:04 UTC,2026-02-13 08:22:04 UTC
117538945,31802,31221,134321,"{""redshift"":""0.0799999982118606"",""object_id"":""2697129938672939600"",""contour_image"":""102160059_2697129938672939600_gz_arcsinh_vis_y_contour.jpg"",""original_image"":""102160059_2697129938672939600_gz_arcsinh_vis_y.jpg"",""disk-edge-on_yes_fraction"":""0.9663086""}","{""0"":""https://panoptes-uploads.zooniverse.org/subject_location/c8162bf4-5375-4932-87ec-ec47bd6ad7ce.jpeg"",""1"":""https://panoptes-uploads.zooniverse.org/subject_location/5adb5c99-be24-4fe4-a3ad-0450a90c2cfb.jpeg""}",0,,,2026-02-13 08:22:05 UTC,2026-02-13 08:22:05 UTC
117538946,31802,31221,134321,"{""redshift"":""0.2000000029802322"",""object_id"":""-650589258460474457"",""contour_image"":""102023481_NEG650589258460474457_gz_arcsinh_vis_y_contour.jpg"",""original_image"":""102023481_NEG650589258460474457_gz_arcsinh_vis_y.jpg"",""disk-edge-on_yes_fraction"":""0.9873047""}","{""0"":""https://panoptes-uploads.zooniverse.org/subject_location/a86e85a1-3051-4f52-b77f-4acd63853b17.jpeg"",""1"":""https://panoptes-uploads.zooniverse.org/subject_location/be778214-c0d0-4709-82f7-ce95ebf7e452.jpeg""}",0,,,2026-02-13 08:22:05 UTC,2026-02-13 08:22:05 UTC
117538947,31802,31221,134321,"{""redshift"":""0.1000000014901161"",""object_id"":""2679273483647616799"",""contour_image"":""102158584_2679273483647616799_gz_arcsinh_vis_y_contour.jpg"",""original_image"":""102158584_2679273483647616799_gz_arcsinh_vis_y.jpg"",""disk-edge-on_yes_fraction"":""0.96777344""}","{""0"":""https://panoptes-uploads.zooniverse.org/subject_location/094b9e71-aed6-4272-be18-6f9176d418e3.jpeg"",""1"":""https://panoptes-uploads.zooniverse.org/subject_location/0c023806-40de-4aec-b0b9-3fbd7f72338b.jpeg""}",0,,,2026-02-13 08:22:06 UTC,2026-02-13 08:22:06 UTC
117538948,31802,31221,134321,"{""redshift"":""0.2300000041723251"",""object_id"":""-601387512469759457"",""contour_image"":""102022476_NEG601387512469759457_gz_arcsinh_vis_y_contour.jpg"",""original_image"":""102022476_NEG601387512469759457_gz_arcsinh_vis_y.jpg"",""disk-edge-on_yes_fraction"":""0.9814453""}","{""0"":""https://panoptes-uploads.zooniverse.org/subject_location/07bb9c1e-43df-4c47-843a-1c0136be2bfe.jpeg"",""1"":""https://panoptes-uploads.zooniverse.org/subject_location/1528fa54-889c-401f-a3de-ba509982c778.jpeg""}",0,,,2026-02-13 08:22:06 UTC,2026-02-13 08:22:06 UTC
117538949,31802,31221,134321,"{""redshift"":""0.2300000041723251"",""object_id"":""-648055525459948803"",""contour_image"":""102023481_NEG648055525459948803_gz_arcsinh_vis_y_contour.jpg"",""original_image"":""102023481_NEG648055525459948803_gz_arcsinh_vis_y.jpg"",""disk-edge-on_yes_fraction"":""0.97021484""}","{""0"":""https://panoptes-uploads.zooniverse.org/subject_location/b8527591-d2c0-4a20-9ab5-787500b64edf.jpeg"",""1"":""https://panoptes-uploads.zooniverse.org/subject_location/72f2770c-9935-463f-b802-0f63016ebf58.jpeg""}",0,,,2026-02-13 08:22:07 UTC,2026-02-13 08:22:07 UTC
117538950,31802,31221,134321,"{""redshift"":""0.1700000017881393"",""object_id"":""2712714262683157976"",""contour_image"":""102160609_2712714262683157976_gz_arcsinh_vis_y_contour.jpg"",""original_image"":""102160609_2712714262683157976_gz_arcsinh_vis_y.jpg"",""disk-edge-on_yes_fraction"":""0.9667969""}","{""0"":""https://panoptes-uploads.zooniverse.org/subject_location/ccdc2a43-57c4-4504-a710-3f9ad9e13f29.jpeg"",""1"":""https://panoptes-uploads.zooniverse.org/subject_location/47c292ad-1c75-4344-8648-8f36d89a3eee.jpeg""}",0,,,2026-02-13 08:22:07 UTC,2026-02-13 08:22:07 UTC
117538951,31802,31221,134321,"{""redshift"":""0.0799999982118606"",""object_id"":""2683898942652481377"",""contour_image"":""102158890_2683898942652481377_gz_arcsinh_vis_y_contour.jpg"",""original_image"":""102158890_2683898942652481377_gz_arcsinh_vis_y.jpg"",""disk-edge-on_yes_fraction"":""0.94091797""}","{""0"":""https://panoptes-uploads.zooniverse.org/subject_location/7c6dd263-8843-4b43-841c-30fd60b417b9.jpeg"",""1"":""https://panoptes-uploads.zooniverse.org/subject_location/73c1efc6-89c7-4995-a41c-6cf180cbe9ca.jpeg""}",0,,,2026-02-13 08:22:08 UTC,2026-02-13 08:22:08 UTC
117538952,31802,31221,134321,"{""redshift"":""0.1800000071525573"",""object_id"":""2693830995636671397"",""contour_image"":""102157633_2693830995636671397_gz_arcsinh_vis_y_contour.jpg"",""original_image"":""102157633_2693830995636671397_gz_arcsinh_vis_y.jpg"",""disk-edge-on_yes_fraction"":""0.89453125""}","{""0"":""https://panoptes-uploads.zooniverse.org/subject_location/26eddc70-245c-4e83-a280-820256222224.jpeg"",""1"":""https://panoptes-uploads.zooniverse.org/subject_location/73e05bf3-2878-40f5-a11e-3652de9c27e4.jpeg""}",0,,,2026-02-13 08:22:08 UTC,2026-02-13 08:22:08 UTC
117538953,31802,31221,134321,"{""redshift"":""0.2199999988079071"",""object_id"":""-657992279466258273"",""contour_image"":""102022980_NEG657992279466258273_gz_arcsinh_vis_y_contour.jpg"",""original_image"":""102022980_NEG657992279466258273_gz_arcsinh_vis_y.jpg"",""disk-edge-on_yes_fraction"":""0.9746094""}","{""0"":""https://panoptes-uploads.zooniverse.org/subject_location/6737bbfe-c714-47ac-9860-2471a8ee9c60.jpeg"",""1"":""https://panoptes-uploads.zooniverse.org/subject_location/6873b4b5-d13c-409f-94dd-9e4b67a90b0f.jpeg""}",0,,,2026-02-13 08:22:09 UTC,2026-02-13 08:22:09 UTC
117538954,31802,31221,134321,"{""redshift"":""0.270000010728836"",""object_id"":""-588263274491535813"",""contour_image"":""102020532_NEG588263274491535813_gz_arcsinh_vis_y_contour.jpg"",""original_image"":""102020532_NEG588263274491535813_gz_arcsinh_vis_y.jpg"",""disk-edge-on_yes_fraction"":""0.9707031""}","{""0"":""https://panoptes-uploads.zooniverse.org/subject_location/b5fe31f7-dac7-47f8-863d-35b3dbebc589.jpeg"",""1"":""https://panoptes-uploads.zooniverse.org/subject_location/2b8909cf-5e96-41de-b950-37441f59d763.jpeg""}",0,,,2026-02-13 08:22:09 UTC,2026-02-13 08:22:09 UTC
117538955,31802,31221,134321,"{""redshift"":""0.0799999982118606"",""object_id"":""2733829092648262323"",""contour_image"":""102158588_2733829092648262323_gz_arcsinh_vis_y_contour.jpg"",""original_image"":""102158588_2733829092648262323_gz_arcsinh_vis_y.jpg"",""disk-edge-on_yes_fraction"":""0.97802734""}","{""0"":""https://panoptes-uploads.zooniverse.org/subject_location/e544f8dd-f11a-434d-a070-0f63fc31af88.jpeg"",""1"":""https://panoptes-uploads.zooniverse.org/subject_location/bcc6808b-4999-4ee8-a51c-3ad91e602900.jpeg""}",0,,,2026-02-13 08:22:09 UTC,2026-02-13 08:22:09 UTC
117538956,31802,31221,134321,"{""redshift"":""0.2000000029802322"",""object_id"":""-599944529478516879"",""contour_image"":""102021495_NEG599944529478516879_gz_arcsinh_vis_y_contour.jpg"",""original_image"":""102021495_NEG599944529478516879_gz_arcsinh_vis_y.jpg"",""disk-edge-on_yes_fraction"":""0.9550781""}","{""0"":""https://panoptes-uploads.zooniverse.org/subject_location/1fd9c1a2-d107-432c-891e-b32d5d023131.jpeg"",""1"":""https://panoptes-uploads.zooniverse.org/subject_location/770086b1-e132-4076-8f9b-4af3323ed413.jpeg""}",0,,,2026-02-13 08:22:10 UTC,2026-02-13 08:22:10 UTC
117538957,31802,31221,134321,"{""redshift"":""0.0799999982118606"",""object_id"":""2689440138684666873"",""contour_image"":""102160608_2689440138684666873_gz_arcsinh_vis_y_contour.jpg"",""original_image"":""102160608_2689440138684666873_gz_arcsinh_vis_y.jpg"",""disk-edge-on_yes_fraction"":""0.9814453""}","{""0"":""https://panoptes-uploads.zooniverse.org/subject_location/6ec96501-7f12-4bb9-8fa9-7508a7fff4c6.jpeg"",""1"":""https://panoptes-uploads.zooniverse.org/subject_location/306a89a8-3e03-4fd8-8a0e-cf17b4a4c2fd.jpeg""}",0,,,2026-02-13 08:22:10 UTC,2026-02-13 08:22:10 UTC
117538958,31802,31221,134321,"{""redshift"":""0.209999993443489"",""object_id"":""-594079605492661013"",""contour_image"":""102020059_NEG594079605492661013_gz_arcsinh_vis_y_contour.jpg"",""original_image"":""102020059_NEG594079605492661013_gz_arcsinh_vis_y.jpg"",""disk-edge-on_yes_fraction"":""0.97998047""}","{""0"":""https://panoptes-uploads.zooniverse.org/subject_location/6ba20cbe-771a-4c06-8549-f1922812d238.jpeg"",""1"":""https://panoptes-uploads.zooniverse.org/subject_location/204d6044-ca04-4f6f-9bfd-d136d423292b.jpeg""}",0,,,2026-02-13 08:22:11 UTC,2026-02-13 08:22:11 UTC
117538959,31802,31221,134321,"{""redshift"":""0.2199999988079071"",""object_id"":""-614017561467366924"",""contour_image"":""102022974_NEG614017561467366924_gz_arcsinh_vis_y_contour.jpg"",""original_image"":""102022974_NEG614017561467366924_gz_arcsinh_vis_y.jpg"",""disk-edge-on_yes_fraction"":""0.9794922""}","{""0"":""https://panoptes-uploads.zooniverse.org/subject_location/0c9584ee-fca2-4e71-9461-b3cdbf2ab21a.jpeg"",""1"":""https://panoptes-uploads.zooniverse.org/subject_location/25b6c255-1a88-477b-8665-8693e99b4178.jpeg""}",0,,,2026-02-13 08:22:11 UTC,2026-02-13 08:22:11 UTC
117538960,31802,31221,134321,"{""redshift"":""0.1700000017881393"",""object_id"":""2734820848660615203"",""contour_image"":""102159195_2734820848660615203_gz_arcsinh_vis_y_contour.jpg"",""original_image"":""102159195_2734820848660615203_gz_arcsinh_vis_y.jpg"",""disk-edge-on_yes_fraction"":""0.93847656""}","{""0"":""https://panoptes-uploads.zooniverse.org/subject_location/5b12301c-4e0c-4b39-9761-d11992a9b0c6.jpeg"",""1"":""https://panoptes-uploads.zooniverse.org/subject_location/1a4d7fd6-62e7-4fec-bd81-173c6b1e48da.jpeg""}",0,,,2026-02-13 08:22:12 UTC,2026-02-13 08:22:12 UTC
117538961,31802,31221,134321,"{""redshift"":""0.2800000011920929"",""object_id"":""-632015036464627833"",""contour_image"":""102022977_NEG632015036464627833_gz_arcsinh_vis_y_contour.jpg"",""original_image"":""102022977_NEG632015036464627833_gz_arcsinh_vis_y.jpg"",""disk-edge-on_yes_fraction"":""0.9838867""}","{""0"":""https://panoptes-uploads.zooniverse.org/subject_location/e45fca83-b548-466c-b4c8-0cab709f8a1f.jpeg"",""1"":""https://panoptes-uploads.zooniverse.org/subject_location/28becbd9-9016-44ee-ae06-420d5aad3268.jpeg""}",0,,,2026-02-13 08:22:12 UTC,2026-02-13 08:22:12 UTC
117538962,31802,31221,134321,"{""redshift"":""0.1199999973177909"",""object_id"":""-596574107509496666"",""contour_image"":""102018668_NEG596574107509496666_gz_arcsinh_vis_y_contour.jpg"",""original_image"":""102018668_NEG596574107509496666_gz_arcsinh_vis_y.jpg"",""disk-edge-on_yes_fraction"":""0.9213867""}","{""0"":""https://panoptes-uploads.zooniverse.org/subject_location/8fb3d658-f33f-418e-bd5e-81cc744c6c82.jpeg"",""1"":""https://panoptes-uploads.zooniverse.org/subject_location/90012c7b-7750-49fe-b403-fce868eba089.jpeg""}",0,,,2026-02-13 08:22:13 UTC,2026-02-13 08:22:13 UTC
117538963,31802,31221,134321,"{""redshift"":""0.1800000071525573"",""object_id"":""-588969877514122407"",""contour_image"":""102018212_NEG588969877514122407_gz_arcsinh_vis_y_contour.jpg"",""original_image"":""102018212_NEG588969877514122407_gz_arcsinh_vis_y.jpg"",""disk-edge-on_yes_fraction"":""0.828125""}","{""0"":""https://panoptes-uploads.zooniverse.org/subject_location/4cef2424-a76b-4d29-8b6a-13bbb93391c8.jpeg"",""1"":""https://panoptes-uploads.zooniverse.org/subject_location/79c50f87-92b6-4717-a957-7f359c731cd8.jpeg""}",0,,,2026-02-13 08:22:13 UTC,2026-02-13 08:22:13 UTC
117538964,31802,31221,134321,"{""redshift"":""0.1899999976158142"",""object_id"":""-571764467497938846"",""contour_image"":""102019587_NEG571764467497938846_gz_arcsinh_vis_y_contour.jpg"",""original_image"":""102019587_NEG571764467497938846_gz_arcsinh_vis_y.jpg"",""disk-edge-on_yes_fraction"":""0.9765625""}","{""0"":""https://panoptes-uploads.zooniverse.org/subject_location/48f7f4a9-06d0-4c35-8a53-459707c9db8b.jpeg"",""1"":""https://panoptes-uploads.zooniverse.org/subject_location/51a541f9-c84e-406e-993f-10d6774f1cd7.jpeg""}",0,,,2026-02-13 08:22:14 UTC,2026-02-13 08:22:14 UTC
117538965,31802,31221,134321,"{""redshift"":""0.1500000059604644"",""object_id"":""-668534373469473936"",""contour_image"":""102022485_NEG668534373469473936_gz_arcsinh_vis_y_contour.jpg"",""original_image"":""102022485_NEG668534373469473936_gz_arcsinh_vis_y.jpg"",""disk-edge-on_yes_fraction"":""0.9785156""}","{""0"":""https://panoptes-uploads.zooniverse.org/subject_location/553b0465-e010-4464-b494-3ff2318c29db.jpeg"",""1"":""https://panoptes-uploads.zooniverse.org/subject_location/32c2930c-46bb-4947-8d87-d4722cb6d284.jpeg""}",0,,,2026-02-13 08:22:14 UTC,2026-02-13 08:22:14 UTC
117538966,31802,31221,134321,"{""redshift"":""0.1500000059604644"",""object_id"":""2694064110636135557"",""contour_image"":""102157633_2694064110636135557_gz_arcsinh_vis_y_contour.jpg"",""original_image"":""102157633_2694064110636135557_gz_arcsinh_vis_y.jpg"",""disk-edge-on_yes_fraction"":""0.8701172""}","{""0"":""https://panoptes-uploads.zooniverse.org/subject_location/377d1dd6-9004-442a-8c71-436f35bacc68.jpeg"",""1"":""https://panoptes-uploads.zooniverse.org/subject_location/e9b21d9f-08e3-45c8-abeb-ef9aba1a8be1.jpeg""}",0,,,2026-02-13 08:22:15 UTC,2026-02-13 08:22:15 UTC
117538967,31802,31221,134321,"{""redshift"":""0.1899999976158142"",""object_id"":""2725909863646177344"",""contour_image"":""102158276_2725909863646177344_gz_arcsinh_vis_y_contour.jpg"",""original_image"":""102158276_2725909863646177344_gz_arcsinh_vis_y.jpg"",""disk-edge-on_yes_fraction"":""0.9736328""}","{""0"":""https://panoptes-uploads.zooniverse.org/subject_location/648ee904-6525-49d8-8a9b-cb1f8d722c7c.jpeg"",""1"":""https://panoptes-uploads.zooniverse.org/subject_location/7be81734-b83e-4d25-b015-d093c9efa6f3.jpeg""}",0,,,2026-02-13 08:22:15 UTC,2026-02-13 08:22:15 UTC
117538968,31802,31221,134321,"{""redshift"":""0.0900000035762786"",""object_id"":""-609297997471138168"",""contour_image"":""102022477_NEG609297997471138168_gz_arcsinh_vis_y_contour.jpg"",""original_image"":""102022477_NEG609297997471138168_gz_arcsinh_vis_y.jpg"",""disk-edge-on_yes_fraction"":""0.9692383""}","{""0"":""https://panoptes-uploads.zooniverse.org/subject_location/7523d8f6-0a9f-4d43-8c8e-9224d0c7ab4f.jpeg"",""1"":""https://panoptes-uploads.zooniverse.org/subject_location/5868f447-2705-44b8-b1ca-2f78f956e023.jpeg""}",0,,,2026-02-13 08:22:16 UTC,2026-02-13 08:22:16 UTC
117538969,31802,31221,134321,"{""redshift"":""0.2800000011920929"",""object_id"":""-609829011491893839"",""contour_image"":""102020535_NEG609829011491893839_gz_arcsinh_vis_y_contour.jpg"",""original_image"":""102020535_NEG609829011491893839_gz_arcsinh_vis_y.jpg"",""disk-edge-on_yes_fraction"":""0.9785156""}","{""0"":""https://panoptes-uploads.zooniverse.org/subject_location/386d0a02-19ee-4e8a-8d82-868e129ade62.jpeg"",""1"":""https://panoptes-uploads.zooniverse.org/subject_location/255a0240-250f-43f0-bea6-5dd42659f742.jpeg""}",0,,,2026-02-13 08:22:16 UTC,2026-02-13 08:22:16 UTC
117538970,31802,31221,134321,"{""redshift"":""0.1500000059604644"",""object_id"":""2736893173683074016"",""contour_image"":""102160611_2736893173683074016_gz_arcsinh_vis_y_contour.jpg"",""original_image"":""102160611_2736893173683074016_gz_arcsinh_vis_y.jpg"",""disk-edge-on_yes_fraction"":""0.9667969""}","{""0"":""https://panoptes-uploads.zooniverse.org/subject_location/61a1c89e-0223-4e25-b8fe-d6584355e552.jpeg"",""1"":""https://panoptes-uploads.zooniverse.org/subject_location/dc81876f-7ba5-4306-b263-44895ff6488e.jpeg""}",0,,,2026-02-13 08:22:17 UTC,2026-02-13 08:22:17 UTC
117538971,31802,31221,134321,"{""redshift"":""0.1599999964237213"",""object_id"":""2688585085685353781"",""contour_image"":""102160607_2688585085685353781_gz_arcsinh_vis_y_contour.jpg"",""original_image"":""102160607_2688585085685353781_gz_arcsinh_vis_y.jpg"",""disk-edge-on_yes_fraction"":""0.8457031""}","{""0"":""https://panoptes-uploads.zooniverse.org/subject_location/948e4186-d622-4fdc-8446-f86402a3b3c7.jpeg"",""1"":""https://panoptes-uploads.zooniverse.org/subject_location/faf7214e-28b5-48ba-a7d0-2f4be3824668.jpeg""}",0,,,2026-02-13 08:22:17 UTC,2026-02-13 08:22:17 UTC
117538972,31802,31221,134321,"{""redshift"":""0.1299999952316284"",""object_id"":""-613889058488418696"",""contour_image"":""102020535_NEG613889058488418696_gz_arcsinh_vis_y_contour.jpg"",""original_image"":""102020535_NEG613889058488418696_gz_arcsinh_vis_y.jpg"",""disk-edge-on_yes_fraction"":""0.9868164""}","{""0"":""https://panoptes-uploads.zooniverse.org/subject_location/7efd26d8-29c2-4fbd-b7fb-029b64ac4d9e.jpeg"",""1"":""https://panoptes-uploads.zooniverse.org/subject_location/050545b6-272d-4c64-aae0-5b7a376cfe3d.jpeg""}",0,,,2026-02-13 08:22:18 UTC,2026-02-13 08:22:18 UTC
117538973,31802,31221,134321,"{""redshift"":""0.1599999964237213"",""object_id"":""2660726051635232039"",""contour_image"":""102157630_2660726051635232039_gz_arcsinh_vis_y_contour.jpg"",""original_image"":""102157630_2660726051635232039_gz_arcsinh_vis_y.jpg"",""disk-edge-on_yes_fraction"":""0.9790039""}","{""0"":""https://panoptes-uploads.zooniverse.org/subject_location/21b25f83-678b-47fe-b85f-4044b9caf4f5.jpeg"",""1"":""https://panoptes-uploads.zooniverse.org/subject_location/2403dfd6-b78d-488f-b28d-c53348fe18a6.jpeg""}",0,,,2026-02-13 08:22:18 UTC,2026-02-13 08:22:18 UTC
117538974,31802,31221,134321,"{""redshift"":""0.2899999916553497"",""object_id"":""-601793409469708232"",""contour_image"":""102022476_NEG601793409469708232_gz_arcsinh_vis_y_contour.jpg"",""original_image"":""102022476_NEG601793409469708232_gz_arcsinh_vis_y.jpg"",""disk-edge-on_yes_fraction"":""0.96484375""}","{""0"":""https://panoptes-uploads.zooniverse.org/subject_location/17442ac5-3e63-428c-bfe3-ff61b5f5fee1.jpeg"",""1"":""https://panoptes-uploads.zooniverse.org/subject_location/74d98506-4400-4cc5-9a4f-b01bfadb0264.jpeg""}",0,,,2026-02-13 08:22:19 UTC,2026-02-13 08:22:19 UTC
117538975,31802,31221,134321,"{""redshift"":""0.050000000745058"",""object_id"":""2666661387636767188"",""contour_image"":""102157630_2666661387636767188_gz_arcsinh_vis_y_contour.jpg"",""original_image"":""102157630_2666661387636767188_gz_arcsinh_vis_y.jpg"",""disk-edge-on_yes_fraction"":""0.98291016""}","{""0"":""https://panoptes-uploads.zooniverse.org/subject_location/2542e624-03c0-4793-89a3-919087882c63.jpeg"",""1"":""https://panoptes-uploads.zooniverse.org/subject_location/2e506959-0fc4-43c8-945f-d0d2ddec5f57.jpeg""}",0,,,2026-02-13 08:22:19 UTC,2026-02-13 08:22:19 UTC
117538976,31802,31221,134321,"{""redshift"":""0.0700000002980232"",""object_id"":""2689100304673895549"",""contour_image"":""102160058_2689100304673895549_gz_arcsinh_vis_y_contour.jpg"",""original_image"":""102160058_2689100304673895549_gz_arcsinh_vis_y.jpg"",""disk-edge-on_yes_fraction"":""0.8852539""}","{""0"":""https://panoptes-uploads.zooniverse.org/subject_location/e9d5fcd2-3164-43df-8624-26ef800de5b7.jpeg"",""1"":""https://panoptes-uploads.zooniverse.org/subject_location/253a39ac-b769-4ac2-9610-066ff992f7b6.jpeg""}",0,,,2026-02-13 08:22:20 UTC,2026-02-13 08:22:20 UTC
117538977,31802,31221,134321,"{""redshift"":""0.1599999964237213"",""object_id"":""-613423963463158802"",""contour_image"":""102022974_NEG613423963463158802_gz_arcsinh_vis_y_contour.jpg"",""original_image"":""102022974_NEG613423963463158802_gz_arcsinh_vis_y.jpg"",""disk-edge-on_yes_fraction"":""0.8984375""}","{""0"":""https://panoptes-uploads.zooniverse.org/subject_location/f166c75d-ee99-4d0c-9232-1cdc631fdcdc.jpeg"",""1"":""https://panoptes-uploads.zooniverse.org/subject_location/51f8be25-ac93-4246-9791-a56b75fff7cc.jpeg""}",0,,,2026-02-13 08:22:20 UTC,2026-02-13 08:22:20 UTC
117538978,31802,31221,134321,"{""redshift"":""0.1099999994039535"",""object_id"":""-649832764468338559"",""contour_image"":""102022482_NEG649832764468338559_gz_arcsinh_vis_y_contour.jpg"",""original_image"":""102022482_NEG649832764468338559_gz_arcsinh_vis_y.jpg"",""disk-edge-on_yes_fraction"":""0.95214844""}","{""0"":""https://panoptes-uploads.zooniverse.org/subject_location/ba6e5173-c1bc-4984-9416-cf9cddc05fd5.jpeg"",""1"":""https://panoptes-uploads.zooniverse.org/subject_location/192f78e2-19ca-4d3c-bb7c-fb01eb543e08.jpeg""}",0,,,2026-02-13 08:22:21 UTC,2026-02-13 08:22:21 UTC
117538979,31802,31221,134321,"{""redshift"":""0.1800000071525573"",""object_id"":""-545131245273905526"",""contour_image"":""102044827_NEG545131245273905526_gz_arcsinh_vis_y_contour.jpg"",""original_image"":""102044827_NEG545131245273905526_gz_arcsinh_vis_y.jpg"",""disk-edge-on_yes_fraction"":""0.9848633""}","{""0"":""https://panoptes-uploads.zooniverse.org/subject_location/756ee2ad-fcbf-4f49-8fb8-8efd99a50434.jpeg"",""1"":""https://panoptes-uploads.zooniverse.org/subject_location/780442b3-7589-45f8-9b80-63d9fc46efa1.jpeg""}",0,,,2026-02-13 08:22:21 UTC,2026-02-13 08:22:21 UTC
117538980,31802,31221,134321,"{""redshift"":""0.050000000745058"",""object_id"":""2717684188668413696"",""contour_image"":""102159777_2717684188668413696_gz_arcsinh_vis_y_contour.jpg"",""original_image"":""102159777_2717684188668413696_gz_arcsinh_vis_y.jpg"",""disk-edge-on_yes_fraction"":""0.9746094""}","{""0"":""https://panoptes-uploads.zooniverse.org/subject_location/82102472-3e8f-4c86-b31b-18105437b3ec.jpeg"",""1"":""https://panoptes-uploads.zooniverse.org/subject_location/3d152102-bb85-4472-bc84-97e520c2ece3.jpeg""}",0,,,2026-02-13 08:22:22 UTC,2026-02-13 08:22:22 UTC
117538981,31802,31221,134321,"{""redshift"":""0.2300000041723251"",""object_id"":""2665881565638318661"",""contour_image"":""102157953_2665881565638318661_gz_arcsinh_vis_y_contour.jpg"",""original_image"":""102157953_2665881565638318661_gz_arcsinh_vis_y.jpg"",""disk-edge-on_yes_fraction"":""0.9873047""}","{""0"":""https://panoptes-uploads.zooniverse.org/subject_location/18ac56b3-3a63-4a06-bef4-e5272e7bade9.jpeg"",""1"":""https://panoptes-uploads.zooniverse.org/subject_location/3ab9362d-6ac1-49af-9677-6e3565c01792.jpeg""}",0,,,2026-02-13 08:22:22 UTC,2026-02-13 08:22:22 UTC
117538982,31802,31221,134321,"{""redshift"":""0.2800000011920929"",""object_id"":""-601841242469550018"",""contour_image"":""102022476_NEG601841242469550018_gz_arcsinh_vis_y_contour.jpg"",""original_image"":""102022476_NEG601841242469550018_gz_arcsinh_vis_y.jpg"",""disk-edge-on_yes_fraction"":""0.9458008""}","{""0"":""https://panoptes-uploads.zooniverse.org/subject_location/b6a7b51c-520f-49c8-a4f1-4895e37a0c8c.jpeg"",""1"":""https://panoptes-uploads.zooniverse.org/subject_location/c298c739-f0e2-4863-8071-9fb1bc31d8fe.jpeg""}",0,,,2026-02-13 08:22:23 UTC,2026-02-13 08:22:23 UTC
117538983,31802,31221,134321,"{""redshift"":""0.1800000071525573"",""object_id"":""2637812937662500864"",""contour_image"":""102159482_2637812937662500864_gz_arcsinh_vis_y_contour.jpg"",""original_image"":""102159482_2637812937662500864_gz_arcsinh_vis_y.jpg"",""disk-edge-on_yes_fraction"":""0.97509766""}","{""0"":""https://panoptes-uploads.zooniverse.org/subject_location/1cce28f5-b23c-4184-8ad0-f9bcc7bd08c4.jpeg"",""1"":""https://panoptes-uploads.zooniverse.org/subject_location/afbd0fa2-b24d-4fdd-8aaf-8da077c3c23d.jpeg""}",0,,,2026-02-13 08:22:23 UTC,2026-02-13 08:22:23 UTC
117538984,31802,31221,134321,"{""redshift"":""0.2000000029802322"",""object_id"":""-540448030290464890"",""contour_image"":""102042917_NEG540448030290464890_gz_arcsinh_vis_y_contour.jpg"",""original_image"":""102042917_NEG540448030290464890_gz_arcsinh_vis_y.jpg"",""disk-edge-on_yes_fraction"":""0.9741211""}","{""0"":""https://panoptes-uploads.zooniverse.org/subject_location/34f83ceb-4ba7-483e-a46f-bef443c3e795.jpeg"",""1"":""https://panoptes-uploads.zooniverse.org/subject_location/64e5de2e-7837-48d4-8469-511d3b58e234.jpeg""}",0,,,2026-02-13 08:22:24 UTC,2026-02-13 08:22:24 UTC
117538985,31802,31221,134321,"{""redshift"":""0.1400000005960464"",""object_id"":""2632525881658129739"",""contour_image"":""102159186_2632525881658129739_gz_arcsinh_vis_y_contour.jpg"",""original_image"":""102159186_2632525881658129739_gz_arcsinh_vis_y.jpg"",""disk-edge-on_yes_fraction"":""0.9819336""}","{""0"":""https://panoptes-uploads.zooniverse.org/subject_location/59ddaa4b-4b2c-4346-913d-49b87327e8c7.jpeg"",""1"":""https://panoptes-uploads.zooniverse.org/subject_location/7d2cb3a5-df82-4dc2-aeb9-d4bccf238537.jpeg""}",0,,,2026-02-13 08:22:24 UTC,2026-02-13 08:22:24 UTC
117538986,31802,31221,134321,"{""redshift"":""0.2199999988079071"",""object_id"":""2725499439657111120"",""contour_image"":""102158893_2725499439657111120_gz_arcsinh_vis_y_contour.jpg"",""original_image"":""102158893_2725499439657111120_gz_arcsinh_vis_y.jpg"",""disk-edge-on_yes_fraction"":""0.9814453""}","{""0"":""https://panoptes-uploads.zooniverse.org/subject_location/b604025e-c74a-4d5b-a7e8-e5d937e08796.jpeg"",""1"":""https://panoptes-uploads.zooniverse.org/subject_location/2f3609d1-8a68-4e40-92d4-22f19041458b.jpeg""}",0,,,2026-02-13 08:22:25 UTC,2026-02-13 08:22:25 UTC
117538987,31802,31221,134321,"{""redshift"":""0.0700000002980232"",""object_id"":""2664022306662003335"",""contour_image"":""102159189_2664022306662003335_gz_arcsinh_vis_y_contour.jpg"",""original_image"":""102159189_2664022306662003335_gz_arcsinh_vis_y.jpg"",""disk-edge-on_yes_fraction"":""0.87597656""}","{""0"":""https://panoptes-uploads.zooniverse.org/subject_location/efadf7bd-c46a-4cab-90ef-33ef28c6bad9.jpeg"",""1"":""https://panoptes-uploads.zooniverse.org/subject_location/37ce599f-5395-4385-85c5-45c5f87892e8.jpeg""}",0,,,2026-02-13 08:22:25 UTC,2026-02-13 08:22:25 UTC
117538988,31802,31221,134321,"{""redshift"":""0.2899999916553497"",""object_id"":""-530616619267058765"",""contour_image"":""102046112_NEG530616619267058765_gz_arcsinh_vis_y_contour.jpg"",""original_image"":""102046112_NEG530616619267058765_gz_arcsinh_vis_y.jpg"",""disk-edge-on_yes_fraction"":""0.89160156""}","{""0"":""https://panoptes-uploads.zooniverse.org/subject_location/dea0ea54-65f0-44ee-8a7a-a4c8858a2d5d.jpeg"",""1"":""https://panoptes-uploads.zooniverse.org/subject_location/24762ff1-eb79-47cc-8937-2187ea5b6703.jpeg""}",0,,,2026-02-13 08:22:26 UTC,2026-02-13 08:22:26 UTC
117538989,31802,31221,134321,"{""redshift"":""0.0700000002980232"",""object_id"":""2673447352647525606"",""contour_image"":""102158271_2673447352647525606_gz_arcsinh_vis_y_contour.jpg"",""original_image"":""102158271_2673447352647525606_gz_arcsinh_vis_y.jpg"",""disk-edge-on_yes_fraction"":""0.9794922""}","{""0"":""https://panoptes-uploads.zooniverse.org/subject_location/e9faf848-3274-4ed4-95cc-bc872d86c45d.jpeg"",""1"":""https://panoptes-uploads.zooniverse.org/subject_location/bff7c6fc-8715-49ce-89d4-27af4757fa03.jpeg""}",0,,,2026-02-13 08:22:26 UTC,2026-02-13 08:22:26 UTC
117538990,31802,31221,134321,"{""redshift"":""0.209999993443489"",""object_id"":""-612137550485827672"",""contour_image"":""102021014_NEG612137550485827672_gz_arcsinh_vis_y_contour.jpg"",""original_image"":""102021014_NEG612137550485827672_gz_arcsinh_vis_y.jpg"",""disk-edge-on_yes_fraction"":""0.84033203""}","{""0"":""https://panoptes-uploads.zooniverse.org/subject_location/b417722f-be9c-4464-991f-42aa2013dc04.jpeg"",""1"":""https://panoptes-uploads.zooniverse.org/subject_location/476278f0-1412-4141-b687-40ab81085098.jpeg""}",0,,,2026-02-13 08:22:27 UTC,2026-02-13 08:22:27 UTC
117538991,31802,31221,134321,"{""redshift"":""0.2000000029802322"",""object_id"":""-614410574498027822"",""contour_image"":""102019593_NEG614410574498027822_gz_arcsinh_vis_y_contour.jpg"",""original_image"":""102019593_NEG614410574498027822_gz_arcsinh_vis_y.jpg"",""disk-edge-on_yes_fraction"":""0.97216797""}","{""0"":""https://panoptes-uploads.zooniverse.org/subject_location/fa4630ef-8a64-4f40-82ae-ac87e2305272.jpeg"",""1"":""https://panoptes-uploads.zooniverse.org/subject_location/6115e18e-2c55-4127-a7ce-eccccef7428a.jpeg""}",0,,,2026-02-13 08:22:27 UTC,2026-02-13 08:22:27 UTC
117538992,31802,31221,134321,"{""redshift"":""0.270000010728836"",""object_id"":""-622897763496130793"",""contour_image"":""102020063_NEG622897763496130793_gz_arcsinh_vis_y_contour.jpg"",""original_image"":""102020063_NEG622897763496130793_gz_arcsinh_vis_y.jpg"",""disk-edge-on_yes_fraction"":""0.9794922""}","{""0"":""https://panoptes-uploads.zooniverse.org/subject_location/d8740c31-a7e4-42da-b387-41748274093a.jpeg"",""1"":""https://panoptes-uploads.zooniverse.org/subject_location/d33e4a4b-66ce-4e70-a253-769bc4ec93c1.jpeg""}",0,,,2026-02-13 08:22:28 UTC,2026-02-13 08:22:28 UTC
117538993,31802,31221,134321,"{""redshift"":""0.2899999916553497"",""object_id"":""2708132175677497867"",""contour_image"":""102160337_2708132175677497867_gz_arcsinh_vis_y_contour.jpg"",""original_image"":""102160337_2708132175677497867_gz_arcsinh_vis_y.jpg"",""disk-edge-on_yes_fraction"":""0.9736328""}","{""0"":""https://panoptes-uploads.zooniverse.org/subject_location/c1ee7dc7-e2fa-4e66-8e2f-93f972b53688.jpeg"",""1"":""https://panoptes-uploads.zooniverse.org/subject_location/04beb412-2f9e-452d-92dd-3ef1be1dc3c4.jpeg""}",0,,,2026-02-13 08:22:28 UTC,2026-02-13 08:22:28 UTC
117538994,31802,31221,134321,"{""redshift"":""0.1000000014901161"",""object_id"":""2716883224641860900"",""contour_image"":""102157957_2716883224641860900_gz_arcsinh_vis_y_contour.jpg"",""original_image"":""102157957_2716883224641860900_gz_arcsinh_vis_y.jpg"",""disk-edge-on_yes_fraction"":""0.9506836""}","{""0"":""https://panoptes-uploads.zooniverse.org/subject_location/b5ee788d-5e75-4416-867b-0d043cd551f2.jpeg"",""1"":""https://panoptes-uploads.zooniverse.org/subject_location/b84f44da-6d84-4614-bb5c-bc49c3c91f02.jpeg""}",0,,,2026-02-13 08:22:28 UTC,2026-02-13 08:22:28 UTC
117538995,31802,31221,134321,"{""redshift"":""0.270000010728836"",""object_id"":""-512328649289958799"",""contour_image"":""102042912_NEG512328649289958799_gz_arcsinh_vis_y_contour.jpg"",""original_image"":""102042912_NEG512328649289958799_gz_arcsinh_vis_y.jpg"",""disk-edge-on_yes_fraction"":""0.9819336""}","{""0"":""https://panoptes-uploads.zooniverse.org/subject_location/235a814e-5555-45cf-946f-5be4a203cf14.jpeg"",""1"":""https://panoptes-uploads.zooniverse.org/subject_location/8ea23c75-d23e-4ccf-b02f-9b3b62dea599.jpeg""}",0,,,2026-02-13 08:22:29 UTC,2026-02-13 08:22:29 UTC
117538996,31802,31221,134321,"{""redshift"":""0.2599999904632568"",""object_id"":""-546174821276309497"",""contour_image"":""102044827_NEG546174821276309497_gz_arcsinh_vis_y_contour.jpg"",""original_image"":""102044827_NEG546174821276309497_gz_arcsinh_vis_y.jpg"",""disk-edge-on_yes_fraction"":""0.9692383""}","{""0"":""https://panoptes-uploads.zooniverse.org/subject_location/e15b6f5d-6dfc-4b5e-be52-9d32b2ddd82b.jpeg"",""1"":""https://panoptes-uploads.zooniverse.org/subject_location/422df00b-9ae4-43e7-9a9c-56bd70ee91f7.jpeg""}",0,,,2026-02-13 08:22:29 UTC,2026-02-13 08:22:29 UTC
117538997,31802,31221,134321,"{""redshift"":""0.1199999973177909"",""object_id"":""2675735633665414786"",""contour_image"":""102159485_2675735633665414786_gz_arcsinh_vis_y_contour.jpg"",""original_image"":""102159485_2675735633665414786_gz_arcsinh_vis_y.jpg"",""disk-edge-on_yes_fraction"":""0.9536133""}","{""0"":""https://panoptes-uploads.zooniverse.org/subject_location/affef6e6-e64f-4a09-9edf-2a985ee4b9b5.jpeg"",""1"":""https://panoptes-uploads.zooniverse.org/subject_location/0b1b0d91-60f1-4e3b-b99f-8ca7c4365ac5.jpeg""}",0,,,2026-02-13 08:22:30 UTC,2026-02-13 08:22:30 UTC
117538998,31802,31221,134321,"{""redshift"":""0.209999993443489"",""object_id"":""2700483330653355558"",""contour_image"":""102158891_2700483330653355558_gz_arcsinh_vis_y_contour.jpg"",""original_image"":""102158891_2700483330653355558_gz_arcsinh_vis_y.jpg"",""disk-edge-on_yes_fraction"":""0.9658203""}","{""0"":""https://panoptes-uploads.zooniverse.org/subject_location/9aac0a91-e347-4364-aa0b-78eb9698b14c.jpeg"",""1"":""https://panoptes-uploads.zooniverse.org/subject_location/7842801b-ea7a-427c-b0ec-fe1af5079554.jpeg""}",0,,,2026-02-13 08:22:30 UTC,2026-02-13 08:22:30 UTC
117538999,31802,31221,134321,"{""redshift"":""0.2000000029802322"",""object_id"":""-656436544465185618"",""contour_image"":""102022980_NEG656436544465185618_gz_arcsinh_vis_y_contour.jpg"",""original_image"":""102022980_NEG656436544465185618_gz_arcsinh_vis_y.jpg"",""disk-edge-on_yes_fraction"":""0.9868164""}","{""0"":""https://panoptes-uploads.zooniverse.org/subject_location/8a77ba17-c319-4f7b-bc7b-3a6da498f53e.jpeg"",""1"":""https://panoptes-uploads.zooniverse.org/subject_location/c704f5d4-1e38-4ddd-87f5-ff0634fa923a.jpeg""}",0,,,2026-02-13 08:22:31 UTC,2026-02-13 08:22:31 UTC
117539000,31802,31221,134321,"{""redshift"":""0.2399999946355819"",""object_id"":""-574220391477641436"",""contour_image"":""102021492_NEG574220391477641436_gz_arcsinh_vis_y_contour.jpg"",""original_image"":""102021492_NEG574220391477641436_gz_arcsinh_vis_y.jpg"",""disk-edge-on_yes_fraction"":""0.9555664""}","{""0"":""https://panoptes-uploads.zooniverse.org/subject_location/02be8f2a-3ef6-45e7-95fe-6574e7e438af.jpeg"",""1"":""https://panoptes-uploads.zooniverse.org/subject_location/11aa18db-0ff3-4939-90d1-a1b1231ad713.jpeg""}",0,,,2026-02-13 08:22:31 UTC,2026-02-13 08:22:31 UTC
117539001,31802,31221,134321,"{""redshift"":""0.0799999982118606"",""object_id"":""2650711389641142327"",""contour_image"":""102157952_2650711389641142327_gz_arcsinh_vis_y_contour.jpg"",""original_image"":""102157952_2650711389641142327_gz_arcsinh_vis_y.jpg"",""disk-edge-on_yes_fraction"":""0.96777344""}","{""0"":""https://panoptes-uploads.zooniverse.org/subject_location/2e736c0e-b911-43c9-ac69-cb069d13ac31.jpeg"",""1"":""https://panoptes-uploads.zooniverse.org/subject_location/d868a31e-181b-4d79-a5a5-3719ff402b23.jpeg""}",0,,,2026-02-13 08:22:32 UTC,2026-02-13 08:22:32 UTC
117539002,31802,31221,134321,"{""redshift"":""0.2599999904632568"",""object_id"":""-528391299282371422"",""contour_image"":""102044185_NEG528391299282371422_gz_arcsinh_vis_y_contour.jpg"",""original_image"":""102044185_NEG528391299282371422_gz_arcsinh_vis_y.jpg"",""disk-edge-on_yes_fraction"":""0.96435547""}","{""0"":""https://panoptes-uploads.zooniverse.org/subject_location/684ade2d-e986-416c-979b-39873027b69e.jpeg"",""1"":""https://panoptes-uploads.zooniverse.org/subject_location/3f3e4cef-b0a0-4fb9-86f6-56577e4ee90b.jpeg""}",0,,,2026-02-13 08:22:32 UTC,2026-02-13 08:22:32 UTC
117539003,31802,31221,134321,"{""redshift"":""0.0900000035762786"",""object_id"":""-615791204491492026"",""contour_image"":""102020536_NEG615791204491492026_gz_arcsinh_vis_y_contour.jpg"",""original_image"":""102020536_NEG615791204491492026_gz_arcsinh_vis_y.jpg"",""disk-edge-on_yes_fraction"":""0.9741211""}","{""0"":""https://panoptes-uploads.zooniverse.org/subject_location/b0a26130-ad64-4685-9a5c-28ecf6412eac.jpeg"",""1"":""https://panoptes-uploads.zooniverse.org/subject_location/c305d50f-18aa-464a-9783-68530bf68007.jpeg""}",0,,,2026-02-13 08:22:33 UTC,2026-02-13 08:22:33 UTC
117539004,31802,31221,134321,"{""redshift"":""0.2399999946355819"",""object_id"":""-656045782468371828"",""contour_image"":""102022483_NEG656045782468371828_gz_arcsinh_vis_y_contour.jpg"",""original_image"":""102022483_NEG656045782468371828_gz_arcsinh_vis_y.jpg"",""disk-edge-on_yes_fraction"":""0.9848633""}","{""0"":""https://panoptes-uploads.zooniverse.org/subject_location/b3f33755-16ea-4d98-904c-521b1bd51d07.jpeg"",""1"":""https://panoptes-uploads.zooniverse.org/subject_location/4be1f984-5562-46e3-879c-0ee7bedc72c3.jpeg""}",0,,,2026-02-13 08:22:33 UTC,2026-02-13 08:22:33 UTC
117539005,31802,31221,134321,"{""redshift"":""0.1700000017881393"",""object_id"":""2623958007659683946"",""contour_image"":""102159186_2623958007659683946_gz_arcsinh_vis_y_contour.jpg"",""original_image"":""102159186_2623958007659683946_gz_arcsinh_vis_y.jpg"",""disk-edge-on_yes_fraction"":""0.9370117""}","{""0"":""https://panoptes-uploads.zooniverse.org/subject_location/4c3fefcf-215b-48bf-a2cf-055c0a91459a.jpeg"",""1"":""https://panoptes-uploads.zooniverse.org/subject_location/bfb00236-195a-4e8b-b295-a133da9cb7e1.jpeg""}",0,,,2026-02-13 08:22:34 UTC,2026-02-13 08:22:34 UTC
117539006,31802,31221,134321,"{""redshift"":""0.2000000029802322"",""object_id"":""-625093528472071893"",""contour_image"":""102022479_NEG625093528472071893_gz_arcsinh_vis_y_contour.jpg"",""original_image"":""102022479_NEG625093528472071893_gz_arcsinh_vis_y.jpg"",""disk-edge-on_yes_fraction"":""0.9794922""}","{""0"":""https://panoptes-uploads.zooniverse.org/subject_location/8b1f8fba-0360-414b-a62c-103bcb59cf0e.jpeg"",""1"":""https://panoptes-uploads.zooniverse.org/subject_location/b1a456f3-8f87-4cd0-bad5-263002515c69.jpeg""}",0,,,2026-02-13 08:22:34 UTC,2026-02-13 08:22:34 UTC
117539007,31802,31221,134321,"{""redshift"":""0.270000010728836"",""object_id"":""-542068437286505071"",""contour_image"":""102043551_NEG542068437286505071_gz_arcsinh_vis_y_contour.jpg"",""original_image"":""102043551_NEG542068437286505071_gz_arcsinh_vis_y.jpg"",""disk-edge-on_yes_fraction"":""0.9863281""}","{""0"":""https://panoptes-uploads.zooniverse.org/subject_location/185f4134-59ec-47bd-87fd-30afe09b2862.jpeg"",""1"":""https://panoptes-uploads.zooniverse.org/subject_location/5b3c1f4b-fc4e-4a97-ad75-806025fc261a.jpeg""}",0,,,2026-02-13 08:22:35 UTC,2026-02-13 08:22:35 UTC
117539008,31802,31221,134321,"{""redshift"":""0.1599999964237213"",""object_id"":""2727885489679593427"",""contour_image"":""102160339_2727885489679593427_gz_arcsinh_vis_y_contour.jpg"",""original_image"":""102160339_2727885489679593427_gz_arcsinh_vis_y.jpg"",""disk-edge-on_yes_fraction"":""0.8510742""}","{""0"":""https://panoptes-uploads.zooniverse.org/subject_location/6a44be09-d009-4c16-b6d1-c3c673ccde15.jpeg"",""1"":""https://panoptes-uploads.zooniverse.org/subject_location/ce7c0dd7-1bee-4521-95b0-7ef6e206f1a3.jpeg""}",0,,,2026-02-13 08:22:35 UTC,2026-02-13 08:22:35 UTC
117539009,31802,31221,134321,"{""redshift"":""0.2599999904632568"",""object_id"":""-514853032278290762"",""contour_image"":""102044182_NEG514853032278290762_gz_arcsinh_vis_y_contour.jpg"",""original_image"":""102044182_NEG514853032278290762_gz_arcsinh_vis_y.jpg"",""disk-edge-on_yes_fraction"":""0.98339844""}","{""0"":""https://panoptes-uploads.zooniverse.org/subject_location/b75eab58-1fed-4254-9644-e49f62df60ba.jpeg"",""1"":""https://panoptes-uploads.zooniverse.org/subject_location/96e3508e-1733-4a64-8b0a-b062f6a994cb.jpeg""}",0,,,2026-02-13 08:22:36 UTC,2026-02-13 08:22:36 UTC
117539010,31802,31221,134321,"{""redshift"":""0.2599999904632568"",""object_id"":""-545125887270303358"",""contour_image"":""102045470_NEG545125887270303358_gz_arcsinh_vis_y_contour.jpg"",""original_image"":""102045470_NEG545125887270303358_gz_arcsinh_vis_y.jpg"",""disk-edge-on_yes_fraction"":""0.93310547""}","{""0"":""https://panoptes-uploads.zooniverse.org/subject_location/e7580ff3-7263-4c55-b37b-d09e09e8c7d4.jpeg"",""1"":""https://panoptes-uploads.zooniverse.org/subject_location/55159fd6-7a2d-4a9d-8485-357a8193e386.jpeg""}",0,,,2026-02-13 08:22:36 UTC,2026-02-13 08:22:36 UTC
117539011,31802,31221,134321,"{""redshift"":""0.2399999946355819"",""object_id"":""2676113415663546167"",""contour_image"":""102159485_2676113415663546167_gz_arcsinh_vis_y_contour.jpg"",""original_image"":""102159485_2676113415663546167_gz_arcsinh_vis_y.jpg"",""disk-edge-on_yes_fraction"":""0.9794922""}","{""0"":""https://panoptes-uploads.zooniverse.org/subject_location/680e8732-5da3-4173-908c-37b44b3a1c0b.jpeg"",""1"":""https://panoptes-uploads.zooniverse.org/subject_location/2a9ccad1-722f-482b-8a15-786332849924.jpeg""}",0,,,2026-02-13 08:22:37 UTC,2026-02-13 08:22:37 UTC
117539012,31802,31221,134321,"{""redshift"":""0.209999993443489"",""object_id"":""-535052931270525132"",""contour_image"":""102045468_NEG535052931270525132_gz_arcsinh_vis_y_contour.jpg"",""original_image"":""102045468_NEG535052931270525132_gz_arcsinh_vis_y.jpg"",""disk-edge-on_yes_fraction"":""0.98535156""}","{""0"":""https://panoptes-uploads.zooniverse.org/subject_location/525cdc1e-d429-43be-8c06-a1a9e9632082.jpeg"",""1"":""https://panoptes-uploads.zooniverse.org/subject_location/d90db1f8-bae6-41b3-ae32-c83a33ba9a27.jpeg""}",0,,,2026-02-13 08:22:37 UTC,2026-02-13 08:22:37 UTC
117539013,31802,31221,134321,"{""redshift"":""0.0799999982118606"",""object_id"":""2659618299654349788"",""contour_image"":""102158888_2659618299654349788_gz_arcsinh_vis_y_contour.jpg"",""original_image"":""102158888_2659618299654349788_gz_arcsinh_vis_y.jpg"",""disk-edge-on_yes_fraction"":""0.93896484""}","{""0"":""https://panoptes-uploads.zooniverse.org/subject_location/b47007a9-4854-4711-8aca-8ccfce037615.jpeg"",""1"":""https://panoptes-uploads.zooniverse.org/subject_location/2fd6969d-f4ce-4410-aa33-c654669a109b.jpeg""}",0,,,2026-02-13 08:22:38 UTC,2026-02-13 08:22:38 UTC
117539014,31802,31221,134321,"{""redshift"":""0.1500000059604644"",""object_id"":""-645742019492746310"",""contour_image"":""102020066_NEG645742019492746310_gz_arcsinh_vis_y_contour.jpg"",""original_image"":""102020066_NEG645742019492746310_gz_arcsinh_vis_y.jpg"",""disk-edge-on_yes_fraction"":""0.88916016""}","{""0"":""https://panoptes-uploads.zooniverse.org/subject_location/ca07d1d2-042e-4aa3-8245-a9ee5e925d94.jpeg"",""1"":""https://panoptes-uploads.zooniverse.org/subject_location/b30e2f31-5747-48d8-b217-cb761ef056e0.jpeg""}",0,,,2026-02-13 08:22:38 UTC,2026-02-13 08:22:38 UTC
117539015,31802,31221,134321,"{""redshift"":""0.0900000035762786"",""object_id"":""2741417040665073179"",""contour_image"":""102159490_2741417040665073179_gz_arcsinh_vis_y_contour.jpg"",""original_image"":""102159490_2741417040665073179_gz_arcsinh_vis_y.jpg"",""disk-edge-on_yes_fraction"":""0.95947266""}","{""0"":""https://panoptes-uploads.zooniverse.org/subject_location/fd699b5f-c06c-410e-baeb-72410be0f9e1.jpeg"",""1"":""https://panoptes-uploads.zooniverse.org/subject_location/8fe08176-0b29-4c95-8bf3-f1f55a7e8b82.jpeg""}",0,,,2026-02-13 08:22:39 UTC,2026-02-13 08:22:39 UTC
117539016,31802,31221,134321,"{""redshift"":""0.1800000071525573"",""object_id"":""2723321895659288839"",""contour_image"":""102159194_2723321895659288839_gz_arcsinh_vis_y_contour.jpg"",""original_image"":""102159194_2723321895659288839_gz_arcsinh_vis_y.jpg"",""disk-edge-on_yes_fraction"":""0.9433594""}","{""0"":""https://panoptes-uploads.zooniverse.org/subject_location/d0bb4aca-0df1-4827-9a75-e30d2918845e.jpeg"",""1"":""https://panoptes-uploads.zooniverse.org/subject_location/d25a3190-d48a-47d6-9786-359034602c56.jpeg""}",0,,,2026-02-13 08:22:39 UTC,2026-02-13 08:22:39 UTC
117539017,31802,31221,134321,"{""redshift"":""0.1899999976158142"",""object_id"":""-617503706491435689"",""contour_image"":""102020536_NEG617503706491435689_gz_arcsinh_vis_y_contour.jpg"",""original_image"":""102020536_NEG617503706491435689_gz_arcsinh_vis_y.jpg"",""disk-edge-on_yes_fraction"":""0.953125""}","{""0"":""https://panoptes-uploads.zooniverse.org/subject_location/724c257b-ea21-434c-b292-acc97dde8fab.jpeg"",""1"":""https://panoptes-uploads.zooniverse.org/subject_location/fee33f1b-f28a-417c-aa53-5b9f88c7c151.jpeg""}",0,,,2026-02-13 08:22:40 UTC,2026-02-13 08:22:40 UTC
117539018,31802,31221,134321,"{""redshift"":""0.25"",""object_id"":""-600199054484230547"",""contour_image"":""102021012_NEG600199054484230547_gz_arcsinh_vis_y_contour.jpg"",""original_image"":""102021012_NEG600199054484230547_gz_arcsinh_vis_y.jpg"",""disk-edge-on_yes_fraction"":""0.97802734""}","{""0"":""https://panoptes-uploads.zooniverse.org/subject_location/4e7be1d5-b596-4e79-8db6-11e23f659c88.jpeg"",""1"":""https://panoptes-uploads.zooniverse.org/subject_location/35cbed46-cf87-4a86-abba-067dc5556149.jpeg""}",0,,,2026-02-13 08:22:40 UTC,2026-02-13 08:22:40 UTC
117539019,31802,31221,134321,"{""redshift"":""0.2199999988079071"",""object_id"":""2733155126680037426"",""contour_image"":""102160339_2733155126680037426_gz_arcsinh_vis_y_contour.jpg"",""original_image"":""102160339_2733155126680037426_gz_arcsinh_vis_y.jpg"",""disk-edge-on_yes_fraction"":""0.91308594""}","{""0"":""https://panoptes-uploads.zooniverse.org/subject_location/5aa99b5b-56a7-48e8-b014-17013c67d9a4.jpeg"",""1"":""https://panoptes-uploads.zooniverse.org/subject_location/25224ae1-1660-4f97-9902-bc076d8a470f.jpeg""}",0,,,2026-02-13 08:22:41 UTC,2026-02-13 08:22:41 UTC
117539020,31802,31221,134321,"{""redshift"":""0.1199999973177909"",""object_id"":""-626559601459303362"",""contour_image"":""102023478_NEG626559601459303362_gz_arcsinh_vis_y_contour.jpg"",""original_image"":""102023478_NEG626559601459303362_gz_arcsinh_vis_y.jpg"",""disk-edge-on_yes_fraction"":""0.90527344""}","{""0"":""https://panoptes-uploads.zooniverse.org/subject_location/504e4cae-5b6e-41d2-bccb-344a32f8f17e.jpeg"",""1"":""https://panoptes-uploads.zooniverse.org/subject_location/23b349b5-57eb-4fce-bc5c-ea1a752afcae.jpeg""}",0,,,2026-02-13 08:22:41 UTC,2026-02-13 08:22:41 UTC
117539021,31802,31221,134321,"{""redshift"":""0.1700000017881393"",""object_id"":""2693671161651296084"",""contour_image"":""102158585_2693671161651296084_gz_arcsinh_vis_y_contour.jpg"",""original_image"":""102158585_2693671161651296084_gz_arcsinh_vis_y.jpg"",""disk-edge-on_yes_fraction"":""0.98046875""}","{""0"":""https://panoptes-uploads.zooniverse.org/subject_location/1842229a-35dc-4bdf-8e83-95ef53efff89.jpeg"",""1"":""https://panoptes-uploads.zooniverse.org/subject_location/31effa05-c661-4c8a-9b8c-856c4620b319.jpeg""}",0,,,2026-02-13 08:22:42 UTC,2026-02-13 08:22:42 UTC
117539022,31802,31221,134321,"{""redshift"":""0.0799999982118606"",""object_id"":""2704660882634610897"",""contour_image"":""102157634_2704660882634610897_gz_arcsinh_vis_y_contour.jpg"",""original_image"":""102157634_2704660882634610897_gz_arcsinh_vis_y.jpg"",""disk-edge-on_yes_fraction"":""0.9760742""}","{""0"":""https://panoptes-uploads.zooniverse.org/subject_location/5a34d25c-1f85-456c-9591-4748029ba7d7.jpeg"",""1"":""https://panoptes-uploads.zooniverse.org/subject_location/08a6321d-b709-4355-86fd-8398328525d6.jpeg""}",0,,,2026-02-13 08:22:42 UTC,2026-02-13 08:22:42 UTC
117539023,31802,31221,134321,"{""redshift"":""0.1500000059604644"",""object_id"":""-548078161276345512"",""contour_image"":""102044828_NEG548078161276345512_gz_arcsinh_vis_y_contour.jpg"",""original_image"":""102044828_NEG548078161276345512_gz_arcsinh_vis_y.jpg"",""disk-edge-on_yes_fraction"":""0.97509766""}","{""0"":""https://panoptes-uploads.zooniverse.org/subject_location/a3a008bb-2788-4610-8470-3ff399beccae.jpeg"",""1"":""https://panoptes-uploads.zooniverse.org/subject_location/b2301e6c-801f-4b61-a955-036b53da5c5e.jpeg""}",0,,,2026-02-13 08:22:43 UTC,2026-02-13 08:22:43 UTC
117539024,31802,31221,134321,"{""redshift"":""0.2399999946355819"",""object_id"":""-605946949470868240"",""contour_image"":""102022476_NEG605946949470868240_gz_arcsinh_vis_y_contour.jpg"",""original_image"":""102022476_NEG605946949470868240_gz_arcsinh_vis_y.jpg"",""disk-edge-on_yes_fraction"":""0.9814453""}","{""0"":""https://panoptes-uploads.zooniverse.org/subject_location/a096d38e-c0f7-4a23-85da-112dda4ef1df.jpeg"",""1"":""https://panoptes-uploads.zooniverse.org/subject_location/2f3ee392-d6f9-4292-9e9b-2dc7936da74b.jpeg""}",0,,,2026-02-13 08:22:43 UTC,2026-02-13 08:22:43 UTC
117539025,31802,31221,134321,"{""redshift"":""0.1199999973177909"",""object_id"":""-525622354273309168"",""contour_image"":""102044824_NEG525622354273309168_gz_arcsinh_vis_y_contour.jpg"",""original_image"":""102044824_NEG525622354273309168_gz_arcsinh_vis_y.jpg"",""disk-edge-on_yes_fraction"":""0.97558594""}","{""0"":""https://panoptes-uploads.zooniverse.org/subject_location/932bf56e-2085-453f-9117-eb8796ed9281.jpeg"",""1"":""https://panoptes-uploads.zooniverse.org/subject_location/60103b67-72ad-40dc-8761-cc3a895df5e3.jpeg""}",0,,,2026-02-13 08:22:44 UTC,2026-02-13 08:22:44 UTC
117539026,31802,31221,134321,"{""redshift"":""0.0700000002980232"",""object_id"":""2751280935663163830"",""contour_image"":""102159491_2751280935663163830_gz_arcsinh_vis_y_contour.jpg"",""original_image"":""102159491_2751280935663163830_gz_arcsinh_vis_y.jpg"",""disk-edge-on_yes_fraction"":""0.83496094""}","{""0"":""https://panoptes-uploads.zooniverse.org/subject_location/096ab941-4040-45ef-99b3-95e22ef9a3aa.jpeg"",""1"":""https://panoptes-uploads.zooniverse.org/subject_location/3289edb8-987d-407b-bc26-2435a12fe2f3.jpeg""}",0,,,2026-02-13 08:22:44 UTC,2026-02-13 08:22:44 UTC
117539027,31802,31221,134321,"{""redshift"":""0.2800000011920929"",""object_id"":""2700224215645346885"",""contour_image"":""102158274_2700224215645346885_gz_arcsinh_vis_y_contour.jpg"",""original_image"":""102158274_2700224215645346885_gz_arcsinh_vis_y.jpg"",""disk-edge-on_yes_fraction"":""0.8208008""}","{""0"":""https://panoptes-uploads.zooniverse.org/subject_location/eabda71e-e428-46d9-ae0e-b8de343942d0.jpeg"",""1"":""https://panoptes-uploads.zooniverse.org/subject_location/ed1a187f-5d38-4585-b384-3594639b856a.jpeg""}",0,,,2026-02-13 08:22:45 UTC,2026-02-13 08:22:45 UTC
117539028,31802,31221,134321,"{""redshift"":""0.1700000017881393"",""object_id"":""2654578896665910367"",""contour_image"":""102159483_2654578896665910367_gz_arcsinh_vis_y_contour.jpg"",""original_image"":""102159483_2654578896665910367_gz_arcsinh_vis_y.jpg"",""disk-edge-on_yes_fraction"":""0.9790039""}","{""0"":""https://panoptes-uploads.zooniverse.org/subject_location/b876c68c-79fa-40a2-8672-ddd43f8f1fbe.jpeg"",""1"":""https://panoptes-uploads.zooniverse.org/subject_location/e62c71f7-3717-4349-90b4-7d20b7a6ca3f.jpeg""}",0,,,2026-02-13 08:22:45 UTC,2026-02-13 08:22:45 UTC
117539029,31802,31221,134321,"{""redshift"":""0.2599999904632568"",""object_id"":""2701027428675716238"",""contour_image"":""102160059_2701027428675716238_gz_arcsinh_vis_y_contour.jpg"",""original_image"":""102160059_2701027428675716238_gz_arcsinh_vis_y.jpg"",""disk-edge-on_yes_fraction"":""0.9760742""}","{""0"":""https://panoptes-uploads.zooniverse.org/subject_location/226fb3c4-a960-4eec-be25-54700941a002.jpeg"",""1"":""https://panoptes-uploads.zooniverse.org/subject_location/76229834-2131-416f-8f7e-b009a3d5fe23.jpeg""}",0,,,2026-02-13 08:22:46 UTC,2026-02-13 08:22:46 UTC
117539030,31802,31221,134321,"{""redshift"":""0.2399999946355819"",""object_id"":""-655343635479574226"",""contour_image"":""102021503_NEG655343635479574226_gz_arcsinh_vis_y_contour.jpg"",""original_image"":""102021503_NEG655343635479574226_gz_arcsinh_vis_y.jpg"",""disk-edge-on_yes_fraction"":""0.9326172""}","{""0"":""https://panoptes-uploads.zooniverse.org/subject_location/81e009cd-ee0c-4766-9528-a87310dc596d.jpeg"",""1"":""https://panoptes-uploads.zooniverse.org/subject_location/c19903fb-b63f-4177-8000-59942600e1d6.jpeg""}",0,,,2026-02-13 08:22:46 UTC,2026-02-13 08:22:46 UTC
117539031,31802,31221,134321,"{""redshift"":""0.1400000005960464"",""object_id"":""-664911664476860327"",""contour_image"":""102021992_NEG664911664476860327_gz_arcsinh_vis_y_contour.jpg"",""original_image"":""102021992_NEG664911664476860327_gz_arcsinh_vis_y.jpg"",""disk-edge-on_yes_fraction"":""0.9716797""}","{""0"":""https://panoptes-uploads.zooniverse.org/subject_location/5f6059dd-765e-491a-9d43-ae2e6908a065.jpeg"",""1"":""https://panoptes-uploads.zooniverse.org/subject_location/3aba137f-713e-4f85-9e41-df662eb004ab.jpeg""}",0,,,2026-02-13 08:22:47 UTC,2026-02-13 08:22:47 UTC
117539032,31802,31221,134321,"{""redshift"":""0.209999993443489"",""object_id"":""-594326560473433250"",""contour_image"":""102021982_NEG594326560473433250_gz_arcsinh_vis_y_contour.jpg"",""original_image"":""102021982_NEG594326560473433250_gz_arcsinh_vis_y.jpg"",""disk-edge-on_yes_fraction"":""0.9248047""}","{""0"":""https://panoptes-uploads.zooniverse.org/subject_location/08cfb248-c187-4fd2-9df2-302a6d35fb4c.jpeg"",""1"":""https://panoptes-uploads.zooniverse.org/subject_location/58d42149-512a-4a75-83e3-76c38f7cdb67.jpeg""}",0,,,2026-02-13 08:22:47 UTC,2026-02-13 08:22:47 UTC
117539033,31802,31221,134321,"{""redshift"":""0.2899999916553497"",""object_id"":""2669291965648495950"",""contour_image"":""102158583_2669291965648495950_gz_arcsinh_vis_y_contour.jpg"",""original_image"":""102158583_2669291965648495950_gz_arcsinh_vis_y.jpg"",""disk-edge-on_yes_fraction"":""0.9682617""}","{""0"":""https://panoptes-uploads.zooniverse.org/subject_location/c40dd3a8-c1b8-4c57-8a4d-ff3f397d7b23.jpeg"",""1"":""https://panoptes-uploads.zooniverse.org/subject_location/8fef132c-b1b2-4287-81d8-df4e13e32ebb.jpeg""}",0,,,2026-02-13 08:22:48 UTC,2026-02-13 08:22:48 UTC
117539034,31802,31221,134321,"{""redshift"":""0.270000010728836"",""object_id"":""-604300295507654972"",""contour_image"":""102018669_NEG604300295507654972_gz_arcsinh_vis_y_contour.jpg"",""original_image"":""102018669_NEG604300295507654972_gz_arcsinh_vis_y.jpg"",""disk-edge-on_yes_fraction"":""0.96484375""}","{""0"":""https://panoptes-uploads.zooniverse.org/subject_location/8a4964d5-2090-4d63-be8c-ac4f89e56163.jpeg"",""1"":""https://panoptes-uploads.zooniverse.org/subject_location/87300d62-1bd8-4ca0-8f61-a3e18db0cf8a.jpeg""}",0,,,2026-02-13 08:22:48 UTC,2026-02-13 08:22:48 UTC
117539035,31802,31221,134321,"{""redshift"":""0.1700000017881393"",""object_id"":""-554686903486316950"",""contour_image"":""102021006_NEG554686903486316950_gz_arcsinh_vis_y_contour.jpg"",""original_image"":""102021006_NEG554686903486316950_gz_arcsinh_vis_y.jpg"",""disk-edge-on_yes_fraction"":""0.97509766""}","{""0"":""https://panoptes-uploads.zooniverse.org/subject_location/c8658759-e67b-4a56-a511-bc60c36e264e.jpeg"",""1"":""https://panoptes-uploads.zooniverse.org/subject_location/01650f5e-852c-4f32-aa01-3e95d539717a.jpeg""}",0,,,2026-02-13 08:22:49 UTC,2026-02-13 08:22:49 UTC
117539036,31802,31221,134321,"{""redshift"":""0.270000010728836"",""object_id"":""2746964576665742429"",""contour_image"":""102159490_2746964576665742429_gz_arcsinh_vis_y_contour.jpg"",""original_image"":""102159490_2746964576665742429_gz_arcsinh_vis_y.jpg"",""disk-edge-on_yes_fraction"":""0.98535156""}","{""0"":""https://panoptes-uploads.zooniverse.org/subject_location/0f17dc2f-e071-43f9-8470-54c1317e64e4.jpeg"",""1"":""https://panoptes-uploads.zooniverse.org/subject_location/2e9ea76a-235c-4db9-b122-53e1684c6567.jpeg""}",0,,,2026-02-13 08:22:49 UTC,2026-02-13 08:22:49 UTC
117539037,31802,31221,134321,"{""redshift"":""0.1800000071525573"",""object_id"":""2684620987665442351"",""contour_image"":""102159485_2684620987665442351_gz_arcsinh_vis_y_contour.jpg"",""original_image"":""102159485_2684620987665442351_gz_arcsinh_vis_y.jpg"",""disk-edge-on_yes_fraction"":""0.8417969""}","{""0"":""https://panoptes-uploads.zooniverse.org/subject_location/0925bfa1-02a1-448b-a522-9bd7ecc540cc.jpeg"",""1"":""https://panoptes-uploads.zooniverse.org/subject_location/08a9d1b4-21a1-43b1-8d45-2197f01f4684.jpeg""}",0,,,2026-02-13 08:22:50 UTC,2026-02-13 08:22:50 UTC
117539038,31802,31221,134321,"{""redshift"":""0.2399999946355819"",""object_id"":""-618280917478384353"",""contour_image"":""102021498_NEG618280917478384353_gz_arcsinh_vis_y_contour.jpg"",""original_image"":""102021498_NEG618280917478384353_gz_arcsinh_vis_y.jpg"",""disk-edge-on_yes_fraction"":""0.98339844""}","{""0"":""https://panoptes-uploads.zooniverse.org/subject_location/d5c0ce17-e510-4aff-bf44-cfd9c5c5f2b1.jpeg"",""1"":""https://panoptes-uploads.zooniverse.org/subject_location/849518ee-fd8d-4245-8811-52c463840b63.jpeg""}",0,,,2026-02-13 08:22:50 UTC,2026-02-13 08:22:50 UTC
117539039,31802,31221,134321,"{""redshift"":""0.0700000002980232"",""object_id"":""2686286296678476235"",""contour_image"":""102160336_2686286296678476235_gz_arcsinh_vis_y_contour.jpg"",""original_image"":""102160336_2686286296678476235_gz_arcsinh_vis_y.jpg"",""disk-edge-on_yes_fraction"":""0.9838867""}","{""0"":""https://panoptes-uploads.zooniverse.org/subject_location/f4b70f8a-1503-41ea-b489-4694d3f6c771.jpeg"",""1"":""https://panoptes-uploads.zooniverse.org/subject_location/335ec649-e872-4ec5-b800-9fb206f8a042.jpeg""}",0,,,2026-02-13 08:22:51 UTC,2026-02-13 08:22:51 UTC
117539040,31802,31221,134321,"{""redshift"":""0.2199999988079071"",""object_id"":""-517929005286786067"",""contour_image"":""102043546_NEG517929005286786067_gz_arcsinh_vis_y_contour.jpg"",""original_image"":""102043546_NEG517929005286786067_gz_arcsinh_vis_y.jpg"",""disk-edge-on_yes_fraction"":""0.9189453""}","{""0"":""https://panoptes-uploads.zooniverse.org/subject_location/81fccc2f-3099-4c32-8d08-64158c3e1f34.jpeg"",""1"":""https://panoptes-uploads.zooniverse.org/subject_location/10daf807-e7d5-4dfb-8323-e8e0903053d8.jpeg""}",0,,,2026-02-13 08:22:51 UTC,2026-02-13 08:22:51 UTC
117539041,31802,31221,134321,"{""redshift"":""0.1599999964237213"",""object_id"":""2675401548659964424"",""contour_image"":""102159190_2675401548659964424_gz_arcsinh_vis_y_contour.jpg"",""original_image"":""102159190_2675401548659964424_gz_arcsinh_vis_y.jpg"",""disk-edge-on_yes_fraction"":""0.8466797""}","{""0"":""https://panoptes-uploads.zooniverse.org/subject_location/99487b25-1624-46db-9750-36b8daca4ffe.jpeg"",""1"":""https://panoptes-uploads.zooniverse.org/subject_location/f6a3eed6-a681-41f4-9c54-b95f8dd82719.jpeg""}",0,,,2026-02-13 08:22:52 UTC,2026-02-13 08:22:52 UTC
117539042,31802,31221,134321,"{""redshift"":""0.1599999964237213"",""object_id"":""-515136621290441194"",""contour_image"":""102042913_NEG515136621290441194_gz_arcsinh_vis_y_contour.jpg"",""original_image"":""102042913_NEG515136621290441194_gz_arcsinh_vis_y.jpg"",""disk-edge-on_yes_fraction"":""0.8642578""}","{""0"":""https://panoptes-uploads.zooniverse.org/subject_location/b74454c9-f4ce-48b0-94c0-c49571f67ae5.jpeg"",""1"":""https://panoptes-uploads.zooniverse.org/subject_location/889468f6-b83a-48a9-8d47-574c423fba50.jpeg""}",0,,,2026-02-13 08:22:52 UTC,2026-02-13 08:22:52 UTC
117539043,31802,31221,134321,"{""redshift"":""0.0799999982118606"",""object_id"":""2676134809677624392"",""contour_image"":""102160335_2676134809677624392_gz_arcsinh_vis_y_contour.jpg"",""original_image"":""102160335_2676134809677624392_gz_arcsinh_vis_y.jpg"",""disk-edge-on_yes_fraction"":""0.98535156""}","{""0"":""https://panoptes-uploads.zooniverse.org/subject_location/0962a1f3-f568-4f30-b2fb-28f98829fe95.jpeg"",""1"":""https://panoptes-uploads.zooniverse.org/subject_location/5fc0dd93-25e2-4d62-89dc-1d46a2008b75.jpeg""}",0,,,2026-02-13 08:22:53 UTC,2026-02-13 08:22:53 UTC
117539044,31802,31221,134321,"{""redshift"":""0.1700000017881393"",""object_id"":""2672944318678920267"",""contour_image"":""102160335_2672944318678920267_gz_arcsinh_vis_y_contour.jpg"",""original_image"":""102160335_2672944318678920267_gz_arcsinh_vis_y.jpg"",""disk-edge-on_yes_fraction"":""0.9838867""}","{""0"":""https://panoptes-uploads.zooniverse.org/subject_location/e7e3ebbe-86a5-4035-ba9d-8f4f635d5969.jpeg"",""1"":""https://panoptes-uploads.zooniverse.org/subject_location/e6835363-e9b4-4238-a0e0-fdc9ef265d3d.jpeg""}",0,,,2026-02-13 08:22:54 UTC,2026-02-13 08:22:54 UTC
117539045,31802,31221,134321,"{""redshift"":""0.1400000005960464"",""object_id"":""-629703781462453988"",""contour_image"":""102023478_NEG629703781462453988_gz_arcsinh_vis_y_contour.jpg"",""original_image"":""102023478_NEG629703781462453988_gz_arcsinh_vis_y.jpg"",""disk-edge-on_yes_fraction"":""0.9868164""}","{""0"":""https://panoptes-uploads.zooniverse.org/subject_location/26b5f084-d0b9-4e63-b6a5-c2b7266b58ea.jpeg"",""1"":""https://panoptes-uploads.zooniverse.org/subject_location/64cf37e1-5008-49e0-9d33-f37415abad6a.jpeg""}",0,,,2026-02-13 08:22:55 UTC,2026-02-13 08:22:55 UTC
117539046,31802,31221,134321,"{""redshift"":""0.2300000041723251"",""object_id"":""-629761139457839160"",""contour_image"":""102023478_NEG629761139457839160_gz_arcsinh_vis_y_contour.jpg"",""original_image"":""102023478_NEG629761139457839160_gz_arcsinh_vis_y.jpg"",""disk-edge-on_yes_fraction"":""0.9609375""}","{""0"":""https://panoptes-uploads.zooniverse.org/subject_location/d9481d89-10b1-4fef-9bed-e462c90af2e1.jpeg"",""1"":""https://panoptes-uploads.zooniverse.org/subject_location/8981c1f6-d84f-4151-84fe-ca727785b862.jpeg""}",0,,,2026-02-13 08:22:55 UTC,2026-02-13 08:22:55 UTC
117539047,31802,31221,134321,"{""redshift"":""0.1299999952316284"",""object_id"":""-527803766297261816"",""contour_image"":""102041657_NEG527803766297261816_gz_arcsinh_vis_y_contour.jpg"",""original_image"":""102041657_NEG527803766297261816_gz_arcsinh_vis_y.jpg"",""disk-edge-on_yes_fraction"":""0.8041992""}","{""0"":""https://panoptes-uploads.zooniverse.org/subject_location/e12d0545-c0b5-4476-82ca-177c1cd15c2b.jpeg"",""1"":""https://panoptes-uploads.zooniverse.org/subject_location/bd71f266-a437-4b9c-873a-fba331cee75b.jpeg""}",0,,,2026-02-13 08:22:56 UTC,2026-02-13 08:22:56 UTC
117539048,31802,31221,134321,"{""redshift"":""0.0900000035762786"",""object_id"":""-596427331507934698"",""contour_image"":""102018668_NEG596427331507934698_gz_arcsinh_vis_y_contour.jpg"",""original_image"":""102018668_NEG596427331507934698_gz_arcsinh_vis_y.jpg"",""disk-edge-on_yes_fraction"":""0.88623047""}","{""0"":""https://panoptes-uploads.zooniverse.org/subject_location/49098bdc-5fa5-4f06-b69b-f76d7a6a859d.jpeg"",""1"":""https://panoptes-uploads.zooniverse.org/subject_location/e0696e11-a379-4e84-9845-b8856e82ba04.jpeg""}",0,,,2026-02-13 08:22:56 UTC,2026-02-13 08:22:56 UTC
117539049,31802,31221,134321,"{""redshift"":""0.2800000011920929"",""object_id"":""-540505313290886664"",""contour_image"":""102042917_NEG540505313290886664_gz_arcsinh_vis_y_contour.jpg"",""original_image"":""102042917_NEG540505313290886664_gz_arcsinh_vis_y.jpg"",""disk-edge-on_yes_fraction"":""0.9589844""}","{""0"":""https://panoptes-uploads.zooniverse.org/subject_location/4d8d6376-250d-4b99-bc76-3cb49408026d.jpeg"",""1"":""https://panoptes-uploads.zooniverse.org/subject_location/85532371-1ebf-4f35-87fe-616db11b2b99.jpeg""}",0,,,2026-02-13 08:22:57 UTC,2026-02-13 08:22:57 UTC
117539050,31802,31221,134321,"{""redshift"":""0.25"",""object_id"":""-629175408475781405"",""contour_image"":""102021987_NEG629175408475781405_gz_arcsinh_vis_y_contour.jpg"",""original_image"":""102021987_NEG629175408475781405_gz_arcsinh_vis_y.jpg"",""disk-edge-on_yes_fraction"":""0.9794922""}","{""0"":""https://panoptes-uploads.zooniverse.org/subject_location/25c6b2cb-e1b9-416e-840c-4b5d78f6e820.jpeg"",""1"":""https://panoptes-uploads.zooniverse.org/subject_location/8fa2cb3e-6794-47ab-9590-4c3816d1a0e0.jpeg""}",0,,,2026-02-13 08:22:57 UTC,2026-02-13 08:22:57 UTC
117539051,31802,31221,134321,"{""redshift"":""0.0700000002980232"",""object_id"":""2735146548687139627"",""contour_image"":""102160611_2735146548687139627_gz_arcsinh_vis_y_contour.jpg"",""original_image"":""102160611_2735146548687139627_gz_arcsinh_vis_y.jpg"",""disk-edge-on_yes_fraction"":""0.9711914""}","{""0"":""https://panoptes-uploads.zooniverse.org/subject_location/08a429d0-5b4d-48f6-a507-e09a28294887.jpeg"",""1"":""https://panoptes-uploads.zooniverse.org/subject_location/1afe0427-3ffd-4ff8-af07-cb2a3c7b14ee.jpeg""}",0,,,2026-02-13 08:22:58 UTC,2026-02-13 08:22:58 UTC
117539052,31802,31221,134321,"{""redshift"":""0.1800000071525573"",""object_id"":""-661470787479928027"",""contour_image"":""102021503_NEG661470787479928027_gz_arcsinh_vis_y_contour.jpg"",""original_image"":""102021503_NEG661470787479928027_gz_arcsinh_vis_y.jpg"",""disk-edge-on_yes_fraction"":""0.9453125""}","{""0"":""https://panoptes-uploads.zooniverse.org/subject_location/3b6f86f7-51e4-410f-b9aa-59baed88a5d8.jpeg"",""1"":""https://panoptes-uploads.zooniverse.org/subject_location/d0ae7f02-3236-4b91-ad9b-1c475e327184.jpeg""}",0,,,2026-02-13 08:22:58 UTC,2026-02-13 08:22:58 UTC
117539053,31802,31221,134321,"{""redshift"":""0.2300000041723251"",""object_id"":""2667574291631802876"",""contour_image"":""102157301_2667574291631802876_gz_arcsinh_vis_y_contour.jpg"",""original_image"":""102157301_2667574291631802876_gz_arcsinh_vis_y.jpg"",""disk-edge-on_yes_fraction"":""0.98291016""}","{""0"":""https://panoptes-uploads.zooniverse.org/subject_location/d8c2fd72-35bc-4ae2-bee7-0cc69f23dea3.jpeg"",""1"":""https://panoptes-uploads.zooniverse.org/subject_location/8d3c8554-49dc-46e1-92e3-5454fbc29348.jpeg""}",0,,,2026-02-13 08:22:59 UTC,2026-02-13 08:22:59 UTC
117539054,31802,31221,134321,"{""redshift"":""0.2300000041723251"",""object_id"":""-512481207277441438"",""contour_image"":""102044821_NEG512481207277441438_gz_arcsinh_vis_y_contour.jpg"",""original_image"":""102044821_NEG512481207277441438_gz_arcsinh_vis_y.jpg"",""disk-edge-on_yes_fraction"":""0.83154297""}","{""0"":""https://panoptes-uploads.zooniverse.org/subject_location/c3c512fc-45f6-48d0-b238-70cc9a8a8dc5.jpeg"",""1"":""https://panoptes-uploads.zooniverse.org/subject_location/50a6abc2-3a5b-4790-a80b-e30f4038d925.jpeg""}",0,,,2026-02-13 08:22:59 UTC,2026-02-13 08:22:59 UTC
117539055,31802,31221,134321,"{""redshift"":""0.1800000071525573"",""object_id"":""2679296674682681869"",""contour_image"":""102160607_2679296674682681869_gz_arcsinh_vis_y_contour.jpg"",""original_image"":""102160607_2679296674682681869_gz_arcsinh_vis_y.jpg"",""disk-edge-on_yes_fraction"":""0.9765625""}","{""0"":""https://panoptes-uploads.zooniverse.org/subject_location/f352c110-8f0f-4c55-8a17-4347e6dffee7.jpeg"",""1"":""https://panoptes-uploads.zooniverse.org/subject_location/5ab00c32-390c-48e8-acf8-59530a70cbc0.jpeg""}",0,,,2026-02-13 08:23:00 UTC,2026-02-13 08:23:00 UTC
117539056,31802,31221,134321,"{""redshift"":""0.209999993443489"",""object_id"":""-657722191483823199"",""contour_image"":""102021020_NEG657722191483823199_gz_arcsinh_vis_y_contour.jpg"",""original_image"":""102021020_NEG657722191483823199_gz_arcsinh_vis_y.jpg"",""disk-edge-on_yes_fraction"":""0.98095703""}","{""0"":""https://panoptes-uploads.zooniverse.org/subject_location/db589a00-0481-4981-8034-4726a56db0a5.jpeg"",""1"":""https://panoptes-uploads.zooniverse.org/subject_location/3483c265-c168-41b0-b5de-d7392d638619.jpeg""}",0,,,2026-02-13 08:23:00 UTC,2026-02-13 08:23:00 UTC
117539057,31802,31221,134321,"{""redshift"":""0.0700000002980232"",""object_id"":""2743077224657690879"",""contour_image"":""102159196_2743077224657690879_gz_arcsinh_vis_y_contour.jpg"",""original_image"":""102159196_2743077224657690879_gz_arcsinh_vis_y.jpg"",""disk-edge-on_yes_fraction"":""0.9038086""}","{""0"":""https://panoptes-uploads.zooniverse.org/subject_location/b9b33cb0-2c99-4d63-8263-bd77c7bdc7f2.jpeg"",""1"":""https://panoptes-uploads.zooniverse.org/subject_location/447fe9d2-9987-4f26-90ac-d084c90b2f13.jpeg""}",0,,,2026-02-13 08:23:01 UTC,2026-02-13 08:23:01 UTC
117539058,31802,31221,134321,"{""redshift"":""0.0900000035762786"",""object_id"":""2695401395635222833"",""contour_image"":""102157633_2695401395635222833_gz_arcsinh_vis_y_contour.jpg"",""original_image"":""102157633_2695401395635222833_gz_arcsinh_vis_y.jpg"",""disk-edge-on_yes_fraction"":""0.9682617""}","{""0"":""https://panoptes-uploads.zooniverse.org/subject_location/56d44994-4695-4db1-9e2d-8b904ba2bb56.jpeg"",""1"":""https://panoptes-uploads.zooniverse.org/subject_location/586933c1-d42f-4493-bf58-240b0d486d13.jpeg""}",0,,,2026-02-13 08:23:01 UTC,2026-02-13 08:23:01 UTC
117539059,31802,31221,134321,"{""redshift"":""0.209999993443489"",""object_id"":""-549737344278943159"",""contour_image"":""102044189_NEG549737344278943159_gz_arcsinh_vis_y_contour.jpg"",""original_image"":""102044189_NEG549737344278943159_gz_arcsinh_vis_y.jpg"",""disk-edge-on_yes_fraction"":""0.8535156""}","{""0"":""https://panoptes-uploads.zooniverse.org/subject_location/3a70cb8a-fec2-4ee8-ad25-cf1fc6d2cee8.jpeg"",""1"":""https://panoptes-uploads.zooniverse.org/subject_location/955e7529-c46f-4da7-a265-49b08e089e8b.jpeg""}",0,,,2026-02-13 08:23:02 UTC,2026-02-13 08:23:02 UTC
117539060,31802,31221,134321,"{""redshift"":""0.1700000017881393"",""object_id"":""-542975856265811496"",""contour_image"":""102046115_NEG542975856265811496_gz_arcsinh_vis_y_contour.jpg"",""original_image"":""102046115_NEG542975856265811496_gz_arcsinh_vis_y.jpg"",""disk-edge-on_yes_fraction"":""0.9667969""}","{""0"":""https://panoptes-uploads.zooniverse.org/subject_location/dcf507bc-0a6f-48d5-802d-9822bbabe024.jpeg"",""1"":""https://panoptes-uploads.zooniverse.org/subject_location/6094c6bb-e09a-4f3d-81af-de7b65bfdf66.jpeg""}",0,,,2026-02-13 08:23:02 UTC,2026-02-13 08:23:02 UTC
117539061,31802,31221,134321,"{""redshift"":""0.0799999982118606"",""object_id"":""2660589516658550499"",""contour_image"":""102159189_2660589516658550499_gz_arcsinh_vis_y_contour.jpg"",""original_image"":""102159189_2660589516658550499_gz_arcsinh_vis_y.jpg"",""disk-edge-on_yes_fraction"":""0.97753906""}","{""0"":""https://panoptes-uploads.zooniverse.org/subject_location/9a3b6ffb-8fb1-4b2c-85c4-2a5821f3873f.jpeg"",""1"":""https://panoptes-uploads.zooniverse.org/subject_location/ce98c450-5b5b-4865-aa3d-f68af5f8e696.jpeg""}",0,,,2026-02-13 08:23:03 UTC,2026-02-13 08:23:03 UTC
117539062,31802,31221,134321,"{""redshift"":""0.270000010728836"",""object_id"":""-589884895483441716"",""contour_image"":""102021011_NEG589884895483441716_gz_arcsinh_vis_y_contour.jpg"",""original_image"":""102021011_NEG589884895483441716_gz_arcsinh_vis_y.jpg"",""disk-edge-on_yes_fraction"":""0.9355469""}","{""0"":""https://panoptes-uploads.zooniverse.org/subject_location/0bf3c433-68ff-4d47-b3ab-fd852035f2c6.jpeg"",""1"":""https://panoptes-uploads.zooniverse.org/subject_location/f87fcfd9-1a33-4ab5-9ee7-47dbdbef4841.jpeg""}",0,,,2026-02-13 08:23:03 UTC,2026-02-13 08:23:03 UTC
117539063,31802,31221,134321,"{""redshift"":""0.25"",""object_id"":""2689552940647311639"",""contour_image"":""102158273_2689552940647311639_gz_arcsinh_vis_y_contour.jpg"",""original_image"":""102158273_2689552940647311639_gz_arcsinh_vis_y.jpg"",""disk-edge-on_yes_fraction"":""0.97216797""}","{""0"":""https://panoptes-uploads.zooniverse.org/subject_location/51fb3955-e1cb-41c0-96ea-f630b6a81f17.jpeg"",""1"":""https://panoptes-uploads.zooniverse.org/subject_location/896dd70e-881d-4fce-b412-fe892852d3c4.jpeg""}",0,,,2026-02-13 08:23:04 UTC,2026-02-13 08:23:04 UTC
117539064,31802,31221,134321,"{""redshift"":""0.25"",""object_id"":""-561557978490342736"",""contour_image"":""102020528_NEG561557978490342736_gz_arcsinh_vis_y_contour.jpg"",""original_image"":""102020528_NEG561557978490342736_gz_arcsinh_vis_y.jpg"",""disk-edge-on_yes_fraction"":""0.9658203""}","{""0"":""https://panoptes-uploads.zooniverse.org/subject_location/14ce447e-26e0-4ea1-94e2-7764ee0ae932.jpeg"",""1"":""https://panoptes-uploads.zooniverse.org/subject_location/53ced257-6a51-47c7-9355-64b3906b8567.jpeg""}",0,,,2026-02-13 08:23:04 UTC,2026-02-13 08:23:04 UTC
117539065,31802,31221,134321,"{""redshift"":""0.2199999988079071"",""object_id"":""2671657504635934300"",""contour_image"":""102157631_2671657504635934300_gz_arcsinh_vis_y_contour.jpg"",""original_image"":""102157631_2671657504635934300_gz_arcsinh_vis_y.jpg"",""disk-edge-on_yes_fraction"":""0.98339844""}","{""0"":""https://panoptes-uploads.zooniverse.org/subject_location/0ce8c9ce-8c4d-4d09-95ac-4d68697da440.jpeg"",""1"":""https://panoptes-uploads.zooniverse.org/subject_location/f8a0b317-82ae-41b7-b2d5-6e232c7750d6.jpeg""}",0,,,2026-02-13 08:23:05 UTC,2026-02-13 08:23:05 UTC
117539066,31802,31221,134321,"{""redshift"":""0.1500000059604644"",""object_id"":""-629683422496418096"",""contour_image"":""102020064_NEG629683422496418096_gz_arcsinh_vis_y_contour.jpg"",""original_image"":""102020064_NEG629683422496418096_gz_arcsinh_vis_y.jpg"",""disk-edge-on_yes_fraction"":""0.9628906""}","{""0"":""https://panoptes-uploads.zooniverse.org/subject_location/b95267c5-ee88-4196-b439-11a84e3357f9.jpeg"",""1"":""https://panoptes-uploads.zooniverse.org/subject_location/5f138d86-5107-42ea-83f7-6a4cc13878d8.jpeg""}",0,,,2026-02-13 08:23:05 UTC,2026-02-13 08:23:05 UTC
117539067,31802,31221,134321,"{""redshift"":""0.0700000002980232"",""object_id"":""2669436466652223056"",""contour_image"":""102158583_2669436466652223056_gz_arcsinh_vis_y_contour.jpg"",""original_image"":""102158583_2669436466652223056_gz_arcsinh_vis_y.jpg"",""disk-edge-on_yes_fraction"":""0.9746094""}","{""0"":""https://panoptes-uploads.zooniverse.org/subject_location/4e089b99-d470-46e2-9083-705da005b9a1.jpeg"",""1"":""https://panoptes-uploads.zooniverse.org/subject_location/9e0797f0-d105-45ae-a877-d85631287d15.jpeg""}",0,,,2026-02-13 08:23:06 UTC,2026-02-13 08:23:06 UTC
117539068,31802,31221,134321,"{""redshift"":""0.1500000059604644"",""object_id"":""2661927686679093228"",""contour_image"":""102160334_2661927686679093228_gz_arcsinh_vis_y_contour.jpg"",""original_image"":""102160334_2661927686679093228_gz_arcsinh_vis_y.jpg"",""disk-edge-on_yes_fraction"":""0.98535156""}","{""0"":""https://panoptes-uploads.zooniverse.org/subject_location/da775f38-5abd-4441-b12e-ce74a349d9fe.jpeg"",""1"":""https://panoptes-uploads.zooniverse.org/subject_location/a9c77047-a553-4239-8df9-1340160747e3.jpeg""}",0,,,2026-02-13 08:23:06 UTC,2026-02-13 08:23:06 UTC
117539069,31802,31221,134321,"{""redshift"":""0.1400000005960464"",""object_id"":""-526632370289943868"",""contour_image"":""102042915_NEG526632370289943868_gz_arcsinh_vis_y_contour.jpg"",""original_image"":""102042915_NEG526632370289943868_gz_arcsinh_vis_y.jpg"",""disk-edge-on_yes_fraction"":""0.8774414""}","{""0"":""https://panoptes-uploads.zooniverse.org/subject_location/f4ec7bdb-5650-47b6-b106-0726eaed0850.jpeg"",""1"":""https://panoptes-uploads.zooniverse.org/subject_location/6ad5aab0-03d0-4e9a-8b63-c07abe23f94b.jpeg""}",0,,,2026-02-13 08:23:07 UTC,2026-02-13 08:23:07 UTC
117539070,31802,31221,134321,"{""redshift"":""0.2300000041723251"",""object_id"":""-521151726287460995"",""contour_image"":""102042914_NEG521151726287460995_gz_arcsinh_vis_y_contour.jpg"",""original_image"":""102042914_NEG521151726287460995_gz_arcsinh_vis_y.jpg"",""disk-edge-on_yes_fraction"":""0.9379883""}","{""0"":""https://panoptes-uploads.zooniverse.org/subject_location/d705c692-77d3-41fd-85cd-25f4eb0e0bc0.jpeg"",""1"":""https://panoptes-uploads.zooniverse.org/subject_location/137647bc-03af-4e94-9ecd-d45fb1db231a.jpeg""}",0,,,2026-02-13 08:23:07 UTC,2026-02-13 08:23:07 UTC
117539071,31802,31221,134321,"{""redshift"":""0.1599999964237213"",""object_id"":""2710176748642668781"",""contour_image"":""102158275_2710176748642668781_gz_arcsinh_vis_y_contour.jpg"",""original_image"":""102158275_2710176748642668781_gz_arcsinh_vis_y.jpg"",""disk-edge-on_yes_fraction"":""0.984375""}","{""0"":""https://panoptes-uploads.zooniverse.org/subject_location/4292ce70-4cea-468f-830d-361a3cfa1170.jpeg"",""1"":""https://panoptes-uploads.zooniverse.org/subject_location/6a115cca-dfcf-4755-b914-8192d412389c.jpeg""}",0,,,2026-02-13 08:23:08 UTC,2026-02-13 08:23:08 UTC
117539072,31802,31221,134321,"{""redshift"":""0.2300000041723251"",""object_id"":""2756075256651473134"",""contour_image"":""102158590_2756075256651473134_gz_arcsinh_vis_y_contour.jpg"",""original_image"":""102158590_2756075256651473134_gz_arcsinh_vis_y.jpg"",""disk-edge-on_yes_fraction"":""0.98095703""}","{""0"":""https://panoptes-uploads.zooniverse.org/subject_location/9318406b-f384-415a-8ca3-521cbde2ab1c.jpeg"",""1"":""https://panoptes-uploads.zooniverse.org/subject_location/4d104662-620a-4870-b541-c44ac5161d24.jpeg""}",0,,,2026-02-13 08:23:08 UTC,2026-02-13 08:23:08 UTC
117539073,31802,31221,134321,"{""redshift"":""0.1899999976158142"",""object_id"":""-658930612484702119"",""contour_image"":""102021020_NEG658930612484702119_gz_arcsinh_vis_y_contour.jpg"",""original_image"":""102021020_NEG658930612484702119_gz_arcsinh_vis_y.jpg"",""disk-edge-on_yes_fraction"":""0.95458984""}","{""0"":""https://panoptes-uploads.zooniverse.org/subject_location/cefb7d8b-ce3b-4af3-966f-3090388a9359.jpeg"",""1"":""https://panoptes-uploads.zooniverse.org/subject_location/7de6e267-7a85-43d2-9200-f78e0e3357b2.jpeg""}",0,,,2026-02-13 08:23:09 UTC,2026-02-13 08:23:09 UTC
117539074,31802,31221,134321,"{""redshift"":""0.209999993443489"",""object_id"":""2647883124656598929"",""contour_image"":""102158887_2647883124656598929_gz_arcsinh_vis_y_contour.jpg"",""original_image"":""102158887_2647883124656598929_gz_arcsinh_vis_y.jpg"",""disk-edge-on_yes_fraction"":""0.9003906""}","{""0"":""https://panoptes-uploads.zooniverse.org/subject_location/04deebbb-ff14-41e6-9e6b-77b6cd5130ca.jpeg"",""1"":""https://panoptes-uploads.zooniverse.org/subject_location/d31990b9-828e-461c-87da-d7ebb55177c0.jpeg""}",0,,,2026-02-13 08:23:09 UTC,2026-02-13 08:23:09 UTC
117539075,31802,31221,134321,"{""redshift"":""0.25"",""object_id"":""2658183482637178538"",""contour_image"":""102157629_2658183482637178538_gz_arcsinh_vis_y_contour.jpg"",""original_image"":""102157629_2658183482637178538_gz_arcsinh_vis_y.jpg"",""disk-edge-on_yes_fraction"":""0.96728516""}","{""0"":""https://panoptes-uploads.zooniverse.org/subject_location/47f6b02a-96ec-4389-8006-ca5268f3ec11.jpeg"",""1"":""https://panoptes-uploads.zooniverse.org/subject_location/b8c07836-32bd-41ec-ba0b-2b7962cd607b.jpeg""}",0,,,2026-02-13 08:23:10 UTC,2026-02-13 08:23:10 UTC
117539076,31802,31221,134321,"{""redshift"":""0.1500000059604644"",""object_id"":""-516411084291519505"",""contour_image"":""102042913_NEG516411084291519505_gz_arcsinh_vis_y_contour.jpg"",""original_image"":""102042913_NEG516411084291519505_gz_arcsinh_vis_y.jpg"",""disk-edge-on_yes_fraction"":""0.98535156""}","{""0"":""https://panoptes-uploads.zooniverse.org/subject_location/41910f70-d038-4fce-a4ee-7d2939ea48d6.jpeg"",""1"":""https://panoptes-uploads.zooniverse.org/subject_location/5f4ba209-244f-40ad-a1f5-de23b640506b.jpeg""}",0,,,2026-02-13 08:23:10 UTC,2026-02-13 08:23:10 UTC
117539077,31802,31221,134321,"{""redshift"":""0.25"",""object_id"":""-629603206457868744"",""contour_image"":""102023478_NEG629603206457868744_gz_arcsinh_vis_y_contour.jpg"",""original_image"":""102023478_NEG629603206457868744_gz_arcsinh_vis_y.jpg"",""disk-edge-on_yes_fraction"":""0.98046875""}","{""0"":""https://panoptes-uploads.zooniverse.org/subject_location/a9768343-c276-4352-84ae-558f2a838be1.jpeg"",""1"":""https://panoptes-uploads.zooniverse.org/subject_location/65b5f9a6-58d4-4476-9f31-ee21a3c1d8b1.jpeg""}",0,,,2026-02-13 08:23:11 UTC,2026-02-13 08:23:11 UTC
117539078,31802,31221,134321,"{""redshift"":""0.1299999952316284"",""object_id"":""2741519113684285242"",""contour_image"":""102160611_2741519113684285242_gz_arcsinh_vis_y_contour.jpg"",""original_image"":""102160611_2741519113684285242_gz_arcsinh_vis_y.jpg"",""disk-edge-on_yes_fraction"":""0.97509766""}","{""0"":""https://panoptes-uploads.zooniverse.org/subject_location/99767be2-8756-410a-ba27-f794af1c9443.jpeg"",""1"":""https://panoptes-uploads.zooniverse.org/subject_location/2d07374f-5bfc-4b54-b1eb-ee899e233e96.jpeg""}",0,,,2026-02-13 08:23:11 UTC,2026-02-13 08:23:11 UTC
117539079,31802,31221,134321,"{""redshift"":""0.1099999994039535"",""object_id"":""-616399737474024209"",""contour_image"":""102021985_NEG616399737474024209_gz_arcsinh_vis_y_contour.jpg"",""original_image"":""102021985_NEG616399737474024209_gz_arcsinh_vis_y.jpg"",""disk-edge-on_yes_fraction"":""0.98046875""}","{""0"":""https://panoptes-uploads.zooniverse.org/subject_location/f12f502a-9690-4dff-b00c-8028899fc4e2.jpeg"",""1"":""https://panoptes-uploads.zooniverse.org/subject_location/e25b293f-8596-4f67-a790-42ce452e4642.jpeg""}",0,,,2026-02-13 08:23:12 UTC,2026-02-13 08:23:12 UTC
117539080,31802,31221,134321,"{""redshift"":""0.1400000005960464"",""object_id"":""2750038805653467560"",""contour_image"":""102158895_2750038805653467560_gz_arcsinh_vis_y_contour.jpg"",""original_image"":""102158895_2750038805653467560_gz_arcsinh_vis_y.jpg"",""disk-edge-on_yes_fraction"":""0.95703125""}","{""0"":""https://panoptes-uploads.zooniverse.org/subject_location/6a920fcd-c992-4ba2-9e82-20d42d3ff2be.jpeg"",""1"":""https://panoptes-uploads.zooniverse.org/subject_location/3b44ff9a-d660-48ab-8643-26c927bf9db2.jpeg""}",0,,,2026-02-13 08:23:12 UTC,2026-02-13 08:23:12 UTC
117539081,31802,31221,134321,"{""redshift"":""0.209999993443489"",""object_id"":""-590557783474144962"",""contour_image"":""102021982_NEG590557783474144962_gz_arcsinh_vis_y_contour.jpg"",""original_image"":""102021982_NEG590557783474144962_gz_arcsinh_vis_y.jpg"",""disk-edge-on_yes_fraction"":""0.8901367""}","{""0"":""https://panoptes-uploads.zooniverse.org/subject_location/3e76e6af-0436-4565-aaf4-3d5cf7d313ec.jpeg"",""1"":""https://panoptes-uploads.zooniverse.org/subject_location/f3d624b7-2499-444f-b78b-4b5afc4fde5e.jpeg""}",0,,,2026-02-13 08:23:13 UTC,2026-02-13 08:23:13 UTC
117539082,31802,31221,134321,"{""redshift"":""0.2199999988079071"",""object_id"":""-564609708489742860"",""contour_image"":""102020529_NEG564609708489742860_gz_arcsinh_vis_y_contour.jpg"",""original_image"":""102020529_NEG564609708489742860_gz_arcsinh_vis_y.jpg"",""disk-edge-on_yes_fraction"":""0.9555664""}","{""0"":""https://panoptes-uploads.zooniverse.org/subject_location/c0c8aef6-d24b-4fd8-a971-c8e76fd478d3.jpeg"",""1"":""https://panoptes-uploads.zooniverse.org/subject_location/10de47b7-7900-4763-891b-b67df5304d08.jpeg""}",0,,,2026-02-13 08:23:13 UTC,2026-02-13 08:23:13 UTC
117539083,31802,31221,134321,"{""redshift"":""0.270000010728836"",""object_id"":""-525150156286795263"",""contour_image"":""102043548_NEG525150156286795263_gz_arcsinh_vis_y_contour.jpg"",""original_image"":""102043548_NEG525150156286795263_gz_arcsinh_vis_y.jpg"",""disk-edge-on_yes_fraction"":""0.95166016""}","{""0"":""https://panoptes-uploads.zooniverse.org/subject_location/d2e770c4-3553-4a5a-9bcf-ae39bdde5c09.jpeg"",""1"":""https://panoptes-uploads.zooniverse.org/subject_location/d9868936-1f26-40de-ad3b-43d304808d99.jpeg""}",0,,,2026-02-13 08:23:14 UTC,2026-02-13 08:23:14 UTC
117539084,31802,31221,134321,"{""redshift"":""0.2599999904632568"",""object_id"":""-529433936260758144"",""contour_image"":""102046761_NEG529433936260758144_gz_arcsinh_vis_y_contour.jpg"",""original_image"":""102046761_NEG529433936260758144_gz_arcsinh_vis_y.jpg"",""disk-edge-on_yes_fraction"":""0.98339844""}","{""0"":""https://panoptes-uploads.zooniverse.org/subject_location/3db9ad81-27e5-4432-a998-293c449414de.jpeg"",""1"":""https://panoptes-uploads.zooniverse.org/subject_location/dabaf124-6729-41f9-a4ce-e4f31525d4ea.jpeg""}",0,,,2026-02-13 08:23:14 UTC,2026-02-13 08:23:14 UTC
117539085,31802,31221,134321,"{""redshift"":""0.1099999994039535"",""object_id"":""-513575853266088963"",""contour_image"":""102046109_NEG513575853266088963_gz_arcsinh_vis_y_contour.jpg"",""original_image"":""102046109_NEG513575853266088963_gz_arcsinh_vis_y.jpg"",""disk-edge-on_yes_fraction"":""0.97509766""}","{""0"":""https://panoptes-uploads.zooniverse.org/subject_location/310d6d4e-30d0-476b-b229-98ffa8a39a3b.jpeg"",""1"":""https://panoptes-uploads.zooniverse.org/subject_location/804a2ad1-275d-4572-8457-ce1adb1be8e3.jpeg""}",0,,,2026-02-13 08:23:15 UTC,2026-02-13 08:23:15 UTC
117539086,31802,31221,134321,"{""redshift"":""0.1700000017881393"",""object_id"":""-664307351466904721"",""contour_image"":""102022981_NEG664307351466904721_gz_arcsinh_vis_y_contour.jpg"",""original_image"":""102022981_NEG664307351466904721_gz_arcsinh_vis_y.jpg"",""disk-edge-on_yes_fraction"":""0.93310547""}","{""0"":""https://panoptes-uploads.zooniverse.org/subject_location/6f9ba00c-16d7-4ccf-8cd4-5d70a9a294ca.jpeg"",""1"":""https://panoptes-uploads.zooniverse.org/subject_location/377ecb15-b7ac-4357-8937-90e6805463d9.jpeg""}",0,,,2026-02-13 08:23:15 UTC,2026-02-13 08:23:15 UTC
117539087,31802,31221,134321,"{""redshift"":""0.1199999973177909"",""object_id"":""2669388359678768393"",""contour_image"":""102160334_2669388359678768393_gz_arcsinh_vis_y_contour.jpg"",""original_image"":""102160334_2669388359678768393_gz_arcsinh_vis_y.jpg"",""disk-edge-on_yes_fraction"":""0.9033203""}","{""0"":""https://panoptes-uploads.zooniverse.org/subject_location/a9493099-53af-4129-8fb8-1f86a85089b0.jpeg"",""1"":""https://panoptes-uploads.zooniverse.org/subject_location/8ccd7a1c-8e0a-4541-9604-28f9dce8307f.jpeg""}",0,,,2026-02-13 08:23:16 UTC,2026-02-13 08:23:16 UTC
117539088,31802,31221,134321,"{""redshift"":""0.2800000011920929"",""object_id"":""-514471437293431641"",""contour_image"":""102042282_NEG514471437293431641_gz_arcsinh_vis_y_contour.jpg"",""original_image"":""102042282_NEG514471437293431641_gz_arcsinh_vis_y.jpg"",""disk-edge-on_yes_fraction"":""0.97802734""}","{""0"":""https://panoptes-uploads.zooniverse.org/subject_location/34c9d251-02c5-4394-b2e7-1d1b68a155c9.jpeg"",""1"":""https://panoptes-uploads.zooniverse.org/subject_location/a357b094-6213-4157-be3c-1683c25e6495.jpeg""}",0,,,2026-02-13 08:23:16 UTC,2026-02-13 08:23:16 UTC
117539089,31802,31221,134321,"{""redshift"":""0.2800000011920929"",""object_id"":""-617394539501820609"",""contour_image"":""102019593_NEG617394539501820609_gz_arcsinh_vis_y_contour.jpg"",""original_image"":""102019593_NEG617394539501820609_gz_arcsinh_vis_y.jpg"",""disk-edge-on_yes_fraction"":""0.9863281""}","{""0"":""https://panoptes-uploads.zooniverse.org/subject_location/64a419eb-e1eb-41aa-83c3-09ccc9638838.jpeg"",""1"":""https://panoptes-uploads.zooniverse.org/subject_location/1e7c64f3-0d6e-4343-bbbf-62fe434579d6.jpeg""}",0,,,2026-02-13 08:23:17 UTC,2026-02-13 08:23:17 UTC
117539090,31802,31221,134321,"{""redshift"":""0.0900000035762786"",""object_id"":""2631387534667652292"",""contour_image"":""102159770_2631387534667652292_gz_arcsinh_vis_y_contour.jpg"",""original_image"":""102159770_2631387534667652292_gz_arcsinh_vis_y.jpg"",""disk-edge-on_yes_fraction"":""0.94628906""}","{""0"":""https://panoptes-uploads.zooniverse.org/subject_location/4a71bb5d-762c-4792-919c-5938cdeb5048.jpeg"",""1"":""https://panoptes-uploads.zooniverse.org/subject_location/0540cebe-3b74-43c9-9f9c-7e9b711e918c.jpeg""}",0,,,2026-02-13 08:23:17 UTC,2026-02-13 08:23:17 UTC
117539091,31802,31221,134321,"{""redshift"":""0.2899999916553497"",""object_id"":""-596302810498090325"",""contour_image"":""102019590_NEG596302810498090325_gz_arcsinh_vis_y_contour.jpg"",""original_image"":""102019590_NEG596302810498090325_gz_arcsinh_vis_y.jpg"",""disk-edge-on_yes_fraction"":""0.9477539""}","{""0"":""https://panoptes-uploads.zooniverse.org/subject_location/2711ec84-1295-4a4c-89e8-8b33b905985b.jpeg"",""1"":""https://panoptes-uploads.zooniverse.org/subject_location/f7b3f05e-0598-4209-8b7d-720393b12a40.jpeg""}",0,,,2026-02-13 08:23:18 UTC,2026-02-13 08:23:18 UTC
117539092,31802,31221,134321,"{""redshift"":""0.0700000002980232"",""object_id"":""2722665026682087359"",""contour_image"":""102160338_2722665026682087359_gz_arcsinh_vis_y_contour.jpg"",""original_image"":""102160338_2722665026682087359_gz_arcsinh_vis_y.jpg"",""disk-edge-on_yes_fraction"":""0.9848633""}","{""0"":""https://panoptes-uploads.zooniverse.org/subject_location/46b4a486-19aa-4c3e-84b1-fe9aaebac2c8.jpeg"",""1"":""https://panoptes-uploads.zooniverse.org/subject_location/0623c130-9ada-4616-acf5-ae9db3638a06.jpeg""}",0,,,2026-02-13 08:23:18 UTC,2026-02-13 08:23:18 UTC
117539093,31802,31221,134321,"{""redshift"":""0.209999993443489"",""object_id"":""-512650229276541291"",""contour_image"":""102044821_NEG512650229276541291_gz_arcsinh_vis_y_contour.jpg"",""original_image"":""102044821_NEG512650229276541291_gz_arcsinh_vis_y.jpg"",""disk-edge-on_yes_fraction"":""0.9628906""}","{""0"":""https://panoptes-uploads.zooniverse.org/subject_location/5d4bf8b0-ea9e-4949-814b-610fee33345f.jpeg"",""1"":""https://panoptes-uploads.zooniverse.org/subject_location/9877eb80-b587-46ae-8769-c76c42b8cbf1.jpeg""}",0,,,2026-02-13 08:23:19 UTC,2026-02-13 08:23:19 UTC
117539094,31802,31221,134321,"{""redshift"":""0.0599999986588954"",""object_id"":""2760592074665392296"",""contour_image"":""102159492_2760592074665392296_gz_arcsinh_vis_y_contour.jpg"",""original_image"":""102159492_2760592074665392296_gz_arcsinh_vis_y.jpg"",""disk-edge-on_yes_fraction"":""0.9350586""}","{""0"":""https://panoptes-uploads.zooniverse.org/subject_location/6a73eac9-dae1-4a10-91d6-8051e74eb475.jpeg"",""1"":""https://panoptes-uploads.zooniverse.org/subject_location/6bc95083-8b53-4122-b8fd-e1a3e3f574b8.jpeg""}",0,,,2026-02-13 08:23:19 UTC,2026-02-13 08:23:19 UTC
117539095,31802,31221,134321,"{""redshift"":""0.209999993443489"",""object_id"":""-652386740479574019"",""contour_image"":""102021502_NEG652386740479574019_gz_arcsinh_vis_y_contour.jpg"",""original_image"":""102021502_NEG652386740479574019_gz_arcsinh_vis_y.jpg"",""disk-edge-on_yes_fraction"":""0.98339844""}","{""0"":""https://panoptes-uploads.zooniverse.org/subject_location/35da0dd9-6cba-46af-b3f8-9405f72d907b.jpeg"",""1"":""https://panoptes-uploads.zooniverse.org/subject_location/fba6469f-c004-486c-bfce-4bdd774bbf52.jpeg""}",0,,,2026-02-13 08:23:20 UTC,2026-02-13 08:23:20 UTC
117539096,31802,31221,134321,"{""redshift"":""0.1599999964237213"",""object_id"":""-589854454510572710"",""contour_image"":""102018667_NEG589854454510572710_gz_arcsinh_vis_y_contour.jpg"",""original_image"":""102018667_NEG589854454510572710_gz_arcsinh_vis_y.jpg"",""disk-edge-on_yes_fraction"":""0.8417969""}","{""0"":""https://panoptes-uploads.zooniverse.org/subject_location/f1c7bd04-263a-4e1c-a9fe-8e767d87198c.jpeg"",""1"":""https://panoptes-uploads.zooniverse.org/subject_location/401ab6e9-8020-4acf-b868-02dad0c5eb6e.jpeg""}",0,,,2026-02-13 08:23:20 UTC,2026-02-13 08:23:20 UTC
117539097,31802,31221,134321,"{""redshift"":""0.1899999976158142"",""object_id"":""2667064840655325846"",""contour_image"":""102158888_2667064840655325846_gz_arcsinh_vis_y_contour.jpg"",""original_image"":""102158888_2667064840655325846_gz_arcsinh_vis_y.jpg"",""disk-edge-on_yes_fraction"":""0.98535156""}","{""0"":""https://panoptes-uploads.zooniverse.org/subject_location/915bf69e-9709-4d0a-9c56-8b73321cd3f0.jpeg"",""1"":""https://panoptes-uploads.zooniverse.org/subject_location/3c62b59a-31ae-45f1-a9af-e71e1e370186.jpeg""}",0,,,2026-02-13 08:23:21 UTC,2026-02-13 08:23:21 UTC
117539098,31802,31221,134321,"{""redshift"":""0.1599999964237213"",""object_id"":""-619706398477858764"",""contour_image"":""102021498_NEG619706398477858764_gz_arcsinh_vis_y_contour.jpg"",""original_image"":""102021498_NEG619706398477858764_gz_arcsinh_vis_y.jpg"",""disk-edge-on_yes_fraction"":""0.84375""}","{""0"":""https://panoptes-uploads.zooniverse.org/subject_location/a5cea461-750b-4b79-b8d1-105ef36b50db.jpeg"",""1"":""https://panoptes-uploads.zooniverse.org/subject_location/4cc78d42-6a89-42b7-80ff-c129af8e9009.jpeg""}",0,,,2026-02-13 08:23:21 UTC,2026-02-13 08:23:21 UTC
117539099,31802,31221,134321,"{""redshift"":""0.1899999976158142"",""object_id"":""2663729219642594348"",""contour_image"":""102158271_2663729219642594348_gz_arcsinh_vis_y_contour.jpg"",""original_image"":""102158271_2663729219642594348_gz_arcsinh_vis_y.jpg"",""disk-edge-on_yes_fraction"":""0.98535156""}","{""0"":""https://panoptes-uploads.zooniverse.org/subject_location/458de13e-d639-4c71-bc03-3890ffe68a3a.jpeg"",""1"":""https://panoptes-uploads.zooniverse.org/subject_location/8e0488eb-b7bd-47f0-a84a-ad9e29707579.jpeg""}",0,,,2026-02-13 08:23:22 UTC,2026-02-13 08:23:22 UTC
117539100,31802,31221,134321,"{""redshift"":""0.1700000017881393"",""object_id"":""2696032599648430937"",""contour_image"":""102158585_2696032599648430937_gz_arcsinh_vis_y_contour.jpg"",""original_image"":""102158585_2696032599648430937_gz_arcsinh_vis_y.jpg"",""disk-edge-on_yes_fraction"":""0.8574219""}","{""0"":""https://panoptes-uploads.zooniverse.org/subject_location/501ac644-8bcc-4a73-9a14-d1dde96ab534.jpeg"",""1"":""https://panoptes-uploads.zooniverse.org/subject_location/86fe553d-b867-4db0-a73e-f5d3bdaa866d.jpeg""}",0,,,2026-02-13 08:23:22 UTC,2026-02-13 08:23:22 UTC
117539101,31802,31221,134321,"{""redshift"":""0.2599999904632568"",""object_id"":""-533787882297299373"",""contour_image"":""102042285_NEG533787882297299373_gz_arcsinh_vis_y_contour.jpg"",""original_image"":""102042285_NEG533787882297299373_gz_arcsinh_vis_y.jpg"",""disk-edge-on_yes_fraction"":""0.9868164""}","{""0"":""https://panoptes-uploads.zooniverse.org/subject_location/c7c421f5-e3b9-49e3-abd5-0a89974ebf81.jpeg"",""1"":""https://panoptes-uploads.zooniverse.org/subject_location/d8b36a9f-e8d0-46d6-9d02-fa111a9c2761.jpeg""}",0,,,2026-02-13 08:23:23 UTC,2026-02-13 08:23:23 UTC
117539102,31802,31221,134321,"{""redshift"":""0.2000000029802322"",""object_id"":""-627266270470644495"",""contour_image"":""102022479_NEG627266270470644495_gz_arcsinh_vis_y_contour.jpg"",""original_image"":""102022479_NEG627266270470644495_gz_arcsinh_vis_y.jpg"",""disk-edge-on_yes_fraction"":""0.9692383""}","{""0"":""https://panoptes-uploads.zooniverse.org/subject_location/f4146deb-3996-493c-bc9e-24016e9e22c0.jpeg"",""1"":""https://panoptes-uploads.zooniverse.org/subject_location/2740b59b-40d7-4e77-9cc7-b5ba3704f260.jpeg""}",0,,,2026-02-13 08:23:23 UTC,2026-02-13 08:23:23 UTC
117539103,31802,31221,134321,"{""redshift"":""0.2599999904632568"",""object_id"":""-514735258283934401"",""contour_image"":""102043546_NEG514735258283934401_gz_arcsinh_vis_y_contour.jpg"",""original_image"":""102043546_NEG514735258283934401_gz_arcsinh_vis_y.jpg"",""disk-edge-on_yes_fraction"":""0.91015625""}","{""0"":""https://panoptes-uploads.zooniverse.org/subject_location/d9110fbb-b065-47fc-abd2-6f33a1a45ba0.jpeg"",""1"":""https://panoptes-uploads.zooniverse.org/subject_location/47b65d09-7b06-407e-9810-de59d0412281.jpeg""}",0,,,2026-02-13 08:23:24 UTC,2026-02-13 08:23:24 UTC
117539104,31802,31221,134321,"{""redshift"":""0.1500000059604644"",""object_id"":""2637639810669964486"",""contour_image"":""102159770_2637639810669964486_gz_arcsinh_vis_y_contour.jpg"",""original_image"":""102159770_2637639810669964486_gz_arcsinh_vis_y.jpg"",""disk-edge-on_yes_fraction"":""0.9760742""}","{""0"":""https://panoptes-uploads.zooniverse.org/subject_location/45db69a6-ce0c-47ad-8b20-3d45774e8d35.jpeg"",""1"":""https://panoptes-uploads.zooniverse.org/subject_location/da2ffd38-4fe7-4c1b-98f6-847198c624c1.jpeg""}",0,,,2026-02-13 08:23:24 UTC,2026-02-13 08:23:24 UTC
117539105,31802,31221,134321,"{""redshift"":""0.209999993443489"",""object_id"":""-643358192458878489"",""contour_image"":""102023480_NEG643358192458878489_gz_arcsinh_vis_y_contour.jpg"",""original_image"":""102023480_NEG643358192458878489_gz_arcsinh_vis_y.jpg"",""disk-edge-on_yes_fraction"":""0.9819336""}","{""0"":""https://panoptes-uploads.zooniverse.org/subject_location/abd269f3-512f-4a13-b408-358edddf4910.jpeg"",""1"":""https://panoptes-uploads.zooniverse.org/subject_location/78ccec27-b256-43b5-a2f7-e11489e91eb5.jpeg""}",0,,,2026-02-13 08:23:25 UTC,2026-02-13 08:23:25 UTC
117539106,31802,31221,134321,"{""redshift"":""0.1800000071525573"",""object_id"":""-539053945272163361"",""contour_image"":""102045468_NEG539053945272163361_gz_arcsinh_vis_y_contour.jpg"",""original_image"":""102045468_NEG539053945272163361_gz_arcsinh_vis_y.jpg"",""disk-edge-on_yes_fraction"":""0.97509766""}","{""0"":""https://panoptes-uploads.zooniverse.org/subject_location/59de5c0a-ef14-4287-83b5-80ade0117caa.jpeg"",""1"":""https://panoptes-uploads.zooniverse.org/subject_location/0212240e-dd05-4889-94ad-86677f778087.jpeg""}",0,,,2026-02-13 08:23:25 UTC,2026-02-13 08:23:25 UTC
117539107,31802,31221,134321,"{""redshift"":""0.1000000014901161"",""object_id"":""2686613567646311293"",""contour_image"":""102158273_2686613567646311293_gz_arcsinh_vis_y_contour.jpg"",""original_image"":""102158273_2686613567646311293_gz_arcsinh_vis_y.jpg"",""disk-edge-on_yes_fraction"":""0.9633789""}","{""0"":""https://panoptes-uploads.zooniverse.org/subject_location/9fa52185-7c6e-4f02-ad9d-18b5ea247e7e.jpeg"",""1"":""https://panoptes-uploads.zooniverse.org/subject_location/b5c524ec-51c6-42d7-a497-4148caf5ba25.jpeg""}",0,,,2026-02-13 08:23:26 UTC,2026-02-13 08:23:26 UTC
117539108,31802,31221,134321,"{""redshift"":""0.1500000059604644"",""object_id"":""-609284821463695213"",""contour_image"":""102022974_NEG609284821463695213_gz_arcsinh_vis_y_contour.jpg"",""original_image"":""102022974_NEG609284821463695213_gz_arcsinh_vis_y.jpg"",""disk-edge-on_yes_fraction"":""0.97753906""}","{""0"":""https://panoptes-uploads.zooniverse.org/subject_location/0c9637e8-2604-494d-a8ef-92442f9a3dbb.jpeg"",""1"":""https://panoptes-uploads.zooniverse.org/subject_location/d64b8f18-e7a7-4aba-832e-3585b016c0c1.jpeg""}",0,,,2026-02-13 08:23:26 UTC,2026-02-13 08:23:26 UTC
117539109,31802,31221,134321,"{""redshift"":""0.2899999916553497"",""object_id"":""-632055557471312495"",""contour_image"":""102022480_NEG632055557471312495_gz_arcsinh_vis_y_contour.jpg"",""original_image"":""102022480_NEG632055557471312495_gz_arcsinh_vis_y.jpg"",""disk-edge-on_yes_fraction"":""0.9477539""}","{""0"":""https://panoptes-uploads.zooniverse.org/subject_location/b59f965a-948f-4160-b83e-0e05d99361d1.jpeg"",""1"":""https://panoptes-uploads.zooniverse.org/subject_location/c9f800b0-5265-4bfc-a77f-f9effe5c7e75.jpeg""}",0,,,2026-02-13 08:23:27 UTC,2026-02-13 08:23:27 UTC
117539110,31802,31221,134321,"{""redshift"":""0.1099999994039535"",""object_id"":""2662537922646954827"",""contour_image"":""102158270_2662537922646954827_gz_arcsinh_vis_y_contour.jpg"",""original_image"":""102158270_2662537922646954827_gz_arcsinh_vis_y.jpg"",""disk-edge-on_yes_fraction"":""0.9526367""}","{""0"":""https://panoptes-uploads.zooniverse.org/subject_location/d8db2d10-ffbc-4846-aff1-9f33c7cae726.jpeg"",""1"":""https://panoptes-uploads.zooniverse.org/subject_location/242bd0ef-d97e-4052-ae8c-48f9a9192ea2.jpeg""}",0,,,2026-02-13 08:23:27 UTC,2026-02-13 08:23:27 UTC
117539111,31802,31221,134321,"{""redshift"":""0.2300000041723251"",""object_id"":""-531601574289955352"",""contour_image"":""102042915_NEG531601574289955352_gz_arcsinh_vis_y_contour.jpg"",""original_image"":""102042915_NEG531601574289955352_gz_arcsinh_vis_y.jpg"",""disk-edge-on_yes_fraction"":""0.9692383""}","{""0"":""https://panoptes-uploads.zooniverse.org/subject_location/164d1761-3c79-4262-860e-7920981e1fb5.jpeg"",""1"":""https://panoptes-uploads.zooniverse.org/subject_location/f9534183-6ca1-43c2-abeb-d67af0bb57b0.jpeg""}",0,,,2026-02-13 08:23:28 UTC,2026-02-13 08:23:28 UTC
117539112,31802,31221,134321,"{""redshift"":""0.2199999988079071"",""object_id"":""2642418866668144374"",""contour_image"":""102159771_2642418866668144374_gz_arcsinh_vis_y_contour.jpg"",""original_image"":""102159771_2642418866668144374_gz_arcsinh_vis_y.jpg"",""disk-edge-on_yes_fraction"":""0.82666016""}","{""0"":""https://panoptes-uploads.zooniverse.org/subject_location/2cc3d163-ffa4-4cee-9dda-4cd48d1d4452.jpeg"",""1"":""https://panoptes-uploads.zooniverse.org/subject_location/e81415d4-04ec-491a-a49a-d32b71bdbbf8.jpeg""}",0,,,2026-02-13 08:23:28 UTC,2026-02-13 08:23:28 UTC
117539113,31802,31221,134321,"{""redshift"":""0.1299999952316284"",""object_id"":""-628218031461391207"",""contour_image"":""102023478_NEG628218031461391207_gz_arcsinh_vis_y_contour.jpg"",""original_image"":""102023478_NEG628218031461391207_gz_arcsinh_vis_y.jpg"",""disk-edge-on_yes_fraction"":""0.98046875""}","{""0"":""https://panoptes-uploads.zooniverse.org/subject_location/494a58b8-ad7e-46ae-8aeb-f01bed1c350f.jpeg"",""1"":""https://panoptes-uploads.zooniverse.org/subject_location/627ebe5b-249c-46a3-a783-415fd2b9ee0f.jpeg""}",0,,,2026-02-13 08:23:29 UTC,2026-02-13 08:23:29 UTC
117539114,31802,31221,134321,"{""redshift"":""0.2300000041723251"",""object_id"":""2665970760672385350"",""contour_image"":""102159773_2665970760672385350_gz_arcsinh_vis_y_contour.jpg"",""original_image"":""102159773_2665970760672385350_gz_arcsinh_vis_y.jpg"",""disk-edge-on_yes_fraction"":""0.96240234""}","{""0"":""https://panoptes-uploads.zooniverse.org/subject_location/0980603d-464f-4f9a-8bd1-0543cd711821.jpeg"",""1"":""https://panoptes-uploads.zooniverse.org/subject_location/aad485a0-21f5-4320-a154-feadab2c380f.jpeg""}",0,,,2026-02-13 08:23:29 UTC,2026-02-13 08:23:29 UTC
117539115,31802,31221,134321,"{""redshift"":""0.1000000014901161"",""object_id"":""2690903355685364538"",""contour_image"":""102160608_2690903355685364538_gz_arcsinh_vis_y_contour.jpg"",""original_image"":""102160608_2690903355685364538_gz_arcsinh_vis_y.jpg"",""disk-edge-on_yes_fraction"":""0.9667969""}","{""0"":""https://panoptes-uploads.zooniverse.org/subject_location/14efb9d8-db86-41e3-b1bc-adf9968ef10e.jpeg"",""1"":""https://panoptes-uploads.zooniverse.org/subject_location/5dc712cc-dfda-4d6f-b927-14ed7a8503e7.jpeg""}",0,,,2026-02-13 08:23:30 UTC,2026-02-13 08:23:30 UTC
117539116,31802,31221,134321,"{""redshift"":""0.0799999982118606"",""object_id"":""2717013691675858462"",""contour_image"":""102160060_2717013691675858462_gz_arcsinh_vis_y_contour.jpg"",""original_image"":""102160060_2717013691675858462_gz_arcsinh_vis_y.jpg"",""disk-edge-on_yes_fraction"":""0.9589844""}","{""0"":""https://panoptes-uploads.zooniverse.org/subject_location/f92f0b8b-a57a-4703-8be8-1fd8445f4fde.jpeg"",""1"":""https://panoptes-uploads.zooniverse.org/subject_location/fe2c4e0f-2a3a-4d1f-889e-bc23ae027e95.jpeg""}",0,,,2026-02-13 08:23:30 UTC,2026-02-13 08:23:30 UTC
117539117,31802,31221,134321,"{""redshift"":""0.0700000002980232"",""object_id"":""2735815156641757856"",""contour_image"":""102157959_2735815156641757856_gz_arcsinh_vis_y_contour.jpg"",""original_image"":""102157959_2735815156641757856_gz_arcsinh_vis_y.jpg"",""disk-edge-on_yes_fraction"":""0.984375""}","{""0"":""https://panoptes-uploads.zooniverse.org/subject_location/d383b4f0-62c1-4452-8091-a3c33068175e.jpeg"",""1"":""https://panoptes-uploads.zooniverse.org/subject_location/8b08f266-f1df-47d0-af23-a545c95996c6.jpeg""}",0,,,2026-02-13 08:23:31 UTC,2026-02-13 08:23:31 UTC
117539118,31802,31221,134321,"{""redshift"":""0.1800000071525573"",""object_id"":""-636629689480707285"",""contour_image"":""102021500_NEG636629689480707285_gz_arcsinh_vis_y_contour.jpg"",""original_image"":""102021500_NEG636629689480707285_gz_arcsinh_vis_y.jpg"",""disk-edge-on_yes_fraction"":""0.9682617""}","{""0"":""https://panoptes-uploads.zooniverse.org/subject_location/4d411e93-9d7a-4e58-9408-d4fe36aaf2fb.jpeg"",""1"":""https://panoptes-uploads.zooniverse.org/subject_location/2f461d47-3a12-482f-a9ab-c0f575c756a9.jpeg""}",0,,,2026-02-13 08:23:31 UTC,2026-02-13 08:23:31 UTC
117539119,31802,31221,134321,"{""redshift"":""0.25"",""object_id"":""-623467939500723292"",""contour_image"":""102019594_NEG623467939500723292_gz_arcsinh_vis_y_contour.jpg"",""original_image"":""102019594_NEG623467939500723292_gz_arcsinh_vis_y.jpg"",""disk-edge-on_yes_fraction"":""0.97753906""}","{""0"":""https://panoptes-uploads.zooniverse.org/subject_location/78c3c285-6efb-45e2-a6ab-5022ca6294a2.jpeg"",""1"":""https://panoptes-uploads.zooniverse.org/subject_location/c0635ddf-0f13-4231-8ae3-f9fc4bd0468c.jpeg""}",0,,,2026-02-13 08:23:32 UTC,2026-02-13 08:23:32 UTC
117539120,31802,31221,134321,"{""redshift"":""0.0700000002980232"",""object_id"":""2750719783654072507"",""contour_image"":""102158895_2750719783654072507_gz_arcsinh_vis_y_contour.jpg"",""original_image"":""102158895_2750719783654072507_gz_arcsinh_vis_y.jpg"",""disk-edge-on_yes_fraction"":""0.9638672""}","{""0"":""https://panoptes-uploads.zooniverse.org/subject_location/5e0f99b9-dc6b-4d0c-aae1-a7f219801a6d.jpeg"",""1"":""https://panoptes-uploads.zooniverse.org/subject_location/39912b3f-ab03-4bf8-87bf-14a3d4c2c880.jpeg""}",0,,,2026-02-13 08:23:32 UTC,2026-02-13 08:23:32 UTC
117539121,31802,31221,134321,"{""redshift"":""0.1500000059604644"",""object_id"":""2722472881685145398"",""contour_image"":""102160610_2722472881685145398_gz_arcsinh_vis_y_contour.jpg"",""original_image"":""102160610_2722472881685145398_gz_arcsinh_vis_y.jpg"",""disk-edge-on_yes_fraction"":""0.890625""}","{""0"":""https://panoptes-uploads.zooniverse.org/subject_location/e9aad759-25e9-4e08-bfc7-6dc3abaa5055.jpeg"",""1"":""https://panoptes-uploads.zooniverse.org/subject_location/3a6fa846-5c93-4db4-9cd0-1a6593865723.jpeg""}",0,,,2026-02-13 08:23:33 UTC,2026-02-13 08:23:33 UTC
117539122,31802,31221,134321,"{""redshift"":""0.1299999952316284"",""object_id"":""2647459788650322133"",""contour_image"":""102158581_2647459788650322133_gz_arcsinh_vis_y_contour.jpg"",""original_image"":""102158581_2647459788650322133_gz_arcsinh_vis_y.jpg"",""disk-edge-on_yes_fraction"":""0.9838867""}","{""0"":""https://panoptes-uploads.zooniverse.org/subject_location/ad02471a-f127-46ab-86fc-e2f33b376ea6.jpeg"",""1"":""https://panoptes-uploads.zooniverse.org/subject_location/cbe38f7e-a9f0-444f-8133-c538cc765ccb.jpeg""}",0,,,2026-02-13 08:23:33 UTC,2026-02-13 08:23:33 UTC
117539123,31802,31221,134321,"{""redshift"":""0.25"",""object_id"":""2644492594647663183"",""contour_image"":""102158581_2644492594647663183_gz_arcsinh_vis_y_contour.jpg"",""original_image"":""102158581_2644492594647663183_gz_arcsinh_vis_y.jpg"",""disk-edge-on_yes_fraction"":""0.93652344""}","{""0"":""https://panoptes-uploads.zooniverse.org/subject_location/3183cf46-6c09-430e-b57c-a987934eb73d.jpeg"",""1"":""https://panoptes-uploads.zooniverse.org/subject_location/ac661b66-90c5-44ed-8dae-f361d32b4fe0.jpeg""}",0,,,2026-02-13 08:23:34 UTC,2026-02-13 08:23:34 UTC
117539124,31802,31221,134321,"{""redshift"":""0.1199999973177909"",""object_id"":""-532851758261153932"",""contour_image"":""102046761_NEG532851758261153932_gz_arcsinh_vis_y_contour.jpg"",""original_image"":""102046761_NEG532851758261153932_gz_arcsinh_vis_y.jpg"",""disk-edge-on_yes_fraction"":""0.9785156""}","{""0"":""https://panoptes-uploads.zooniverse.org/subject_location/16aafda4-bdc5-4a80-9e8a-91fddb38606e.jpeg"",""1"":""https://panoptes-uploads.zooniverse.org/subject_location/caf7bc2d-62dd-47d1-8345-84a032eead9b.jpeg""}",0,,,2026-02-13 08:23:34 UTC,2026-02-13 08:23:34 UTC
117539125,31802,31221,134321,"{""redshift"":""0.1800000071525573"",""object_id"":""-557287905495744656"",""contour_image"":""102020054_NEG557287905495744656_gz_arcsinh_vis_y_contour.jpg"",""original_image"":""102020054_NEG557287905495744656_gz_arcsinh_vis_y.jpg"",""disk-edge-on_yes_fraction"":""0.8901367""}","{""0"":""https://panoptes-uploads.zooniverse.org/subject_location/d178f9f9-7a62-46e4-a03c-7ce70cde4bf5.jpeg"",""1"":""https://panoptes-uploads.zooniverse.org/subject_location/7402fbe5-a2b0-47db-913f-b5b9f98d4594.jpeg""}",0,,,2026-02-13 08:23:35 UTC,2026-02-13 08:23:35 UTC
117539126,31802,31221,134321,"{""redshift"":""0.270000010728836"",""object_id"":""-618905348492303968"",""contour_image"":""102020536_NEG618905348492303968_gz_arcsinh_vis_y_contour.jpg"",""original_image"":""102020536_NEG618905348492303968_gz_arcsinh_vis_y.jpg"",""disk-edge-on_yes_fraction"":""0.984375""}","{""0"":""https://panoptes-uploads.zooniverse.org/subject_location/f1a75702-7f75-43ab-aa8e-4f4b1d307f28.jpeg"",""1"":""https://panoptes-uploads.zooniverse.org/subject_location/41d7b06b-f66b-4dd0-b77e-2ead9cc50338.jpeg""}",0,,,2026-02-13 08:23:35 UTC,2026-02-13 08:23:35 UTC
117539127,31802,31221,134321,"{""redshift"":""0.2000000029802322"",""object_id"":""-549948873292372606"",""contour_image"":""102042919_NEG549948873292372606_gz_arcsinh_vis_y_contour.jpg"",""original_image"":""102042919_NEG549948873292372606_gz_arcsinh_vis_y.jpg"",""disk-edge-on_yes_fraction"":""0.98535156""}","{""0"":""https://panoptes-uploads.zooniverse.org/subject_location/9f3585ee-9ba7-41e7-9151-20a699575cf1.jpeg"",""1"":""https://panoptes-uploads.zooniverse.org/subject_location/45965b0b-3ba1-4ea0-8eb8-e37f6753c1cb.jpeg""}",0,,,2026-02-13 08:23:36 UTC,2026-02-13 08:23:36 UTC
117539128,31802,31221,134321,"{""redshift"":""0.2000000029802322"",""object_id"":""2646853687668105039"",""contour_image"":""102159771_2646853687668105039_gz_arcsinh_vis_y_contour.jpg"",""original_image"":""102159771_2646853687668105039_gz_arcsinh_vis_y.jpg"",""disk-edge-on_yes_fraction"":""0.95214844""}","{""0"":""https://panoptes-uploads.zooniverse.org/subject_location/c9d3ed79-abca-43f5-9f5f-5b21519075fa.jpeg"",""1"":""https://panoptes-uploads.zooniverse.org/subject_location/a7657b54-832c-4f8a-b8a0-083cbcf53519.jpeg""}",0,,,2026-02-13 08:23:36 UTC,2026-02-13 08:23:36 UTC
117539129,31802,31221,134321,"{""redshift"":""0.2599999904632568"",""object_id"":""-613279109483880460"",""contour_image"":""102021014_NEG613279109483880460_gz_arcsinh_vis_y_contour.jpg"",""original_image"":""102021014_NEG613279109483880460_gz_arcsinh_vis_y.jpg"",""disk-edge-on_yes_fraction"":""0.92626953""}","{""0"":""https://panoptes-uploads.zooniverse.org/subject_location/ea939f4d-7d97-4551-ae87-eae78b315121.jpeg"",""1"":""https://panoptes-uploads.zooniverse.org/subject_location/2819b73e-0b19-4abd-babc-9a313e5e9605.jpeg""}",0,,,2026-02-13 08:23:37 UTC,2026-02-13 08:23:37 UTC
117539130,31802,31221,134321,"{""redshift"":""0.2599999904632568"",""object_id"":""-649797539460099726"",""contour_image"":""102023481_NEG649797539460099726_gz_arcsinh_vis_y_contour.jpg"",""original_image"":""102023481_NEG649797539460099726_gz_arcsinh_vis_y.jpg"",""disk-edge-on_yes_fraction"":""0.97753906""}","{""0"":""https://panoptes-uploads.zooniverse.org/subject_location/0352c2af-17bd-43c8-bb21-fc81b7504075.jpeg"",""1"":""https://panoptes-uploads.zooniverse.org/subject_location/54e992b9-8e83-4763-95f4-26c97a0f7419.jpeg""}",0,,,2026-02-13 08:23:37 UTC,2026-02-13 08:23:37 UTC
117539131,31802,31221,134321,"{""redshift"":""0.1500000059604644"",""object_id"":""2743975467643208900"",""contour_image"":""102158278_2743975467643208900_gz_arcsinh_vis_y_contour.jpg"",""original_image"":""102158278_2743975467643208900_gz_arcsinh_vis_y.jpg"",""disk-edge-on_yes_fraction"":""0.97021484""}","{""0"":""https://panoptes-uploads.zooniverse.org/subject_location/fbc24129-79a1-4930-812c-c81bd722bedd.jpeg"",""1"":""https://panoptes-uploads.zooniverse.org/subject_location/5a6b788d-8a30-4b5a-a11d-9913c01635f6.jpeg""}",0,,,2026-02-13 08:23:38 UTC,2026-02-13 08:23:38 UTC
117539132,31802,31221,134321,"{""redshift"":""0.2899999916553497"",""object_id"":""2645647462672870575"",""contour_image"":""102160055_2645647462672870575_gz_arcsinh_vis_y_contour.jpg"",""original_image"":""102160055_2645647462672870575_gz_arcsinh_vis_y.jpg"",""disk-edge-on_yes_fraction"":""0.9013672""}","{""0"":""https://panoptes-uploads.zooniverse.org/subject_location/e8030610-2703-4859-a35c-78488a0520c3.jpeg"",""1"":""https://panoptes-uploads.zooniverse.org/subject_location/4c54e9e7-3d9a-4905-ad32-148ba08062a9.jpeg""}",0,,,2026-02-13 08:23:38 UTC,2026-02-13 08:23:38 UTC
117539133,31802,31221,134321,"{""redshift"":""0.0700000002980232"",""object_id"":""2650183485676844625"",""contour_image"":""102160055_2650183485676844625_gz_arcsinh_vis_y_contour.jpg"",""original_image"":""102160055_2650183485676844625_gz_arcsinh_vis_y.jpg"",""disk-edge-on_yes_fraction"":""0.9345703""}","{""0"":""https://panoptes-uploads.zooniverse.org/subject_location/73eea1ce-933a-492c-aae7-0204ed310d3b.jpeg"",""1"":""https://panoptes-uploads.zooniverse.org/subject_location/76f0d47d-110d-41b7-b3c0-1244cb20bd14.jpeg""}",0,,,2026-02-13 08:23:39 UTC,2026-02-13 08:23:39 UTC
117539134,31802,31221,134321,"{""redshift"":""0.25"",""object_id"":""-619380355499997875"",""contour_image"":""102019593_NEG619380355499997875_gz_arcsinh_vis_y_contour.jpg"",""original_image"":""102019593_NEG619380355499997875_gz_arcsinh_vis_y.jpg"",""disk-edge-on_yes_fraction"":""0.8442383""}","{""0"":""https://panoptes-uploads.zooniverse.org/subject_location/0d54880c-c87d-465a-bfb9-373b4202d446.jpeg"",""1"":""https://panoptes-uploads.zooniverse.org/subject_location/c1dbc036-8f7c-4d0a-b51e-5e3736f2cc4c.jpeg""}",0,,,2026-02-13 08:23:39 UTC,2026-02-13 08:23:39 UTC
117539135,31802,31221,134321,"{""redshift"":""0.25"",""object_id"":""2658010088668135852"",""contour_image"":""102159772_2658010088668135852_gz_arcsinh_vis_y_contour.jpg"",""original_image"":""102159772_2658010088668135852_gz_arcsinh_vis_y.jpg"",""disk-edge-on_yes_fraction"":""0.9746094""}","{""0"":""https://panoptes-uploads.zooniverse.org/subject_location/18a29f3a-da89-4af0-8669-dd35393fe45f.jpeg"",""1"":""https://panoptes-uploads.zooniverse.org/subject_location/d6a953a6-e130-490e-829f-db30c91e8e4f.jpeg""}",0,,,2026-02-13 08:23:40 UTC,2026-02-13 08:23:40 UTC
117539136,31802,31221,134321,"{""redshift"":""0.1700000017881393"",""object_id"":""2673450063644851008"",""contour_image"":""102158271_2673450063644851008_gz_arcsinh_vis_y_contour.jpg"",""original_image"":""102158271_2673450063644851008_gz_arcsinh_vis_y.jpg"",""disk-edge-on_yes_fraction"":""0.9794922""}","{""0"":""https://panoptes-uploads.zooniverse.org/subject_location/b9d67ea7-0a58-48bc-8eba-7a00470ad913.jpeg"",""1"":""https://panoptes-uploads.zooniverse.org/subject_location/1b0d912f-314e-4d25-9580-35e917a5ca23.jpeg""}",0,,,2026-02-13 08:23:40 UTC,2026-02-13 08:23:40 UTC
117539137,31802,31221,134321,"{""redshift"":""0.270000010728836"",""object_id"":""-547195252294635858"",""contour_image"":""102042288_NEG547195252294635858_gz_arcsinh_vis_y_contour.jpg"",""original_image"":""102042288_NEG547195252294635858_gz_arcsinh_vis_y.jpg"",""disk-edge-on_yes_fraction"":""0.8881836""}","{""0"":""https://panoptes-uploads.zooniverse.org/subject_location/eeb2dec0-dadd-4d3b-9415-ad40851ecfb4.jpeg"",""1"":""https://panoptes-uploads.zooniverse.org/subject_location/1cd50140-13b9-4c2d-a311-7cc6087496d6.jpeg""}",0,,,2026-02-13 08:23:41 UTC,2026-02-13 08:23:41 UTC
117539138,31802,31221,134321,"{""redshift"":""0.1199999973177909"",""object_id"":""-531669030267167602"",""contour_image"":""102046113_NEG531669030267167602_gz_arcsinh_vis_y_contour.jpg"",""original_image"":""102046113_NEG531669030267167602_gz_arcsinh_vis_y.jpg"",""disk-edge-on_yes_fraction"":""0.9169922""}","{""0"":""https://panoptes-uploads.zooniverse.org/subject_location/fdc252d6-034a-4a99-b5fb-def6fc794316.jpeg"",""1"":""https://panoptes-uploads.zooniverse.org/subject_location/ac3d1d13-d9a9-4740-97c3-0fffc4236223.jpeg""}",0,,,2026-02-13 08:23:41 UTC,2026-02-13 08:23:41 UTC
117539139,31802,31221,134321,"{""redshift"":""0.0700000002980232"",""object_id"":""2702802531655421385"",""contour_image"":""102158891_2702802531655421385_gz_arcsinh_vis_y_contour.jpg"",""original_image"":""102158891_2702802531655421385_gz_arcsinh_vis_y.jpg"",""disk-edge-on_yes_fraction"":""0.9741211""}","{""0"":""https://panoptes-uploads.zooniverse.org/subject_location/4844dd69-0e3b-464f-a05b-40ad70e79b08.jpeg"",""1"":""https://panoptes-uploads.zooniverse.org/subject_location/386743f1-c899-4cd1-8a93-701b63c39279.jpeg""}",0,,,2026-02-13 08:23:42 UTC,2026-02-13 08:23:42 UTC
117539140,31802,31221,134321,"{""redshift"":""0.2599999904632568"",""object_id"":""-590038965471741338"",""contour_image"":""102022474_NEG590038965471741338_gz_arcsinh_vis_y_contour.jpg"",""original_image"":""102022474_NEG590038965471741338_gz_arcsinh_vis_y.jpg"",""disk-edge-on_yes_fraction"":""0.86035156""}","{""0"":""https://panoptes-uploads.zooniverse.org/subject_location/75541c09-47b9-4144-a4a7-798f7e891278.jpeg"",""1"":""https://panoptes-uploads.zooniverse.org/subject_location/efa87140-d04a-44de-8d2a-c1afdfcebbfe.jpeg""}",0,,,2026-02-13 08:23:42 UTC,2026-02-13 08:23:42 UTC
117539141,31802,31221,134321,"{""redshift"":""0.2000000029802322"",""object_id"":""-563500000490871272"",""contour_image"":""102020529_NEG563500000490871272_gz_arcsinh_vis_y_contour.jpg"",""original_image"":""102020529_NEG563500000490871272_gz_arcsinh_vis_y.jpg"",""disk-edge-on_yes_fraction"":""0.9868164""}","{""0"":""https://panoptes-uploads.zooniverse.org/subject_location/e9bcd108-a2b6-4941-8fb7-6856de1700e1.jpeg"",""1"":""https://panoptes-uploads.zooniverse.org/subject_location/c6d49851-5361-49bd-8a84-7fb762f9aaaa.jpeg""}",0,,,2026-02-13 08:23:43 UTC,2026-02-13 08:23:43 UTC
117539142,31802,31221,134321,"{""redshift"":""0.209999993443489"",""object_id"":""-605876361471768737"",""contour_image"":""102022476_NEG605876361471768737_gz_arcsinh_vis_y_contour.jpg"",""original_image"":""102022476_NEG605876361471768737_gz_arcsinh_vis_y.jpg"",""disk-edge-on_yes_fraction"":""0.9711914""}","{""0"":""https://panoptes-uploads.zooniverse.org/subject_location/f2fbec7e-04e8-4d19-ae5f-9103e8fe8ac7.jpeg"",""1"":""https://panoptes-uploads.zooniverse.org/subject_location/fc57ac05-a4cd-475b-be08-1b28e814f0ff.jpeg""}",0,,,2026-02-13 08:23:43 UTC,2026-02-13 08:23:43 UTC
117539143,31802,31221,134321,"{""redshift"":""0.1500000059604644"",""object_id"":""-597995393499573906"",""contour_image"":""102019591_NEG597995393499573906_gz_arcsinh_vis_y_contour.jpg"",""original_image"":""102019591_NEG597995393499573906_gz_arcsinh_vis_y.jpg"",""disk-edge-on_yes_fraction"":""0.8359375""}","{""0"":""https://panoptes-uploads.zooniverse.org/subject_location/c98f6298-17a2-451d-bfe4-35c8bc75b297.jpeg"",""1"":""https://panoptes-uploads.zooniverse.org/subject_location/d6c9febd-a039-4a9a-ad72-0018b896f3bf.jpeg""}",0,,,2026-02-13 08:23:44 UTC,2026-02-13 08:23:44 UTC
117539144,31802,31221,134321,"{""redshift"":""0.0599999986588954"",""object_id"":""-636539892494480560"",""contour_image"":""102020065_NEG636539892494480560_gz_arcsinh_vis_y_contour.jpg"",""original_image"":""102020065_NEG636539892494480560_gz_arcsinh_vis_y.jpg"",""disk-edge-on_yes_fraction"":""0.94921875""}","{""0"":""https://panoptes-uploads.zooniverse.org/subject_location/8e10f378-4a6b-422f-89fc-33919b3bdaab.jpeg"",""1"":""https://panoptes-uploads.zooniverse.org/subject_location/f18f95ed-bbd1-431b-9885-46c72b61d235.jpeg""}",0,,,2026-02-13 08:23:44 UTC,2026-02-13 08:23:44 UTC
117539145,31802,31221,134321,"{""redshift"":""0.2300000041723251"",""object_id"":""2687122533661374955"",""contour_image"":""102159191_2687122533661374955_gz_arcsinh_vis_y_contour.jpg"",""original_image"":""102159191_2687122533661374955_gz_arcsinh_vis_y.jpg"",""disk-edge-on_yes_fraction"":""0.98583984""}","{""0"":""https://panoptes-uploads.zooniverse.org/subject_location/77e4ea35-8d7f-4635-a9fa-5acdbe4f4b3e.jpeg"",""1"":""https://panoptes-uploads.zooniverse.org/subject_location/c9be2066-a9c1-4b66-8a99-f8d36ffa45ee.jpeg""}",0,,,2026-02-13 08:23:45 UTC,2026-02-13 08:23:45 UTC
117539146,31802,31221,134321,"{""redshift"":""0.1599999964237213"",""object_id"":""-530757113279751924"",""contour_image"":""102044185_NEG530757113279751924_gz_arcsinh_vis_y_contour.jpg"",""original_image"":""102044185_NEG530757113279751924_gz_arcsinh_vis_y.jpg"",""disk-edge-on_yes_fraction"":""0.9863281""}","{""0"":""https://panoptes-uploads.zooniverse.org/subject_location/b9fd0a3c-5e31-4b4d-99b5-0daa64e52b2a.jpeg"",""1"":""https://panoptes-uploads.zooniverse.org/subject_location/8a3670a2-fd45-45c5-92ef-7edd33cb7a11.jpeg""}",0,,,2026-02-13 08:23:45 UTC,2026-02-13 08:23:45 UTC
117539147,31802,31221,134321,"{""redshift"":""0.2399999946355819"",""object_id"":""-593307626485393197"",""contour_image"":""102021011_NEG593307626485393197_gz_arcsinh_vis_y_contour.jpg"",""original_image"":""102021011_NEG593307626485393197_gz_arcsinh_vis_y.jpg"",""disk-edge-on_yes_fraction"":""0.97216797""}","{""0"":""https://panoptes-uploads.zooniverse.org/subject_location/d91f5258-1572-4678-a69a-57109eef01e3.jpeg"",""1"":""https://panoptes-uploads.zooniverse.org/subject_location/e54ba5d6-67fa-40a1-bf25-d7e568a83a1d.jpeg""}",0,,,2026-02-13 08:23:46 UTC,2026-02-13 08:23:46 UTC
117539148,31802,31221,134321,"{""redshift"":""0.209999993443489"",""object_id"":""2704466514667662685"",""contour_image"":""102159776_2704466514667662685_gz_arcsinh_vis_y_contour.jpg"",""original_image"":""102159776_2704466514667662685_gz_arcsinh_vis_y.jpg"",""disk-edge-on_yes_fraction"":""0.84228516""}","{""0"":""https://panoptes-uploads.zooniverse.org/subject_location/65b6de3a-3177-41a0-95aa-4c2ddb5f10c8.jpeg"",""1"":""https://panoptes-uploads.zooniverse.org/subject_location/e91c9ef2-8198-4d39-bc9d-b464c71739e9.jpeg""}",0,,,2026-02-13 08:23:46 UTC,2026-02-13 08:23:46 UTC
117539149,31802,31221,134321,"{""redshift"":""0.0799999982118606"",""object_id"":""2665344801640411973"",""contour_image"":""102157953_2665344801640411973_gz_arcsinh_vis_y_contour.jpg"",""original_image"":""102157953_2665344801640411973_gz_arcsinh_vis_y.jpg"",""disk-edge-on_yes_fraction"":""0.97802734""}","{""0"":""https://panoptes-uploads.zooniverse.org/subject_location/eff59139-ec25-4792-9c4c-740b53231cb9.jpeg"",""1"":""https://panoptes-uploads.zooniverse.org/subject_location/c8691012-12d5-4d73-b181-f7f8e8b572ca.jpeg""}",0,,,2026-02-13 08:23:47 UTC,2026-02-13 08:23:47 UTC
117539150,31802,31221,134321,"{""redshift"":""0.2000000029802322"",""object_id"":""2692356708662211526"",""contour_image"":""102159191_2692356708662211526_gz_arcsinh_vis_y_contour.jpg"",""original_image"":""102159191_2692356708662211526_gz_arcsinh_vis_y.jpg"",""disk-edge-on_yes_fraction"":""0.97558594""}","{""0"":""https://panoptes-uploads.zooniverse.org/subject_location/68f55fca-15b9-4c75-a5ed-5baa3a6df18f.jpeg"",""1"":""https://panoptes-uploads.zooniverse.org/subject_location/5d1da44c-8b89-4dac-b0cf-f18dda18f4b8.jpeg""}",0,,,2026-02-13 08:23:47 UTC,2026-02-13 08:23:47 UTC
117539151,31802,31221,134321,"{""redshift"":""0.1800000071525573"",""object_id"":""-653071343471709820"",""contour_image"":""102022483_NEG653071343471709820_gz_arcsinh_vis_y_contour.jpg"",""original_image"":""102022483_NEG653071343471709820_gz_arcsinh_vis_y.jpg"",""disk-edge-on_yes_fraction"":""0.9760742""}","{""0"":""https://panoptes-uploads.zooniverse.org/subject_location/116a0a05-acff-4f4d-bb08-efeb4de458cd.jpeg"",""1"":""https://panoptes-uploads.zooniverse.org/subject_location/dd679101-3ae6-412d-92f3-31706798be60.jpeg""}",0,,,2026-02-13 08:23:48 UTC,2026-02-13 08:23:48 UTC
117539152,31802,31221,134321,"{""redshift"":""0.2399999946355819"",""object_id"":""2649732689653659956"",""contour_image"":""102158887_2649732689653659956_gz_arcsinh_vis_y_contour.jpg"",""original_image"":""102158887_2649732689653659956_gz_arcsinh_vis_y.jpg"",""disk-edge-on_yes_fraction"":""0.98095703""}","{""0"":""https://panoptes-uploads.zooniverse.org/subject_location/931ecab1-e28a-441d-b70b-4017a2e65bc3.jpeg"",""1"":""https://panoptes-uploads.zooniverse.org/subject_location/38bfd669-1a11-4471-9aef-323c4ce8072f.jpeg""}",0,,,2026-02-13 08:23:48 UTC,2026-02-13 08:23:48 UTC
117539153,31802,31221,134321,"{""redshift"":""0.050000000745058"",""object_id"":""2703136297672780092"",""contour_image"":""102160059_2703136297672780092_gz_arcsinh_vis_y_contour.jpg"",""original_image"":""102160059_2703136297672780092_gz_arcsinh_vis_y.jpg"",""disk-edge-on_yes_fraction"":""0.95458984""}","{""0"":""https://panoptes-uploads.zooniverse.org/subject_location/6c69887f-f350-46c6-bdf1-911fe1a0af18.jpeg"",""1"":""https://panoptes-uploads.zooniverse.org/subject_location/4a31a042-fcd3-47c5-bf10-ea0ffff18647.jpeg""}",0,,,2026-02-13 08:23:49 UTC,2026-02-13 08:23:49 UTC
117539154,31802,31221,134321,"{""redshift"":""0.1099999994039535"",""object_id"":""2745101466674848370"",""contour_image"":""102160063_2745101466674848370_gz_arcsinh_vis_y_contour.jpg"",""original_image"":""102160063_2745101466674848370_gz_arcsinh_vis_y.jpg"",""disk-edge-on_yes_fraction"":""0.9707031""}","{""0"":""https://panoptes-uploads.zooniverse.org/subject_location/ec01f6e0-ebbd-4678-98eb-153811111325.jpeg"",""1"":""https://panoptes-uploads.zooniverse.org/subject_location/fd70a9ef-916a-4331-b2ba-1cc6ea9f8a86.jpeg""}",0,,,2026-02-13 08:23:49 UTC,2026-02-13 08:23:49 UTC
117539155,31802,31221,134321,"{""redshift"":""0.2000000029802322"",""object_id"":""-529381563272771770"",""contour_image"":""102044824_NEG529381563272771770_gz_arcsinh_vis_y_contour.jpg"",""original_image"":""102044824_NEG529381563272771770_gz_arcsinh_vis_y.jpg"",""disk-edge-on_yes_fraction"":""0.9243164""}","{""0"":""https://panoptes-uploads.zooniverse.org/subject_location/a682c297-a0cc-409e-9431-eecb3bdd810e.jpeg"",""1"":""https://panoptes-uploads.zooniverse.org/subject_location/8fcc4cd6-5926-4cbf-b52a-ee1115394b71.jpeg""}",0,,,2026-02-13 08:23:50 UTC,2026-02-13 08:23:50 UTC
117539156,31802,31221,134321,"{""redshift"":""0.25"",""object_id"":""2655548022673353118"",""contour_image"":""102160056_2655548022673353118_gz_arcsinh_vis_y_contour.jpg"",""original_image"":""102160056_2655548022673353118_gz_arcsinh_vis_y.jpg"",""disk-edge-on_yes_fraction"":""0.97216797""}","{""0"":""https://panoptes-uploads.zooniverse.org/subject_location/5d26f110-3703-4d18-9f75-af2984463c8f.jpeg"",""1"":""https://panoptes-uploads.zooniverse.org/subject_location/355280c0-650b-4440-892a-89e0dfd9c326.jpeg""}",0,,,2026-02-13 08:23:50 UTC,2026-02-13 08:23:50 UTC
117539157,31802,31221,134321,"{""redshift"":""0.209999993443489"",""object_id"":""-532871589265773457"",""contour_image"":""102046113_NEG532871589265773457_gz_arcsinh_vis_y_contour.jpg"",""original_image"":""102046113_NEG532871589265773457_gz_arcsinh_vis_y.jpg"",""disk-edge-on_yes_fraction"":""0.9814453""}","{""0"":""https://panoptes-uploads.zooniverse.org/subject_location/4b0bb5c1-baef-4a7d-95b3-b0f376357ac0.jpeg"",""1"":""https://panoptes-uploads.zooniverse.org/subject_location/1bdc02d8-945f-47d8-86e8-e055998296c2.jpeg""}",0,,,2026-02-13 08:23:51 UTC,2026-02-13 08:23:51 UTC
117539158,31802,31221,134321,"{""redshift"":""0.0799999982118606"",""object_id"":""2655717791662725165"",""contour_image"":""102159483_2655717791662725165_gz_arcsinh_vis_y_contour.jpg"",""original_image"":""102159483_2655717791662725165_gz_arcsinh_vis_y.jpg"",""disk-edge-on_yes_fraction"":""0.9848633""}","{""0"":""https://panoptes-uploads.zooniverse.org/subject_location/f442c566-f534-4ede-999e-0b39e89d9519.jpeg"",""1"":""https://panoptes-uploads.zooniverse.org/subject_location/6c59a970-a3ea-4c3e-a238-eee9ac896e9a.jpeg""}",0,,,2026-02-13 08:23:51 UTC,2026-02-13 08:23:51 UTC
117539159,31802,31221,134321,"{""redshift"":""0.2300000041723251"",""object_id"":""-610698604463958239"",""contour_image"":""102022974_NEG610698604463958239_gz_arcsinh_vis_y_contour.jpg"",""original_image"":""102022974_NEG610698604463958239_gz_arcsinh_vis_y.jpg"",""disk-edge-on_yes_fraction"":""0.98535156""}","{""0"":""https://panoptes-uploads.zooniverse.org/subject_location/40854539-e6f4-4f23-94ac-3fc7d0e26053.jpeg"",""1"":""https://panoptes-uploads.zooniverse.org/subject_location/7ea699a8-e533-4ca2-8217-f0cf1f38b117.jpeg""}",0,,,2026-02-13 08:23:52 UTC,2026-02-13 08:23:52 UTC
117539160,31802,31221,134321,"{""redshift"":""0.1500000059604644"",""object_id"":""2677328826674115636"",""contour_image"":""102160057_2677328826674115636_gz_arcsinh_vis_y_contour.jpg"",""original_image"":""102160057_2677328826674115636_gz_arcsinh_vis_y.jpg"",""disk-edge-on_yes_fraction"":""0.8496094""}","{""0"":""https://panoptes-uploads.zooniverse.org/subject_location/58c6fe34-fd63-4342-bc30-6cd2a21ea19d.jpeg"",""1"":""https://panoptes-uploads.zooniverse.org/subject_location/b4ccd377-ac00-440d-9f42-9ee4d1dae92d.jpeg""}",0,,,2026-02-13 08:23:52 UTC,2026-02-13 08:23:52 UTC
117539161,31802,31221,134321,"{""redshift"":""0.209999993443489"",""object_id"":""-619629766474705319"",""contour_image"":""102021986_NEG619629766474705319_gz_arcsinh_vis_y_contour.jpg"",""original_image"":""102021986_NEG619629766474705319_gz_arcsinh_vis_y.jpg"",""disk-edge-on_yes_fraction"":""0.9746094""}","{""0"":""https://panoptes-uploads.zooniverse.org/subject_location/dd2f7e09-5721-4e9a-b65d-5c789e49b70d.jpeg"",""1"":""https://panoptes-uploads.zooniverse.org/subject_location/e31055c4-c689-44ab-8674-609a47922cf7.jpeg""}",0,,,2026-02-13 08:23:53 UTC,2026-02-13 08:23:53 UTC
117539162,31802,31221,134321,"{""redshift"":""0.2300000041723251"",""object_id"":""-534392638277330025"",""contour_image"":""102044825_NEG534392638277330025_gz_arcsinh_vis_y_contour.jpg"",""original_image"":""102044825_NEG534392638277330025_gz_arcsinh_vis_y.jpg"",""disk-edge-on_yes_fraction"":""0.98291016""}","{""0"":""https://panoptes-uploads.zooniverse.org/subject_location/77230b1e-b421-4dfd-94ac-de758987b0ff.jpeg"",""1"":""https://panoptes-uploads.zooniverse.org/subject_location/4bc791da-a5bd-41fd-99c8-c915097b14fa.jpeg""}",0,,,2026-02-13 08:23:53 UTC,2026-02-13 08:23:53 UTC
117539163,31802,31221,134321,"{""redshift"":""0.1599999964237213"",""object_id"":""2744712114663476578"",""contour_image"":""102159490_2744712114663476578_gz_arcsinh_vis_y_contour.jpg"",""original_image"":""102159490_2744712114663476578_gz_arcsinh_vis_y.jpg"",""disk-edge-on_yes_fraction"":""0.8876953""}","{""0"":""https://panoptes-uploads.zooniverse.org/subject_location/9072ddbe-5e73-42d4-8d24-93806650ebd6.jpeg"",""1"":""https://panoptes-uploads.zooniverse.org/subject_location/83908497-8054-4de4-9118-417b8fc0e540.jpeg""}",0,,,2026-02-13 08:23:54 UTC,2026-02-13 08:23:54 UTC
117539164,31802,31221,134321,"{""redshift"":""0.209999993443489"",""object_id"":""-601657989469284225"",""contour_image"":""102022476_NEG601657989469284225_gz_arcsinh_vis_y_contour.jpg"",""original_image"":""102022476_NEG601657989469284225_gz_arcsinh_vis_y.jpg"",""disk-edge-on_yes_fraction"":""0.9316406""}","{""0"":""https://panoptes-uploads.zooniverse.org/subject_location/18568ad3-ca59-476f-936c-b6d33dac8694.jpeg"",""1"":""https://panoptes-uploads.zooniverse.org/subject_location/350a11b6-fa9a-4e5c-a374-152c250c3f3f.jpeg""}",0,,,2026-02-13 08:23:54 UTC,2026-02-13 08:23:54 UTC
117539165,31802,31221,134321,"{""redshift"":""0.1400000005960464"",""object_id"":""2749439747667587213"",""contour_image"":""102159779_2749439747667587213_gz_arcsinh_vis_y_contour.jpg"",""original_image"":""102159779_2749439747667587213_gz_arcsinh_vis_y.jpg"",""disk-edge-on_yes_fraction"":""0.98046875""}","{""0"":""https://panoptes-uploads.zooniverse.org/subject_location/1db0bb59-3bc3-4f9f-9fde-c27d887bca2c.jpeg"",""1"":""https://panoptes-uploads.zooniverse.org/subject_location/570f22fc-8e37-4169-a6c1-5ca50ce50977.jpeg""}",0,,,2026-02-13 08:23:55 UTC,2026-02-13 08:23:55 UTC
117539166,31802,31221,134321,"{""redshift"":""0.25"",""object_id"":""-541310790288654979"",""contour_image"":""102042917_NEG541310790288654979_gz_arcsinh_vis_y_contour.jpg"",""original_image"":""102042917_NEG541310790288654979_gz_arcsinh_vis_y.jpg"",""disk-edge-on_yes_fraction"":""0.8100586""}","{""0"":""https://panoptes-uploads.zooniverse.org/subject_location/bbc88912-2f30-44b4-8e0e-0a1b7be16b0b.jpeg"",""1"":""https://panoptes-uploads.zooniverse.org/subject_location/3aeb5904-f7ed-4a22-a309-e9ab3d188cfe.jpeg""}",0,,,2026-02-13 08:23:55 UTC,2026-02-13 08:23:55 UTC
117539167,31802,31221,134321,"{""redshift"":""0.1800000071525573"",""object_id"":""-577433750500111936"",""contour_image"":""102019588_NEG577433750500111936_gz_arcsinh_vis_y_contour.jpg"",""original_image"":""102019588_NEG577433750500111936_gz_arcsinh_vis_y.jpg"",""disk-edge-on_yes_fraction"":""0.87402344""}","{""0"":""https://panoptes-uploads.zooniverse.org/subject_location/b577673d-28d2-4b62-b2c1-fe38ce2fb5bd.jpeg"",""1"":""https://panoptes-uploads.zooniverse.org/subject_location/3f14866d-a15d-4b37-9afd-8a9b7014ea8e.jpeg""}",0,,,2026-02-13 08:23:56 UTC,2026-02-13 08:23:56 UTC
117539168,31802,31221,134321,"{""redshift"":""0.0799999982118606"",""object_id"":""2664764991649596662"",""contour_image"":""102158582_2664764991649596662_gz_arcsinh_vis_y_contour.jpg"",""original_image"":""102158582_2664764991649596662_gz_arcsinh_vis_y.jpg"",""disk-edge-on_yes_fraction"":""0.88378906""}","{""0"":""https://panoptes-uploads.zooniverse.org/subject_location/63c7a408-af33-424b-b746-46f68e870513.jpeg"",""1"":""https://panoptes-uploads.zooniverse.org/subject_location/d2939061-e176-4a3b-afb1-18ad775b7095.jpeg""}",0,,,2026-02-13 08:23:56 UTC,2026-02-13 08:23:56 UTC
117539169,31802,31221,134321,"{""redshift"":""0.2599999904632568"",""object_id"":""-586623181507901601"",""contour_image"":""102018667_NEG586623181507901601_gz_arcsinh_vis_y_contour.jpg"",""original_image"":""102018667_NEG586623181507901601_gz_arcsinh_vis_y.jpg"",""disk-edge-on_yes_fraction"":""0.98583984""}","{""0"":""https://panoptes-uploads.zooniverse.org/subject_location/98a159f0-7a11-4705-b785-519aee0995a8.jpeg"",""1"":""https://panoptes-uploads.zooniverse.org/subject_location/bb704245-94d1-4ad1-b420-9a7638b9234d.jpeg""}",0,,,2026-02-13 08:23:57 UTC,2026-02-13 08:23:57 UTC
117539170,31802,31221,134321,"{""redshift"":""0.1800000071525573"",""object_id"":""2760512289657444332"",""contour_image"":""102158896_2760512289657444332_gz_arcsinh_vis_y_contour.jpg"",""original_image"":""102158896_2760512289657444332_gz_arcsinh_vis_y.jpg"",""disk-edge-on_yes_fraction"":""0.9824219""}","{""0"":""https://panoptes-uploads.zooniverse.org/subject_location/8d9afe14-80ba-4057-9098-d8b818a6d878.jpeg"",""1"":""https://panoptes-uploads.zooniverse.org/subject_location/f23b1c11-1150-4dbc-a068-aabd6e27d3d4.jpeg""}",0,,,2026-02-13 08:23:57 UTC,2026-02-13 08:23:57 UTC
117539171,31802,31221,134321,"{""redshift"":""0.209999993443489"",""object_id"":""-541090785273345464"",""contour_image"":""102044826_NEG541090785273345464_gz_arcsinh_vis_y_contour.jpg"",""original_image"":""102044826_NEG541090785273345464_gz_arcsinh_vis_y.jpg"",""disk-edge-on_yes_fraction"":""0.95751953""}","{""0"":""https://panoptes-uploads.zooniverse.org/subject_location/34060c34-a66b-4937-ab2f-7fde7cebe1c0.jpeg"",""1"":""https://panoptes-uploads.zooniverse.org/subject_location/920ff242-3216-4a5f-943c-a9e7ec5eec63.jpeg""}",0,,,2026-02-13 08:23:58 UTC,2026-02-13 08:23:58 UTC
117539172,31802,31221,134321,"{""redshift"":""0.2199999988079071"",""object_id"":""-535873802259984763"",""contour_image"":""102046762_NEG535873802259984763_gz_arcsinh_vis_y_contour.jpg"",""original_image"":""102046762_NEG535873802259984763_gz_arcsinh_vis_y.jpg"",""disk-edge-on_yes_fraction"":""0.97216797""}","{""0"":""https://panoptes-uploads.zooniverse.org/subject_location/e4245b91-0da6-4f3f-99f7-fff73cffd81a.jpeg"",""1"":""https://panoptes-uploads.zooniverse.org/subject_location/9daae4a5-17a4-468a-bbef-e6efcd50d5b0.jpeg""}",0,,,2026-02-13 08:23:58 UTC,2026-02-13 08:23:58 UTC
117539173,31802,31221,134321,"{""redshift"":""0.1800000071525573"",""object_id"":""-619838147465818232"",""contour_image"":""102022975_NEG619838147465818232_gz_arcsinh_vis_y_contour.jpg"",""original_image"":""102022975_NEG619838147465818232_gz_arcsinh_vis_y.jpg"",""disk-edge-on_yes_fraction"":""0.88671875""}","{""0"":""https://panoptes-uploads.zooniverse.org/subject_location/5c6ff2a0-e2c3-4777-ab47-e41bd6256a88.jpeg"",""1"":""https://panoptes-uploads.zooniverse.org/subject_location/b5b67617-f9e1-4637-a081-d984b83cb370.jpeg""}",0,,,2026-02-13 08:23:59 UTC,2026-02-13 08:23:59 UTC
117539174,31802,31221,134321,"{""redshift"":""0.0599999986588954"",""object_id"":""2703568696656647591"",""contour_image"":""102158892_2703568696656647591_gz_arcsinh_vis_y_contour.jpg"",""original_image"":""102158892_2703568696656647591_gz_arcsinh_vis_y.jpg"",""disk-edge-on_yes_fraction"":""0.89453125""}","{""0"":""https://panoptes-uploads.zooniverse.org/subject_location/291eef5c-5803-4338-a927-6363420bfe0d.jpeg"",""1"":""https://panoptes-uploads.zooniverse.org/subject_location/d93b03fb-6c55-4409-80ae-a384dff0a167.jpeg""}",0,,,2026-02-13 08:23:59 UTC,2026-02-13 08:23:59 UTC
117539175,31802,31221,134321,"{""redshift"":""0.25"",""object_id"":""-563456408487197078"",""contour_image"":""102021007_NEG563456408487197078_gz_arcsinh_vis_y_contour.jpg"",""original_image"":""102021007_NEG563456408487197078_gz_arcsinh_vis_y.jpg"",""disk-edge-on_yes_fraction"":""0.98095703""}","{""0"":""https://panoptes-uploads.zooniverse.org/subject_location/d40ef2e9-2948-4075-b766-2b682f774728.jpeg"",""1"":""https://panoptes-uploads.zooniverse.org/subject_location/ffc97cd4-94d0-4179-a43a-196f48c2915c.jpeg""}",0,,,2026-02-13 08:24:00 UTC,2026-02-13 08:24:00 UTC
117539176,31802,31221,134321,"{""redshift"":""0.2899999916553497"",""object_id"":""-545294375292927729"",""contour_image"":""102042287_NEG545294375292927729_gz_arcsinh_vis_y_contour.jpg"",""original_image"":""102042287_NEG545294375292927729_gz_arcsinh_vis_y.jpg"",""disk-edge-on_yes_fraction"":""0.97558594""}","{""0"":""https://panoptes-uploads.zooniverse.org/subject_location/dc567f66-eb43-4aad-bab1-327519ea26b9.jpeg"",""1"":""https://panoptes-uploads.zooniverse.org/subject_location/d86e9ab2-7894-40df-aca5-fe06d5586c46.jpeg""}",0,,,2026-02-13 08:24:00 UTC,2026-02-13 08:24:00 UTC
117539177,31802,31221,134321,"{""redshift"":""0.2000000029802322"",""object_id"":""2748284660672014656"",""contour_image"":""102159779_2748284660672014656_gz_arcsinh_vis_y_contour.jpg"",""original_image"":""102159779_2748284660672014656_gz_arcsinh_vis_y.jpg"",""disk-edge-on_yes_fraction"":""0.88378906""}","{""0"":""https://panoptes-uploads.zooniverse.org/subject_location/5b147aac-4df1-499e-9395-f95911db9d40.jpeg"",""1"":""https://panoptes-uploads.zooniverse.org/subject_location/14c29fcc-f601-4c9b-a313-35e971b612ef.jpeg""}",0,,,2026-02-13 08:24:01 UTC,2026-02-13 08:24:01 UTC
117539178,31802,31221,134321,"{""redshift"":""0.1800000071525573"",""object_id"":""-636245440477570980"",""contour_image"":""102021500_NEG636245440477570980_gz_arcsinh_vis_y_contour.jpg"",""original_image"":""102021500_NEG636245440477570980_gz_arcsinh_vis_y.jpg"",""disk-edge-on_yes_fraction"":""0.9785156""}","{""0"":""https://panoptes-uploads.zooniverse.org/subject_location/de1037c9-6c77-4741-829c-8afa2837babd.jpeg"",""1"":""https://panoptes-uploads.zooniverse.org/subject_location/b23dcd91-c86a-4a02-af1c-757436421890.jpeg""}",0,,,2026-02-13 08:24:01 UTC,2026-02-13 08:24:01 UTC
117539179,31802,31221,134321,"{""redshift"":""0.1500000059604644"",""object_id"":""2655528788657212260"",""contour_image"":""102158887_2655528788657212260_gz_arcsinh_vis_y_contour.jpg"",""original_image"":""102158887_2655528788657212260_gz_arcsinh_vis_y.jpg"",""disk-edge-on_yes_fraction"":""0.9794922""}","{""0"":""https://panoptes-uploads.zooniverse.org/subject_location/a590f9d7-0c2c-4a6a-9ea0-5067826e7e51.jpeg"",""1"":""https://panoptes-uploads.zooniverse.org/subject_location/8934d9d1-6626-4e27-808d-08f097c7c1be.jpeg""}",0,,,2026-02-13 08:24:02 UTC,2026-02-13 08:24:02 UTC
117539180,31802,31221,134321,"{""redshift"":""0.1099999994039535"",""object_id"":""-623489294500181564"",""contour_image"":""102019594_NEG623489294500181564_gz_arcsinh_vis_y_contour.jpg"",""original_image"":""102019594_NEG623489294500181564_gz_arcsinh_vis_y.jpg"",""disk-edge-on_yes_fraction"":""0.9838867""}","{""0"":""https://panoptes-uploads.zooniverse.org/subject_location/76a6ad52-97ca-490f-8fbc-c71efd6ace9a.jpeg"",""1"":""https://panoptes-uploads.zooniverse.org/subject_location/a107f628-f8f2-4641-bec6-280a526c0fc1.jpeg""}",0,,,2026-02-13 08:24:02 UTC,2026-02-13 08:24:02 UTC
117539181,31802,31221,134321,"{""redshift"":""0.2599999904632568"",""object_id"":""2697592275652549743"",""contour_image"":""102158891_2697592275652549743_gz_arcsinh_vis_y_contour.jpg"",""original_image"":""102158891_2697592275652549743_gz_arcsinh_vis_y.jpg"",""disk-edge-on_yes_fraction"":""0.96777344""}","{""0"":""https://panoptes-uploads.zooniverse.org/subject_location/1349dfbd-6184-4d89-8e60-e65701b93775.jpeg"",""1"":""https://panoptes-uploads.zooniverse.org/subject_location/7987e942-114e-44a4-bf4d-2b1c137ab17b.jpeg""}",0,,,2026-02-13 08:24:03 UTC,2026-02-13 08:24:03 UTC
117539182,31802,31221,134321,"{""redshift"":""0.1299999952316284"",""object_id"":""2667721380634071472"",""contour_image"":""102157630_2667721380634071472_gz_arcsinh_vis_y_contour.jpg"",""original_image"":""102157630_2667721380634071472_gz_arcsinh_vis_y.jpg"",""disk-edge-on_yes_fraction"":""0.95947266""}","{""0"":""https://panoptes-uploads.zooniverse.org/subject_location/1344ab87-8a70-43ef-be50-fcbd5db9494e.jpeg"",""1"":""https://panoptes-uploads.zooniverse.org/subject_location/cdaf77a8-751c-49bf-bc53-4a69040d36f6.jpeg""}",0,,,2026-02-13 08:24:04 UTC,2026-02-13 08:24:04 UTC
117539183,31802,31221,134321,"{""redshift"":""0.1899999976158142"",""object_id"":""-560124866496933580"",""contour_image"":""102020054_NEG560124866496933580_gz_arcsinh_vis_y_contour.jpg"",""original_image"":""102020054_NEG560124866496933580_gz_arcsinh_vis_y.jpg"",""disk-edge-on_yes_fraction"":""0.984375""}","{""0"":""https://panoptes-uploads.zooniverse.org/subject_location/9cf3d06c-40e7-4023-9071-351591faa6eb.jpeg"",""1"":""https://panoptes-uploads.zooniverse.org/subject_location/e540067e-570c-4180-b1a2-4ba1b9b86541.jpeg""}",0,,,2026-02-13 08:24:04 UTC,2026-02-13 08:24:04 UTC
117539184,31802,31221,134321,"{""redshift"":""0.1599999964237213"",""object_id"":""-639669906464384470"",""contour_image"":""102022978_NEG639669906464384470_gz_arcsinh_vis_y_contour.jpg"",""original_image"":""102022978_NEG639669906464384470_gz_arcsinh_vis_y.jpg"",""disk-edge-on_yes_fraction"":""0.9448242""}","{""0"":""https://panoptes-uploads.zooniverse.org/subject_location/8b54c99e-3789-467e-b113-a635657849ea.jpeg"",""1"":""https://panoptes-uploads.zooniverse.org/subject_location/eaedd706-c678-4aa9-b20d-0c46023241a5.jpeg""}",0,,,2026-02-13 08:24:05 UTC,2026-02-13 08:24:05 UTC
117539185,31802,31221,134321,"{""redshift"":""0.2599999904632568"",""object_id"":""2646951949665028106"",""contour_image"":""102159482_2646951949665028106_gz_arcsinh_vis_y_contour.jpg"",""original_image"":""102159482_2646951949665028106_gz_arcsinh_vis_y.jpg"",""disk-edge-on_yes_fraction"":""0.9736328""}","{""0"":""https://panoptes-uploads.zooniverse.org/subject_location/4b84e4e4-e1a2-4fac-98d0-f7b43b0b8596.jpeg"",""1"":""https://panoptes-uploads.zooniverse.org/subject_location/233c5980-a5e8-4ac6-a501-f36deacece43.jpeg""}",0,,,2026-02-13 08:24:06 UTC,2026-02-13 08:24:06 UTC
117539186,31802,31221,134321,"{""redshift"":""0.1500000059604644"",""object_id"":""-587815475480535622"",""contour_image"":""102021493_NEG587815475480535622_gz_arcsinh_vis_y_contour.jpg"",""original_image"":""102021493_NEG587815475480535622_gz_arcsinh_vis_y.jpg"",""disk-edge-on_yes_fraction"":""0.8198242""}","{""0"":""https://panoptes-uploads.zooniverse.org/subject_location/1ddca7f6-937c-49db-b116-ff7e59cab39c.jpeg"",""1"":""https://panoptes-uploads.zooniverse.org/subject_location/d53dee93-d5c2-4a1f-9f9d-a23fe2054966.jpeg""}",0,,,2026-02-13 08:24:06 UTC,2026-02-13 08:24:06 UTC
117539187,31802,31221,134321,"{""redshift"":""0.1899999976158142"",""object_id"":""-593589000496801121"",""contour_image"":""102020059_NEG593589000496801121_gz_arcsinh_vis_y_contour.jpg"",""original_image"":""102020059_NEG593589000496801121_gz_arcsinh_vis_y.jpg"",""disk-edge-on_yes_fraction"":""0.9819336""}","{""0"":""https://panoptes-uploads.zooniverse.org/subject_location/05e9d1c6-9fb4-419e-a4d8-038f753810c2.jpeg"",""1"":""https://panoptes-uploads.zooniverse.org/subject_location/d4d4f7c0-2b77-411b-950b-7001b4736474.jpeg""}",0,,,2026-02-13 08:24:07 UTC,2026-02-13 08:24:07 UTC
117539188,31802,31221,134321,"{""redshift"":""0.1800000071525573"",""object_id"":""-654075529474417222"",""contour_image"":""102021990_NEG654075529474417222_gz_arcsinh_vis_y_contour.jpg"",""original_image"":""102021990_NEG654075529474417222_gz_arcsinh_vis_y.jpg"",""disk-edge-on_yes_fraction"":""0.9511719""}","{""0"":""https://panoptes-uploads.zooniverse.org/subject_location/57cf474c-551e-4456-a9c5-09c04f2df7de.jpeg"",""1"":""https://panoptes-uploads.zooniverse.org/subject_location/ff6702b4-b25b-46aa-a0f2-abe3b38536e6.jpeg""}",0,,,2026-02-13 08:24:07 UTC,2026-02-13 08:24:07 UTC
117539189,31802,31221,134321,"{""redshift"":""0.1599999964237213"",""object_id"":""-604850399467600891"",""contour_image"":""102022476_NEG604850399467600891_gz_arcsinh_vis_y_contour.jpg"",""original_image"":""102022476_NEG604850399467600891_gz_arcsinh_vis_y.jpg"",""disk-edge-on_yes_fraction"":""0.97216797""}","{""0"":""https://panoptes-uploads.zooniverse.org/subject_location/2436013a-dcdb-47e6-9d77-eb77f0a6e74e.jpeg"",""1"":""https://panoptes-uploads.zooniverse.org/subject_location/f87e7f90-a9cc-4019-bbba-ea82a3e53803.jpeg""}",0,,,2026-02-13 08:24:08 UTC,2026-02-13 08:24:08 UTC
117539190,31802,31221,134321,"{""redshift"":""0.2399999946355819"",""object_id"":""2685801885666271708"",""contour_image"":""102159485_2685801885666271708_gz_arcsinh_vis_y_contour.jpg"",""original_image"":""102159485_2685801885666271708_gz_arcsinh_vis_y.jpg"",""disk-edge-on_yes_fraction"":""0.8823242""}","{""0"":""https://panoptes-uploads.zooniverse.org/subject_location/99423103-dd24-4580-a444-9e033d19eb47.jpeg"",""1"":""https://panoptes-uploads.zooniverse.org/subject_location/0e72f85d-f522-4b41-b35d-aeed5aceef18.jpeg""}",0,,,2026-02-13 08:24:08 UTC,2026-02-13 08:24:08 UTC
117539191,31802,31221,134321,"{""redshift"":""0.1599999964237213"",""object_id"":""2702904840648483763"",""contour_image"":""102158586_2702904840648483763_gz_arcsinh_vis_y_contour.jpg"",""original_image"":""102158586_2702904840648483763_gz_arcsinh_vis_y.jpg"",""disk-edge-on_yes_fraction"":""0.96728516""}","{""0"":""https://panoptes-uploads.zooniverse.org/subject_location/c1958de2-708c-44ae-a021-2ab41816f316.jpeg"",""1"":""https://panoptes-uploads.zooniverse.org/subject_location/4238a0de-8039-4d9d-b3f7-a675fef21f8c.jpeg""}",0,,,2026-02-13 08:24:09 UTC,2026-02-13 08:24:09 UTC
